<?xml version="1.0" encoding="UTF-8"?>
<kml xmlns="http://www.opengis.net/kml/2.2" xmlns:gx="http://www.google.com/kml/ext/2.2">
    <Document id="1">
        <Placemark id="3">
            <name>Kirchgasse</name>
            <description>Tiefe: 30–50 cm</description>
            <Point id="2">
                <coordinates>8.186615805878798,49.408075547498896,0.0</coordinates>
            </Point>
        </Placemark>
        <Placemark id="5">
            <name>Weinstraße</name>
            <description>Tiefe: 30–50 cm</description>
            <Point id="4">
                <coordinates>8.187353541288878,49.40801190547819,0.0</coordinates>
            </Point>
        </Placemark>
        <Placemark id="7">
            <name>An der Eselshaut</name>
            <description>Tiefe: 50–100 cm</description>
            <Point id="6">
                <coordinates>8.174994472697765,49.376064019222234,0.0</coordinates>
            </Point>
        </Placemark>
        <Placemark id="9">
            <name>An der Eselshaut</name>
            <description>Tiefe: 50–100 cm</description>
            <Point id="8">
                <coordinates>8.17326033316786,49.36946867204105,0.0</coordinates>
            </Point>
        </Placemark>
        <Placemark id="11">
            <name>Breitenweg</name>
            <description>Tiefe: 50–100 cm</description>
            <Point id="10">
                <coordinates>8.176147704108288,49.36888022898624,0.0</coordinates>
            </Point>
        </Placemark>
        <Placemark id="13">
            <name>An der Eselshaut</name>
            <description>Tiefe: 50–100 cm</description>
            <Point id="12">
                <coordinates>8.174480574683203,49.36931553140058,0.0</coordinates>
            </Point>
        </Placemark>
        <Placemark id="15">
            <name>Hermann-Löns-Straße</name>
            <description>Tiefe: 30–50 cm</description>
            <Point id="14">
                <coordinates>8.172127094411135,49.36622528888127,0.0</coordinates>
            </Point>
        </Placemark>
        <Placemark id="17">
            <name>Zum Ordenswald</name>
            <description>Tiefe: 50–100 cm</description>
            <Point id="16">
                <coordinates>8.1729303,49.3639173,0.0</coordinates>
            </Point>
        </Placemark>
        <Placemark id="19">
            <name>Zum Ordenswald</name>
            <description>Tiefe: 50–100 cm</description>
            <Point id="18">
                <coordinates>8.172620938861384,49.36492452793356,0.0</coordinates>
            </Point>
        </Placemark>
        <Placemark id="21">
            <name>Zum Ordenswald</name>
            <description>Tiefe: 50–100 cm</description>
            <Point id="20">
                <coordinates>8.17282875,49.363296950000006,0.0</coordinates>
            </Point>
        </Placemark>
        <Placemark id="23">
            <name>Zum Ordenswald</name>
            <description>Tiefe: 50–100 cm</description>
            <Point id="22">
                <coordinates>8.1726961,49.362405550000005,0.0</coordinates>
            </Point>
        </Placemark>
        <Placemark id="25">
            <name>Uhlandstraße</name>
            <description>Tiefe: 30–50 cm</description>
            <Point id="24">
                <coordinates>8.17337615,49.3627803,0.0</coordinates>
            </Point>
        </Placemark>
        <Placemark id="27">
            <name>Branchweilerhofstraße</name>
            <description>Tiefe: 50–100 cm</description>
            <Point id="26">
                <coordinates>8.17240266444404,49.35683982002582,0.0</coordinates>
            </Point>
        </Placemark>
        <Placemark id="29">
            <name>Branchweilerhofstraße</name>
            <description>Tiefe: 50–100 cm</description>
            <Point id="28">
                <coordinates>8.173891118084805,49.357091641027374,0.0</coordinates>
            </Point>
        </Placemark>
        <Placemark id="31">
            <name>Branchweilerhofstraße</name>
            <description>Tiefe: 50–100 cm</description>
            <Point id="30">
                <coordinates>8.17363191294085,49.35442949379736,0.0</coordinates>
            </Point>
        </Placemark>
        <Placemark id="33">
            <name>Branchweilerhofstraße</name>
            <description>Tiefe: 50–100 cm</description>
            <Point id="32">
                <coordinates>8.173493167484736,49.35228553912332,0.0</coordinates>
            </Point>
        </Placemark>
        <Placemark id="35">
            <name>Branchweilerhofstraße</name>
            <description>Tiefe: 50–100 cm</description>
            <Point id="34">
                <coordinates>8.172374365021403,49.35137434447951,0.0</coordinates>
            </Point>
        </Placemark>
        <Placemark id="37">
            <name>Nachtweide</name>
            <description>Tiefe: 30–50 cm</description>
            <Point id="36">
                <coordinates>8.17464934778626,49.35098305051603,0.0</coordinates>
            </Point>
        </Placemark>
        <Placemark id="39">
            <name>Nachtweide</name>
            <description>Tiefe: 30–50 cm</description>
            <Point id="38">
                <coordinates>8.176633035831523,49.35027781798057,0.0</coordinates>
            </Point>
        </Placemark>
        <Placemark id="41">
            <name>Nachtweide</name>
            <description>Tiefe: 30–50 cm</description>
            <Point id="40">
                <coordinates>8.175982586938204,49.34986573274087,0.0</coordinates>
            </Point>
        </Placemark>
        <Placemark id="43">
            <name>Nachtweide</name>
            <description>Tiefe: 30–50 cm</description>
            <Point id="42">
                <coordinates>8.17464934778626,49.35098305051603,0.0</coordinates>
            </Point>
        </Placemark>
        <Placemark id="45">
            <name>Dudostraße</name>
            <description>Tiefe: 30–50 cm</description>
            <Point id="44">
                <coordinates>8.203784144577273,49.299393842819136,0.0</coordinates>
            </Point>
        </Placemark>
        <Placemark id="47">
            <name>Flugplatzstraße</name>
            <description>Tiefe: 50–100 cm</description>
            <Point id="46">
                <coordinates>8.2030618,49.33506115,0.0</coordinates>
            </Point>
        </Placemark>
        <Placemark id="49">
            <name>Flugplatzstraße</name>
            <description>Tiefe: 50–100 cm</description>
            <Point id="48">
                <coordinates>8.202120020625145,49.33349000435423,0.0</coordinates>
            </Point>
        </Placemark>
        <Placemark id="51">
            <name>Mußbacher Landstraße</name>
            <description>Tiefe: 30–50 cm</description>
            <Point id="50">
                <coordinates>8.15243209059905,49.36058281250515,0.0</coordinates>
            </Point>
        </Placemark>
        <Placemark id="53">
            <name>Mußbacher Landstraße</name>
            <description>Tiefe: 30–50 cm</description>
            <Point id="52">
                <coordinates>8.15243209059905,49.36058281250515,0.0</coordinates>
            </Point>
        </Placemark>
        <Placemark id="55">
            <name>Mußbacher Landstraße</name>
            <description>Tiefe: 30–50 cm</description>
            <Point id="54">
                <coordinates>8.151039633804581,49.359580364177745,0.0</coordinates>
            </Point>
        </Placemark>
        <Placemark id="57">
            <name>Martin-Luther-Straße</name>
            <description>Tiefe: 50–100 cm</description>
            <Point id="56">
                <coordinates>8.151681221724619,49.359518507997734,0.0</coordinates>
            </Point>
        </Placemark>
        <Placemark id="59">
            <name>Martin-Luther-Straße</name>
            <description>Tiefe: 50–100 cm</description>
            <Point id="58">
                <coordinates>8.15223675,49.35360745,0.0</coordinates>
            </Point>
        </Placemark>
        <Placemark id="61">
            <name>Branchweilerhofstraße</name>
            <description>Tiefe: 50–100 cm</description>
            <Point id="60">
                <coordinates>8.153134926383723,49.35326362567146,0.0</coordinates>
            </Point>
        </Placemark>
        <Placemark id="63">
            <name>Martin-Luther-Straße</name>
            <description>Tiefe: 50–100 cm</description>
            <Point id="62">
                <coordinates>8.152243412537828,49.35328141671029,0.0</coordinates>
            </Point>
        </Placemark>
        <Placemark id="65">
            <name>Winzinger Straße</name>
            <description>Tiefe: 30–50 cm</description>
            <Point id="64">
                <coordinates>8.1512918,49.35066245,0.0</coordinates>
            </Point>
        </Placemark>
        <Placemark id="67">
            <name>Martin-Luther-Straße</name>
            <description>Tiefe: 50–100 cm</description>
            <Point id="66">
                <coordinates>8.151159811556527,49.35082362533082,0.0</coordinates>
            </Point>
        </Placemark>
        <Placemark id="69">
            <name>Martin-Luther-Straße</name>
            <description>Tiefe: 50–100 cm</description>
            <Point id="68">
                <coordinates>8.151210595890667,49.35086192874675,0.0</coordinates>
            </Point>
        </Placemark>
        <Placemark id="71">
            <name>Winzinger Straße</name>
            <description>Tiefe: 30–50 cm</description>
            <Point id="70">
                <coordinates>8.151940509909291,49.34900110388661,0.0</coordinates>
            </Point>
        </Placemark>
        <Placemark id="73">
            <name>Winzinger Straße</name>
            <description>Tiefe: 30–50 cm</description>
            <Point id="72">
                <coordinates>8.1516891874927,49.35020655856144,0.0</coordinates>
            </Point>
        </Placemark>
        <Placemark id="75">
            <name>Spitalbachstraße</name>
            <description>Tiefe: 50–100 cm</description>
            <Point id="74">
                <coordinates>8.152321141476984,49.34975759497478,0.0</coordinates>
            </Point>
        </Placemark>
        <Placemark id="77">
            <name>Winzinger Straße</name>
            <description>Tiefe: 30–50 cm</description>
            <Point id="76">
                <coordinates>8.151346900700315,49.34790746689797,0.0</coordinates>
            </Point>
        </Placemark>
        <Placemark id="79">
            <name>Winzinger Straße</name>
            <description>Tiefe: 30–50 cm</description>
            <Point id="78">
                <coordinates>8.151940509909291,49.34900110388661,0.0</coordinates>
            </Point>
        </Placemark>
        <Placemark id="81">
            <name>Landauer Straße</name>
            <description>Tiefe: 30–50 cm</description>
            <Point id="80">
                <coordinates>8.152868767318038,49.345325977193994,0.0</coordinates>
            </Point>
        </Placemark>
        <Placemark id="83">
            <name>Lachener Straße</name>
            <description>Tiefe: 50–100 cm</description>
            <Point id="82">
                <coordinates>8.152949294780782,49.34524173291773,0.0</coordinates>
            </Point>
        </Placemark>
        <Placemark id="85">
            <name>Landauer Straße</name>
            <description>Tiefe: 30–50 cm</description>
            <Point id="84">
                <coordinates>8.152338425215563,49.34417263198419,0.0</coordinates>
            </Point>
        </Placemark>
        <Placemark id="87">
            <name>Landauer Straße</name>
            <description>Tiefe: 30–50 cm</description>
            <Point id="86">
                <coordinates>8.150845270651237,49.33922444974755,0.0</coordinates>
            </Point>
        </Placemark>
        <Placemark id="89">
            <name>Marktstraße</name>
            <description>Tiefe: 50–100 cm</description>
            <Point id="88">
                <coordinates>8.1691818,49.295560699999996,0.0</coordinates>
            </Point>
        </Placemark>
        <Placemark id="91">
            <name>Marktstraße</name>
            <description>Tiefe: 50–100 cm</description>
            <Point id="90">
                <coordinates>8.168211679225019,49.297089041556774,0.0</coordinates>
            </Point>
        </Placemark>
        <Placemark id="93">
            <name>Marktstraße</name>
            <description>Tiefe: 50–100 cm</description>
            <Point id="92">
                <coordinates>8.16719779191127,49.29844358297743,0.0</coordinates>
            </Point>
        </Placemark>
        <Placemark id="95">
            <name>Marktstraße</name>
            <description>Tiefe: 50–100 cm</description>
            <Point id="94">
                <coordinates>8.168211679225019,49.297089041556774,0.0</coordinates>
            </Point>
        </Placemark>
        <Placemark id="97">
            <name>Marktstraße</name>
            <description>Tiefe: 50–100 cm</description>
            <Point id="96">
                <coordinates>8.16719779191127,49.29844358297743,0.0</coordinates>
            </Point>
        </Placemark>
        <Placemark id="99">
            <name>Marktstraße</name>
            <description>Tiefe: 50–100 cm</description>
            <Point id="98">
                <coordinates>8.167010051593287,49.29907646727299,0.0</coordinates>
            </Point>
        </Placemark>
        <Placemark id="101">
            <name>Marktstraße</name>
            <description>Tiefe: 50–100 cm</description>
            <Point id="100">
                <coordinates>8.1668849,49.29942345,0.0</coordinates>
            </Point>
        </Placemark>
        <Placemark id="103">
            <name>Marktstraße</name>
            <description>Tiefe: 50–100 cm</description>
            <Point id="102">
                <coordinates>8.167010051593287,49.29907646727299,0.0</coordinates>
            </Point>
        </Placemark>
        <Placemark id="105">
            <name>Marktstraße</name>
            <description>Tiefe: 50–100 cm</description>
            <Point id="104">
                <coordinates>8.1668849,49.29942345,0.0</coordinates>
            </Point>
        </Placemark>
        <Placemark id="107">
            <name>Marktstraße</name>
            <description>Tiefe: 50–100 cm</description>
            <Point id="106">
                <coordinates>8.16674976154196,49.29984845872932,0.0</coordinates>
            </Point>
        </Placemark>
        <Placemark id="109">
            <name>Wohlfeil</name>
            <description>Tiefe: 50–100 cm</description>
            <Point id="108">
                <coordinates>8.166843065189859,49.30023388972741,0.0</coordinates>
            </Point>
        </Placemark>
        <Placemark id="111">
            <name>Marktstraße</name>
            <description>Tiefe: 50–100 cm</description>
            <Point id="110">
                <coordinates>8.166626718304132,49.30074203712181,0.0</coordinates>
            </Point>
        </Placemark>
        <Placemark id="113">
            <name>Marktstraße</name>
            <description>Tiefe: 50–100 cm</description>
            <Point id="112">
                <coordinates>8.16674976154196,49.29984845872932,0.0</coordinates>
            </Point>
        </Placemark>
        <Placemark id="115">
            <name>Marktstraße</name>
            <description>Tiefe: 50–100 cm</description>
            <Point id="114">
                <coordinates>8.166125739987223,49.30126908965847,0.0</coordinates>
            </Point>
        </Placemark>
        <Placemark id="117">
            <name>Marktstraße</name>
            <description>Tiefe: 50–100 cm</description>
            <Point id="116">
                <coordinates>8.166626718304132,49.30074203712181,0.0</coordinates>
            </Point>
        </Placemark>
        <Placemark id="119">
            <name>Neugasse</name>
            <description>Tiefe: 30–50 cm</description>
            <Point id="118">
                <coordinates>8.165304952948112,49.301520669765246,0.0</coordinates>
            </Point>
        </Placemark>
        <Placemark id="121">
            <name>Marktstraße</name>
            <description>Tiefe: 50–100 cm</description>
            <Point id="120">
                <coordinates>8.165999159424013,49.30176608481928,0.0</coordinates>
            </Point>
        </Placemark>
        <Placemark id="123">
            <name>Marktstraße</name>
            <description>Tiefe: 50–100 cm</description>
            <Point id="122">
                <coordinates>8.166125739987223,49.30126908965847,0.0</coordinates>
            </Point>
        </Placemark>
        <Placemark id="125">
            <name>Friedhofstraße</name>
            <description>Tiefe: 30–50 cm</description>
            <Point id="124">
                <coordinates>8.166057282557063,49.302165812787116,0.0</coordinates>
            </Point>
        </Placemark>
        <Placemark id="127">
            <name>Marktstraße</name>
            <description>Tiefe: 50–100 cm</description>
            <Point id="126">
                <coordinates>8.165999159424013,49.30176608481928,0.0</coordinates>
            </Point>
        </Placemark>
        <Placemark id="129">
            <name>Hauptstraße</name>
            <description>Tiefe: 30–50 cm</description>
            <Point id="128">
                <coordinates>8.165242863046243,49.302065644053435,0.0</coordinates>
            </Point>
        </Placemark>
        <Placemark id="131">
            <name>Friedhofstraße</name>
            <description>Tiefe: 30–50 cm</description>
            <Point id="130">
                <coordinates>8.184036786998744,49.30250325120495,0.0</coordinates>
            </Point>
        </Placemark>
        <Placemark id="133">
            <name>Friedhofstraße</name>
            <description>Tiefe: 30–50 cm</description>
            <Point id="132">
                <coordinates>8.166175541770034,49.30332863284464,0.0</coordinates>
            </Point>
        </Placemark>
        <Placemark id="135">
            <name>Friedhofstraße</name>
            <description>Tiefe: 30–50 cm</description>
            <Point id="134">
                <coordinates>8.166175779234363,49.30283457924901,0.0</coordinates>
            </Point>
        </Placemark>
        <Placemark id="137">
            <name>Friedhofstraße</name>
            <description>Tiefe: 30–50 cm</description>
            <Point id="136">
                <coordinates>8.165973696274927,49.30378342527218,0.0</coordinates>
            </Point>
        </Placemark>
        <Placemark id="139">
            <name>Brühlweg</name>
            <description>Tiefe: 30–50 cm</description>
            <Point id="138">
                <coordinates>8.167834635768294,49.30029519695859,0.0</coordinates>
            </Point>
        </Placemark>
        <Placemark id="141">
            <name>Wohlfeil</name>
            <description>Tiefe: 50–100 cm</description>
            <Point id="140">
                <coordinates>8.167630875089179,49.30103214164017,0.0</coordinates>
            </Point>
        </Placemark>
        <Placemark id="143">
            <name>Wohlfeil</name>
            <description>Tiefe: 50–100 cm</description>
            <Point id="142">
                <coordinates>8.166843065189859,49.30023388972741,0.0</coordinates>
            </Point>
        </Placemark>
        <Placemark id="145">
            <name>Kirchstraße</name>
            <description>Tiefe: 50–100 cm</description>
            <Point id="144">
                <coordinates>8.1646018,49.301322549999995,0.0</coordinates>
            </Point>
        </Placemark>
        <Placemark id="147">
            <name>Kirchstraße</name>
            <description>Tiefe: 50–100 cm</description>
            <Point id="146">
                <coordinates>8.164535064723486,49.301823640651996,0.0</coordinates>
            </Point>
        </Placemark>
        <Placemark id="149">
            <name>Neugasse</name>
            <description>Tiefe: 30–50 cm</description>
            <Point id="148">
                <coordinates>8.165304952948112,49.301520669765246,0.0</coordinates>
            </Point>
        </Placemark>
        <Placemark id="151">
            <name>Kirchstraße</name>
            <description>Tiefe: 50–100 cm</description>
            <Point id="150">
                <coordinates>8.1646018,49.301322549999995,0.0</coordinates>
            </Point>
        </Placemark>
        <Placemark id="153">
            <name>Kirchstraße</name>
            <description>Tiefe: 50–100 cm</description>
            <Point id="152">
                <coordinates>8.1646329,49.30105985,0.0</coordinates>
            </Point>
        </Placemark>
        <Placemark id="155">
            <name>Kirchstraße</name>
            <description>Tiefe: 50–100 cm</description>
            <Point id="154">
                <coordinates>8.1646329,49.30105985,0.0</coordinates>
            </Point>
        </Placemark>
        <Placemark id="157">
            <name>Kirchstraße</name>
            <description>Tiefe: 50–100 cm</description>
            <Point id="156">
                <coordinates>8.165140841085263,49.300884669369815,0.0</coordinates>
            </Point>
        </Placemark>
        <Placemark id="159">
            <name>Kirchstraße</name>
            <description>Tiefe: 50–100 cm</description>
            <Point id="158">
                <coordinates>8.164648457902894,49.30071754832865,0.0</coordinates>
            </Point>
        </Placemark>
        <Placemark id="161">
            <name>Kirchstraße</name>
            <description>Tiefe: 50–100 cm</description>
            <Point id="160">
                <coordinates>8.165140841085263,49.300884669369815,0.0</coordinates>
            </Point>
        </Placemark>
        <Placemark id="163">
            <name>Kirchstraße</name>
            <description>Tiefe: 50–100 cm</description>
            <Point id="162">
                <coordinates>8.164648457902894,49.30071754832865,0.0</coordinates>
            </Point>
        </Placemark>
        <Placemark id="165">
            <name>Gartenstraße</name>
            <description>Tiefe: 50–100 cm</description>
            <Point id="164">
                <coordinates>8.160597023508473,49.30141981761478,0.0</coordinates>
            </Point>
        </Placemark>
        <Placemark id="167">
            <name>Hauptstraße</name>
            <description>Tiefe: 30–50 cm</description>
            <Point id="166">
                <coordinates>8.1613569,49.3023497,0.0</coordinates>
            </Point>
        </Placemark>
        <Placemark id="169">
            <name>Hauptstraße</name>
            <description>Tiefe: 30–50 cm</description>
            <Point id="168">
                <coordinates>8.160477754008587,49.30242663170381,0.0</coordinates>
            </Point>
        </Placemark>
        <Placemark id="171">
            <name>Hauptstraße</name>
            <description>Tiefe: 30–50 cm</description>
            <Point id="170">
                <coordinates>8.15941602667732,49.30266337181236,0.0</coordinates>
            </Point>
        </Placemark>
        <Placemark id="173">
            <name>Hauptstraße</name>
            <description>Tiefe: 30–50 cm</description>
            <Point id="172">
                <coordinates>8.155196923991486,49.30375875363424,0.0</coordinates>
            </Point>
        </Placemark>
        <Placemark id="175">
            <name>Hauptstraße</name>
            <description>Tiefe: 30–50 cm</description>
            <Point id="174">
                <coordinates>8.150539349999999,49.3047909,0.0</coordinates>
            </Point>
        </Placemark>
        <Placemark id="177">
            <name>Hauptstraße</name>
            <description>Tiefe: 30–50 cm</description>
            <Point id="176">
                <coordinates>8.155196923991486,49.30375875363424,0.0</coordinates>
            </Point>
        </Placemark>
        <Placemark id="179">
            <name>Raiffeisenstraße</name>
            <description>Tiefe: 50–100 cm</description>
            <Point id="178">
                <coordinates>8.1512669156615,49.3057392073465,0.0</coordinates>
            </Point>
        </Placemark>
        <Placemark id="181">
            <name>Hauptstraße</name>
            <description>Tiefe: 30–50 cm</description>
            <Point id="180">
                <coordinates>8.14958365,49.30499855,0.0</coordinates>
            </Point>
        </Placemark>
        <Placemark id="183">
            <name>Hauptstraße</name>
            <description>Tiefe: 30–50 cm</description>
            <Point id="182">
                <coordinates>8.150539349999999,49.3047909,0.0</coordinates>
            </Point>
        </Placemark>
        <Placemark id="185">
            <name>Bordmühlweg</name>
            <description>Tiefe: 30–50 cm</description>
            <Point id="184">
                <coordinates>8.149546966756235,49.304903031977815,0.0</coordinates>
            </Point>
        </Placemark>
        <Placemark id="187">
            <name>Hauptstraße</name>
            <description>Tiefe: 30–50 cm</description>
            <Point id="186">
                <coordinates>8.146803,49.3056574,0.0</coordinates>
            </Point>
        </Placemark>
        <Placemark id="189">
            <name>Am Bahnhof</name>
            <description>Tiefe: 30–50 cm</description>
            <Point id="188">
                <coordinates>8.146682755700493,49.30470990329282,0.0</coordinates>
            </Point>
        </Placemark>
        <Placemark id="191">
            <name>Hauptstraße</name>
            <description>Tiefe: 30–50 cm</description>
            <Point id="190">
                <coordinates>8.147080495570705,49.3055971795632,0.0</coordinates>
            </Point>
        </Placemark>
        <Placemark id="193">
            <name>Von-Hutten-Straße</name>
            <description>Tiefe: 30–50 cm</description>
            <Point id="192">
                <coordinates>8.158484807276974,49.30123196396598,0.0</coordinates>
            </Point>
        </Placemark>
        <Placemark id="195">
            <name>Gartenstraße</name>
            <description>Tiefe: 50–100 cm</description>
            <Point id="194">
                <coordinates>8.1590239964724,49.30139548131478,0.0</coordinates>
            </Point>
        </Placemark>
        <Placemark id="197">
            <name>Gartenstraße</name>
            <description>Tiefe: 50–100 cm</description>
            <Point id="196">
                <coordinates>8.158016522149719,49.30176759186696,0.0</coordinates>
            </Point>
        </Placemark>
        <Placemark id="199">
            <name>Gartenstraße</name>
            <description>Tiefe: 50–100 cm</description>
            <Point id="198">
                <coordinates>8.157017866686841,49.3021372274106,0.0</coordinates>
            </Point>
        </Placemark>
        <Placemark id="201">
            <name>Bahnhofstraße</name>
            <description>Tiefe: 30–50 cm</description>
            <Point id="200">
                <coordinates>8.13469585,49.30660585,0.0</coordinates>
            </Point>
        </Placemark>
        <Placemark id="203">
            <name>Raiffeisenstraße</name>
            <description>Tiefe: 50–100 cm</description>
            <Point id="202">
                <coordinates>8.135565314839065,49.306930458429974,0.0</coordinates>
            </Point>
        </Placemark>
        <Placemark id="205">
            <name>Bahnhofstraße</name>
            <description>Tiefe: 30–50 cm</description>
            <Point id="204">
                <coordinates>8.136010773122353,49.306556502100065,0.0</coordinates>
            </Point>
        </Placemark>
        <Placemark id="207">
            <name>Weinstraße Nord</name>
            <description>Tiefe: 50–100 cm</description>
            <Point id="206">
                <coordinates>8.133968047611997,49.30768401622244,0.0</coordinates>
            </Point>
        </Placemark>
        <Placemark id="209">
            <name>Bahnhofstraße</name>
            <description>Tiefe: 30–50 cm</description>
            <Point id="208">
                <coordinates>8.134143017499547,49.30663939810744,0.0</coordinates>
            </Point>
        </Placemark>
        <Placemark id="211">
            <name>Weinstraße Nord</name>
            <description>Tiefe: 50–100 cm</description>
            <Point id="210">
                <coordinates>8.133215323739607,49.306368752629055,0.0</coordinates>
            </Point>
        </Placemark>
        <Placemark id="213">
            <name>Weinstraße</name>
            <description>Tiefe: 30–50 cm</description>
            <Point id="212">
                <coordinates>8.135566979162897,49.3139819067566,0.0</coordinates>
            </Point>
        </Placemark>
        <Placemark id="215">
            <name>Weinstraße</name>
            <description>Tiefe: 30–50 cm</description>
            <Point id="214">
                <coordinates>8.134532026233416,49.30967081317303,0.0</coordinates>
            </Point>
        </Placemark>
        <Placemark id="217">
            <name>Weinstraße</name>
            <description>Tiefe: 30–50 cm</description>
            <Point id="216">
                <coordinates>8.135626267867694,49.321499736327446,0.0</coordinates>
            </Point>
        </Placemark>
        <Placemark id="219">
            <name>Weinstraße</name>
            <description>Tiefe: 30–50 cm</description>
            <Point id="218">
                <coordinates>8.136018112896497,49.32113806599653,0.0</coordinates>
            </Point>
        </Placemark>
        <Placemark id="221">
            <name>Kreuzstraße</name>
            <description>Tiefe: 30–50 cm</description>
            <Point id="220">
                <coordinates>8.136196530332777,49.32124059571957,0.0</coordinates>
            </Point>
        </Placemark>
        <Placemark id="223">
            <name>Heerstraße</name>
            <description>Tiefe: 50–100 cm</description>
            <Point id="222">
                <coordinates>8.134579183771114,49.322381601146034,0.0</coordinates>
            </Point>
        </Placemark>
        <Placemark id="225">
            <name>Weinstraße</name>
            <description>Tiefe: 30–50 cm</description>
            <Point id="224">
                <coordinates>8.135531638627029,49.321998475235766,0.0</coordinates>
            </Point>
        </Placemark>
        <Placemark id="227">
            <name>Weinstraße</name>
            <description>Tiefe: 30–50 cm</description>
            <Point id="226">
                <coordinates>8.135626267867694,49.321499736327446,0.0</coordinates>
            </Point>
        </Placemark>
        <Placemark id="229">
            <name>Weinstraße</name>
            <description>Tiefe: 30–50 cm</description>
            <Point id="228">
                <coordinates>8.135708293222418,49.32226667605593,0.0</coordinates>
            </Point>
        </Placemark>
        <Placemark id="231">
            <name>Remigiusstraße</name>
            <description>Tiefe: 50–100 cm</description>
            <Point id="230">
                <coordinates>8.137322543488603,49.321912212881365,0.0</coordinates>
            </Point>
        </Placemark>
        <Placemark id="233">
            <name>Weinstraße</name>
            <description>Tiefe: 30–50 cm</description>
            <Point id="232">
                <coordinates>8.135531638627029,49.321998475235766,0.0</coordinates>
            </Point>
        </Placemark>
        <Placemark id="235">
            <name>Weinstraße</name>
            <description>Tiefe: 30–50 cm</description>
            <Point id="234">
                <coordinates>8.136021849999999,49.323938049999995,0.0</coordinates>
            </Point>
        </Placemark>
        <Placemark id="237">
            <name>Weinstraße</name>
            <description>Tiefe: 30–50 cm</description>
            <Point id="236">
                <coordinates>8.135963975542293,49.323519838595274,0.0</coordinates>
            </Point>
        </Placemark>
        <Placemark id="239">
            <name>Weinstraße</name>
            <description>Tiefe: 30–50 cm</description>
            <Point id="238">
                <coordinates>8.1360157,49.3242997,0.0</coordinates>
            </Point>
        </Placemark>
        <Placemark id="241">
            <name>Weinstraße</name>
            <description>Tiefe: 30–50 cm</description>
            <Point id="240">
                <coordinates>8.136021849999999,49.323938049999995,0.0</coordinates>
            </Point>
        </Placemark>
        <Placemark id="243">
            <name>Weinstraße</name>
            <description>Tiefe: 30–50 cm</description>
            <Point id="242">
                <coordinates>8.132278600036742,49.329312473960506,0.0</coordinates>
            </Point>
        </Placemark>
        <Placemark id="245">
            <name>Mittelhambacher Straße</name>
            <description>Tiefe: 50–100 cm</description>
            <Point id="244">
                <coordinates>8.134526443210168,49.329591021844095,0.0</coordinates>
            </Point>
        </Placemark>
        <Placemark id="247">
            <name>Weinstraße</name>
            <description>Tiefe: 30–50 cm</description>
            <Point id="246">
                <coordinates>8.133944748544419,49.329036555020544,0.0</coordinates>
            </Point>
        </Placemark>
        <Placemark id="249">
            <name>Diedesfelder Weg</name>
            <description>Tiefe: 30–50 cm</description>
            <Point id="248">
                <coordinates>8.135042014704492,49.33121948759269,0.0</coordinates>
            </Point>
        </Placemark>
        <Placemark id="251">
            <name>Mittelhambacher Straße</name>
            <description>Tiefe: 50–100 cm</description>
            <Point id="250">
                <coordinates>8.138846541908814,49.330032300558365,0.0</coordinates>
            </Point>
        </Placemark>
        <Placemark id="253">
            <name>Mittelhambacher Straße</name>
            <description>Tiefe: 50–100 cm</description>
            <Point id="252">
                <coordinates>8.134526443210168,49.329591021844095,0.0</coordinates>
            </Point>
        </Placemark>
        <Placemark id="255">
            <name>Horstweg</name>
            <description>Tiefe: 30–50 cm</description>
            <Point id="254">
                <coordinates>8.138541184136328,49.332037923295324,0.0</coordinates>
            </Point>
        </Placemark>
        <Placemark id="257">
            <name>Mittelhambacher Straße</name>
            <description>Tiefe: 50–100 cm</description>
            <Point id="256">
                <coordinates>8.147123448862018,49.32996529723398,0.0</coordinates>
            </Point>
        </Placemark>
        <Placemark id="259">
            <name>Mittelhambacher Straße</name>
            <description>Tiefe: 50–100 cm</description>
            <Point id="258">
                <coordinates>8.138846541908814,49.330032300558365,0.0</coordinates>
            </Point>
        </Placemark>
        <Placemark id="261">
            <name>Lincolnstraße</name>
            <description>Tiefe: 30–50 cm</description>
            <Point id="260">
                <coordinates>8.147634658418301,49.34467507159155,0.0</coordinates>
            </Point>
        </Placemark>
        <Placemark id="263">
            <name>Lincolnstraße</name>
            <description>Tiefe: 30–50 cm</description>
            <Point id="262">
                <coordinates>8.146649751048313,49.34349570043894,0.0</coordinates>
            </Point>
        </Placemark>
        <Placemark id="265">
            <name>Lincolnstraße</name>
            <description>Tiefe: 30–50 cm</description>
            <Point id="264">
                <coordinates>8.147634658418301,49.34467507159155,0.0</coordinates>
            </Point>
        </Placemark>
        <Placemark id="267">
            <name>Maconring</name>
            <description>Tiefe: 30–50 cm</description>
            <Point id="266">
                <coordinates>8.14356625,49.34118995,0.0</coordinates>
            </Point>
        </Placemark>
        <Placemark id="269">
            <name>Maconring</name>
            <description>Tiefe: 30–50 cm</description>
            <Point id="268">
                <coordinates>8.14402232188076,49.34116255717878,0.0</coordinates>
            </Point>
        </Placemark>
        <Placemark id="271">
            <name>Maconring</name>
            <description>Tiefe: 30–50 cm</description>
            <Point id="270">
                <coordinates>8.143375831533527,49.34130590574485,0.0</coordinates>
            </Point>
        </Placemark>
        <Placemark id="273">
            <name>Winzinger Straße</name>
            <description>Tiefe: 30–50 cm</description>
            <Point id="272">
                <coordinates>8.150424000000001,49.353377550000005,0.0</coordinates>
            </Point>
        </Placemark>
        <Placemark id="275">
            <name>Winzinger Straße</name>
            <description>Tiefe: 30–50 cm</description>
            <Point id="274">
                <coordinates>8.150420630925646,49.35392417780031,0.0</coordinates>
            </Point>
        </Placemark>
        <Placemark id="277">
            <name>Kirchstraße</name>
            <description>Tiefe: 50–100 cm</description>
            <Point id="276">
                <coordinates>8.149197344746153,49.35480754626988,0.0</coordinates>
            </Point>
        </Placemark>
        <Placemark id="279">
            <name>Winzinger Straße</name>
            <description>Tiefe: 30–50 cm</description>
            <Point id="278">
                <coordinates>8.150333502443177,49.35559830820698,0.0</coordinates>
            </Point>
        </Placemark>
        <Placemark id="281">
            <name>Winzinger Straße</name>
            <description>Tiefe: 30–50 cm</description>
            <Point id="280">
                <coordinates>8.150153341812434,49.35454952607592,0.0</coordinates>
            </Point>
        </Placemark>
        <Placemark id="283">
            <name>Winzinger Straße</name>
            <description>Tiefe: 30–50 cm</description>
            <Point id="282">
                <coordinates>8.15126366275591,49.356237447335786,0.0</coordinates>
            </Point>
        </Placemark>
        <Placemark id="285">
            <name>Winzinger Straße</name>
            <description>Tiefe: 30–50 cm</description>
            <Point id="284">
                <coordinates>8.150333502443177,49.35559830820698,0.0</coordinates>
            </Point>
        </Placemark>
        <Placemark id="287">
            <name>Winzinger Straße</name>
            <description>Tiefe: 30–50 cm</description>
            <Point id="286">
                <coordinates>8.150057755620672,49.35660845974197,0.0</coordinates>
            </Point>
        </Placemark>
        <Placemark id="289">
            <name>Kirchstraße</name>
            <description>Tiefe: 50–100 cm</description>
            <Point id="288">
                <coordinates>8.149477300000001,49.35288075,0.0</coordinates>
            </Point>
        </Placemark>
        <Placemark id="291">
            <name>Kirchstraße</name>
            <description>Tiefe: 50–100 cm</description>
            <Point id="290">
                <coordinates>8.149411742831235,49.35383385247492,0.0</coordinates>
            </Point>
        </Placemark>
        <Placemark id="293">
            <name>Hohenzollernstraße</name>
            <description>Tiefe: 30–50 cm</description>
            <Point id="292">
                <coordinates>8.14183158421291,49.351802037908044,0.0</coordinates>
            </Point>
        </Placemark>
        <Placemark id="295">
            <name>Exterstraße</name>
            <description>Tiefe: 30–50 cm</description>
            <Point id="294">
                <coordinates>8.14082115,49.3516666,0.0</coordinates>
            </Point>
        </Placemark>
        <Placemark id="297">
            <name>Exterstraße</name>
            <description>Tiefe: 30–50 cm</description>
            <Point id="296">
                <coordinates>8.140698123474644,49.35226339257637,0.0</coordinates>
            </Point>
        </Placemark>
        <Placemark id="299">
            <name>Exterstraße</name>
            <description>Tiefe: 30–50 cm</description>
            <Point id="298">
                <coordinates>8.140698123474644,49.35226339257637,0.0</coordinates>
            </Point>
        </Placemark>
        <Placemark id="301">
            <name>Exterstraße</name>
            <description>Tiefe: 30–50 cm</description>
            <Point id="300">
                <coordinates>8.140598723704617,49.35307038291436,0.0</coordinates>
            </Point>
        </Placemark>
        <Placemark id="303">
            <name>Mittelgasse</name>
            <description>Tiefe: 50–100 cm</description>
            <Point id="302">
                <coordinates>8.137630388845565,49.354163331214465,0.0</coordinates>
            </Point>
        </Placemark>
        <Placemark id="305">
            <name>Hauptstraße</name>
            <description>Tiefe: 30–50 cm</description>
            <Point id="304">
                <coordinates>8.13689855,49.3517267,0.0</coordinates>
            </Point>
        </Placemark>
        <Placemark id="307">
            <name>Hauptstraße</name>
            <description>Tiefe: 30–50 cm</description>
            <Point id="306">
                <coordinates>8.1369014,49.3516672,0.0</coordinates>
            </Point>
        </Placemark>
        <Placemark id="309">
            <name>Fröbelstraße</name>
            <description>Tiefe: 30–50 cm</description>
            <Point id="308">
                <coordinates>8.136126008748244,49.35169842114337,0.0</coordinates>
            </Point>
        </Placemark>
        <Placemark id="311">
            <name>Talstraße</name>
            <description>Tiefe: 30–50 cm</description>
            <Point id="310">
                <coordinates>8.131935284168149,49.35191562805881,0.0</coordinates>
            </Point>
        </Placemark>
        <Placemark id="313">
            <name>Kohlplatz</name>
            <description>Tiefe: 50–100 cm</description>
            <Point id="312">
                <coordinates>8.132221824871102,49.352008845450435,0.0</coordinates>
            </Point>
        </Placemark>
        <Placemark id="315">
            <name>Talstraße</name>
            <description>Tiefe: 30–50 cm</description>
            <Point id="314">
                <coordinates>8.10336115,49.35907745,0.0</coordinates>
            </Point>
        </Placemark>
        <Placemark id="317">
            <name>Heidenbrunnenweg</name>
            <description>Tiefe: 50–100 cm</description>
            <Point id="316">
                <coordinates>8.101773451497237,49.35870128434852,0.0</coordinates>
            </Point>
        </Placemark>
        <Placemark id="319">
            <name>Talstraße</name>
            <description>Tiefe: 30–50 cm</description>
            <Point id="318">
                <coordinates>8.104384054624939,49.361081914616086,0.0</coordinates>
            </Point>
        </Placemark>
        <Placemark id="321">
            <name>Talstraße</name>
            <description>Tiefe: 30–50 cm</description>
            <Point id="320">
                <coordinates>8.106592187543527,49.36361247030568,0.0</coordinates>
            </Point>
        </Placemark>
        <Placemark id="323">
            <name>Talstraße</name>
            <description>Tiefe: 30–50 cm</description>
            <Point id="322">
                <coordinates>8.104384054624939,49.361081914616086,0.0</coordinates>
            </Point>
        </Placemark>
        <Placemark id="325">
            <name>Talstraße</name>
            <description>Tiefe: 30–50 cm</description>
            <Point id="324">
                <coordinates>8.106452248114122,49.36366022528388,0.0</coordinates>
            </Point>
        </Placemark>
        <Placemark id="327">
            <name>Talstraße</name>
            <description>Tiefe: 30–50 cm</description>
            <Point id="326">
                <coordinates>8.107095749571723,49.3656971032549,0.0</coordinates>
            </Point>
        </Placemark>
        <Placemark id="329">
            <name>Nonnentalstraße</name>
            <description>Tiefe: 30–50 cm</description>
            <Point id="328">
                <coordinates>8.105999333650729,49.3678332334251,0.0</coordinates>
            </Point>
        </Placemark>
        <Placemark id="331">
            <name>Staatsstraße</name>
            <description>Tiefe: 50–100 cm</description>
            <Point id="330">
                <coordinates>8.099307918557354,49.36940856789571,0.0</coordinates>
            </Point>
        </Placemark>
        <Placemark id="333">
            <name>Talstraße</name>
            <description>Tiefe: 30–50 cm</description>
            <Point id="332">
                <coordinates>8.107095749571723,49.3656971032549,0.0</coordinates>
            </Point>
        </Placemark>
        <Placemark id="335">
            <name>Staatsstraße</name>
            <description>Tiefe: 50–100 cm</description>
            <Point id="334">
                <coordinates>8.09227835,49.3722456,0.0</coordinates>
            </Point>
        </Placemark>
        <Placemark id="337">
            <name>Staatsstraße</name>
            <description>Tiefe: 50–100 cm</description>
            <Point id="336">
                <coordinates>8.09213685,49.3723745,0.0</coordinates>
            </Point>
        </Placemark>
        <Placemark id="339">
            <name>Marktstraße</name>
            <description>Tiefe: 50–100 cm</description>
            <Point id="338">
                <coordinates>8.069038599999999,49.37076265,0.0</coordinates>
            </Point>
        </Placemark>
        <Placemark id="341">
            <name>Marktstraße</name>
            <description>Tiefe: 50–100 cm</description>
            <Point id="340">
                <coordinates>8.06954699267827,49.37110794882112,0.0</coordinates>
            </Point>
        </Placemark>
        <Placemark id="343">
            <name>Marktstraße</name>
            <description>Tiefe: 50–100 cm</description>
            <Point id="342">
                <coordinates>8.069648792211305,49.370730501419054,0.0</coordinates>
            </Point>
        </Placemark>
        <Placemark id="345">
            <name>Marktstraße</name>
            <description>Tiefe: 50–100 cm</description>
            <Point id="344">
                <coordinates>8.068739070393793,49.369953691907476,0.0</coordinates>
            </Point>
        </Placemark>
        <Placemark id="347">
            <name>Marktstraße</name>
            <description>Tiefe: 50–100 cm</description>
            <Point id="346">
                <coordinates>8.068707789272288,49.370544192057174,0.0</coordinates>
            </Point>
        </Placemark>
        <Placemark id="349">
            <name>Marktstraße</name>
            <description>Tiefe: 50–100 cm</description>
            <Point id="348">
                <coordinates>8.067677563510461,49.36697942457449,0.0</coordinates>
            </Point>
        </Placemark>
        <Placemark id="351">
            <name>Marktstraße</name>
            <description>Tiefe: 50–100 cm</description>
            <Point id="350">
                <coordinates>8.068421288927569,49.36813397035228,0.0</coordinates>
            </Point>
        </Placemark>
        <Placemark id="353">
            <name>Marktstraße</name>
            <description>Tiefe: 50–100 cm</description>
            <Point id="352">
                <coordinates>8.067677563510461,49.36697942457449,0.0</coordinates>
            </Point>
        </Placemark>
        <Placemark id="355">
            <name>Totenkopfstraße</name>
            <description>Tiefe: 50–100 cm</description>
            <Point id="354">
                <coordinates>8.065389723689094,49.3180059861551,0.0</coordinates>
            </Point>
        </Placemark>
        <Placemark id="357">
            <name>Totenkopfstraße</name>
            <description>Tiefe: 50–100 cm</description>
            <Point id="356">
                <coordinates>8.072730347374037,49.30547181002066,0.0</coordinates>
            </Point>
        </Placemark>
        <Placemark id="359">
            <name>Totenkopfstraße</name>
            <description>Tiefe: 50–100 cm</description>
            <Point id="358">
                <coordinates>8.10356203220254,49.30124891654028,0.0</coordinates>
            </Point>
        </Placemark>
        <Placemark id="361">
            <name>Totenkopfstraße</name>
            <description>Tiefe: 50–100 cm</description>
            <Point id="360">
                <coordinates>8.099476220238799,49.30074094252819,0.0</coordinates>
            </Point>
        </Placemark>
        <Placemark id="363">
            <name>Bergstraße</name>
            <description>Tiefe: 50–100 cm</description>
            <Point id="362">
                <coordinates>8.102885512401402,49.30096634501599,0.0</coordinates>
            </Point>
        </Placemark>
        <Placemark id="365">
            <name>Totenkopfstraße</name>
            <description>Tiefe: 50–100 cm</description>
            <Point id="364">
                <coordinates>8.10356203220254,49.30124891654028,0.0</coordinates>
            </Point>
        </Placemark>
        <Placemark id="367">
            <name>Totenkopfstraße</name>
            <description>Tiefe: 50–100 cm</description>
            <Point id="366">
                <coordinates>8.10494832100915,49.30147209484129,0.0</coordinates>
            </Point>
        </Placemark>
        <Placemark id="369">
            <name>Bergstraße</name>
            <description>Tiefe: 50–100 cm</description>
            <Point id="368">
                <coordinates>8.102146049236865,49.30076291628684,0.0</coordinates>
            </Point>
        </Placemark>
        <Placemark id="371">
            <name>Bergstraße</name>
            <description>Tiefe: 50–100 cm</description>
            <Point id="370">
                <coordinates>8.102296154989745,49.30075889156177,0.0</coordinates>
            </Point>
        </Placemark>
        <Placemark id="373">
            <name>Bergstraße</name>
            <description>Tiefe: 50–100 cm</description>
            <Point id="372">
                <coordinates>8.102885512401402,49.30096634501599,0.0</coordinates>
            </Point>
        </Placemark>
        <Placemark id="375">
            <name>Bergstraße</name>
            <description>Tiefe: 50–100 cm</description>
            <Point id="374">
                <coordinates>8.101939422630853,49.300720755851295,0.0</coordinates>
            </Point>
        </Placemark>
        <Placemark id="377">
            <name>Bergstraße</name>
            <description>Tiefe: 50–100 cm</description>
            <Point id="376">
                <coordinates>8.102146049236865,49.30076291628684,0.0</coordinates>
            </Point>
        </Placemark>
        <Placemark id="379">
            <name>Bergstraße</name>
            <description>Tiefe: 50–100 cm</description>
            <Point id="378">
                <coordinates>8.100738682025234,49.300503903739525,0.0</coordinates>
            </Point>
        </Placemark>
        <Placemark id="381">
            <name>Talstraße</name>
            <description>Tiefe: 30–50 cm</description>
            <Point id="380">
                <coordinates>8.099265462552253,49.300284583504194,0.0</coordinates>
            </Point>
        </Placemark>
        <Placemark id="383">
            <name>Wooggasse</name>
            <description>Tiefe: 50–100 cm</description>
            <Point id="382">
                <coordinates>8.099716402355268,49.29992677143684,0.0</coordinates>
            </Point>
        </Placemark>
        <Placemark id="385">
            <name>Bergstraße</name>
            <description>Tiefe: 50–100 cm</description>
            <Point id="384">
                <coordinates>8.100738682025234,49.300503903739525,0.0</coordinates>
            </Point>
        </Placemark>
        <Placemark id="387">
            <name>Talstraße</name>
            <description>Tiefe: 30–50 cm</description>
            <Point id="386">
                <coordinates>8.09477216382771,49.2998624793652,0.0</coordinates>
            </Point>
        </Placemark>
        <Placemark id="389">
            <name>Talstraße</name>
            <description>Tiefe: 30–50 cm</description>
            <Point id="388">
                <coordinates>8.099265462552253,49.300284583504194,0.0</coordinates>
            </Point>
        </Placemark>
        <Placemark id="391">
            <name>Hornbrücke</name>
            <description>Tiefe: 50–100 cm</description>
            <Point id="390">
                <coordinates>8.105053999999999,49.298686950000004,0.0</coordinates>
            </Point>
        </Placemark>
        <Placemark id="393">
            <name>Edenkobener Straße</name>
            <description>Tiefe: 50–100 cm</description>
            <Point id="392">
                <coordinates>8.104005769908007,49.29884714028642,0.0</coordinates>
            </Point>
        </Placemark>
        <Placemark id="395">
            <name>Edenkobener Straße</name>
            <description>Tiefe: 50–100 cm</description>
            <Point id="394">
                <coordinates>8.107214460493143,49.29739994542101,0.0</coordinates>
            </Point>
        </Placemark>
        <Placemark id="397">
            <name>Edenkobener Straße</name>
            <description>Tiefe: 50–100 cm</description>
            <Point id="396">
                <coordinates>8.107214460493143,49.29739994542101,0.0</coordinates>
            </Point>
        </Placemark>
        <Placemark id="399">
            <name>Weinstraße</name>
            <description>Tiefe: 30–50 cm</description>
            <Point id="398">
                <coordinates>8.130114675900472,49.32904435312617,0.0</coordinates>
            </Point>
        </Placemark>
        <Placemark id="401">
            <name>Weinstraße</name>
            <description>Tiefe: 30–50 cm</description>
            <Point id="400">
                <coordinates>8.129946205064527,49.33029775716041,0.0</coordinates>
            </Point>
        </Placemark>
        <Placemark id="403">
            <name>Eichstraße</name>
            <description>Tiefe: 50–100 cm</description>
            <Point id="402">
                <coordinates>8.128883704337026,49.328957288007246,0.0</coordinates>
            </Point>
        </Placemark>
        <Placemark id="405">
            <name>Eichstraße</name>
            <description>Tiefe: 50–100 cm</description>
            <Point id="404">
                <coordinates>8.13024469092994,49.32952625538001,0.0</coordinates>
            </Point>
        </Placemark>
        <Placemark id="407">
            <name>Schloßstraße</name>
            <description>Tiefe: 50–100 cm</description>
            <Point id="406">
                <coordinates>8.120119454010059,49.32893413608102,0.0</coordinates>
            </Point>
        </Placemark>
        <Placemark id="409">
            <name>Schloßstraße</name>
            <description>Tiefe: 50–100 cm</description>
            <Point id="408">
                <coordinates>8.12060939392276,49.3283509973944,0.0</coordinates>
            </Point>
        </Placemark>
        <Placemark id="411">
            <name>Triftbrunnenweg</name>
            <description>Tiefe: 50–100 cm</description>
            <Point id="410">
                <coordinates>8.120476498207793,49.33360217799408,0.0</coordinates>
            </Point>
        </Placemark>
        <Placemark id="413">
            <name>Freiheitstraße</name>
            <description>Tiefe: 50–100 cm</description>
            <Point id="412">
                <coordinates>8.120935956149795,49.33329806294714,0.0</coordinates>
            </Point>
        </Placemark>
        <Placemark id="415">
            <name>Triftbrunnenweg</name>
            <description>Tiefe: 50–100 cm</description>
            <Point id="414">
                <coordinates>8.117721945986178,49.33821508687846,0.0</coordinates>
            </Point>
        </Placemark>
        <Placemark id="417">
            <name>Triftbrunnenweg</name>
            <description>Tiefe: 50–100 cm</description>
            <Point id="416">
                <coordinates>8.118889835190782,49.33574652542543,0.0</coordinates>
            </Point>
        </Placemark>
        <Placemark id="419">
            <name>Triftbrunnenweg</name>
            <description>Tiefe: 50–100 cm</description>
            <Point id="418">
                <coordinates>8.120891056345974,49.34044363798975,0.0</coordinates>
            </Point>
        </Placemark>
        <Placemark id="421">
            <name>Triftbrunnenweg</name>
            <description>Tiefe: 50–100 cm</description>
            <Point id="420">
                <coordinates>8.120117683059432,49.339858335512915,0.0</coordinates>
            </Point>
        </Placemark>
        <Placemark id="423">
            <name>In der Almel</name>
            <description>Tiefe: 30–50 cm</description>
            <Point id="422">
                <coordinates>8.121866647859566,49.34061757227087,0.0</coordinates>
            </Point>
        </Placemark>
        <Placemark id="425">
            <name>Triftbrunnenweg</name>
            <description>Tiefe: 50–100 cm</description>
            <Point id="424">
                <coordinates>8.120891056345974,49.34044363798975,0.0</coordinates>
            </Point>
        </Placemark>
        <Placemark id="427">
            <name>In der Almel</name>
            <description>Tiefe: 30–50 cm</description>
            <Point id="426">
                <coordinates>8.121958756768136,49.34094780030345,0.0</coordinates>
            </Point>
        </Placemark>
        <Placemark id="429">
            <name>In der Almel</name>
            <description>Tiefe: 30–50 cm</description>
            <Point id="428">
                <coordinates>8.121866647859566,49.34061757227087,0.0</coordinates>
            </Point>
        </Placemark>
        <Placemark id="431">
            <name>In der Almel</name>
            <description>Tiefe: 30–50 cm</description>
            <Point id="430">
                <coordinates>8.12312495,49.341677700000005,0.0</coordinates>
            </Point>
        </Placemark>
        <Placemark id="433">
            <name>In der Almel</name>
            <description>Tiefe: 30–50 cm</description>
            <Point id="432">
                <coordinates>8.124478594612738,49.34191526316666,0.0</coordinates>
            </Point>
        </Placemark>
        <Placemark id="435">
            <name>Römerweg</name>
            <description>Tiefe: 30–50 cm</description>
            <Point id="434">
                <coordinates>8.1288084705695,49.34132348942685,0.0</coordinates>
            </Point>
        </Placemark>
        <Placemark id="437">
            <name>In der Almel</name>
            <description>Tiefe: 30–50 cm</description>
            <Point id="436">
                <coordinates>8.124478594612738,49.34191526316666,0.0</coordinates>
            </Point>
        </Placemark>
        <Placemark id="439">
            <name>Römerweg</name>
            <description>Tiefe: 30–50 cm</description>
            <Point id="438">
                <coordinates>8.127314201146483,49.34341348384723,0.0</coordinates>
            </Point>
        </Placemark>
        <Placemark id="441">
            <name>Weinstraße</name>
            <description>Tiefe: 30–50 cm</description>
            <Point id="440">
                <coordinates>8.13083001091431,49.33605026076047,0.0</coordinates>
            </Point>
        </Placemark>
        <Placemark id="443">
            <name>Weinstraße</name>
            <description>Tiefe: 30–50 cm</description>
            <Point id="442">
                <coordinates>8.129857238865275,49.335696151201205,0.0</coordinates>
            </Point>
        </Placemark>
        <Placemark id="445">
            <name>Enggasse</name>
            <description>Tiefe: 50–100 cm</description>
            <Point id="444">
                <coordinates>8.12924532109229,49.336206871021375,0.0</coordinates>
            </Point>
        </Placemark>
        <Placemark id="447">
            <name>Römerweg</name>
            <description>Tiefe: 30–50 cm</description>
            <Point id="446">
                <coordinates>8.130218419786743,49.33641574098176,0.0</coordinates>
            </Point>
        </Placemark>
        <Placemark id="449">
            <name>Ursulastraße</name>
            <description>Tiefe: 30–50 cm</description>
            <Point id="448">
                <coordinates>8.141274750000001,49.323772,0.0</coordinates>
            </Point>
        </Placemark>
        <Placemark id="451">
            <name>Raiffeisenstraße</name>
            <description>Tiefe: 50–100 cm</description>
            <Point id="450">
                <coordinates>8.14984415,49.306169800000006,0.0</coordinates>
            </Point>
        </Placemark>
        <Placemark id="453">
            <name>Ursulastraße</name>
            <description>Tiefe: 30–50 cm</description>
            <Point id="452">
                <coordinates>8.141177299999999,49.323448299999995,0.0</coordinates>
            </Point>
        </Placemark>
        <Placemark id="455">
            <name>Ursulastraße</name>
            <description>Tiefe: 30–50 cm</description>
            <Point id="454">
                <coordinates>8.141274750000001,49.323772,0.0</coordinates>
            </Point>
        </Placemark>
        <Placemark id="457">
            <name>Remigiusstraße</name>
            <description>Tiefe: 50–100 cm</description>
            <Point id="456">
                <coordinates>8.140060649999999,49.321789949999996,0.0</coordinates>
            </Point>
        </Placemark>
        <Placemark id="459">
            <name>Ursulastraße</name>
            <description>Tiefe: 30–50 cm</description>
            <Point id="458">
                <coordinates>8.140592715883125,49.32145408601362,0.0</coordinates>
            </Point>
        </Placemark>
        <Placemark id="461">
            <name>Ursulastraße</name>
            <description>Tiefe: 30–50 cm</description>
            <Point id="460">
                <coordinates>8.140889839512717,49.32248131525888,0.0</coordinates>
            </Point>
        </Placemark>
        <Placemark id="463">
            <name>Bahnhofstraße</name>
            <description>Tiefe: 30–50 cm</description>
            <Point id="462">
                <coordinates>8.13469585,49.30660585,0.0</coordinates>
            </Point>
        </Placemark>
        <Placemark id="465">
            <name>Bahnhofstraße</name>
            <description>Tiefe: 30–50 cm</description>
            <Point id="464">
                <coordinates>8.134143017499547,49.30663939810744,0.0</coordinates>
            </Point>
        </Placemark>
        <Placemark id="467">
            <name>Poststraße</name>
            <description>Tiefe: 30–50 cm</description>
            <Point id="466">
                <coordinates>8.134455158981329,49.30546181631896,0.0</coordinates>
            </Point>
        </Placemark>
        <Placemark id="469">
            <name>Weinstraße Nord</name>
            <description>Tiefe: 50–100 cm</description>
            <Point id="468">
                <coordinates>8.131986423089055,49.3060691550402,0.0</coordinates>
            </Point>
        </Placemark>
        <Placemark id="471">
            <name>Weinstraße Nord</name>
            <description>Tiefe: 50–100 cm</description>
            <Point id="470">
                <coordinates>8.133215323739607,49.306368752629055,0.0</coordinates>
            </Point>
        </Placemark>
        <Placemark id="473">
            <name>Immengartenstraße</name>
            <description>Tiefe: 30–50 cm</description>
            <Point id="472">
                <coordinates>8.133190992078061,49.303399517345554,0.0</coordinates>
            </Point>
        </Placemark>
        <Placemark id="475">
            <name>Immengartenstraße</name>
            <description>Tiefe: 30–50 cm</description>
            <Point id="474">
                <coordinates>8.132180135329078,49.30314009787489,0.0</coordinates>
            </Point>
        </Placemark>
        <Placemark id="477">
            <name>Weinstraße Süd</name>
            <description>Tiefe: 30–50 cm</description>
            <Point id="476">
                <coordinates>8.130815178141146,49.301841313480445,0.0</coordinates>
            </Point>
        </Placemark>
        <Placemark id="479">
            <name>Weinstraße Süd</name>
            <description>Tiefe: 30–50 cm</description>
            <Point id="478">
                <coordinates>8.13075086793053,49.30246970065725,0.0</coordinates>
            </Point>
        </Placemark>
        <Placemark id="481">
            <name>Weideweg</name>
            <description>Tiefe: 30–50 cm</description>
            <Point id="480">
                <coordinates>8.1301201592858,49.3020523793387,0.0</coordinates>
            </Point>
        </Placemark>
        <Placemark id="483">
            <name>Gartenstraße</name>
            <description>Tiefe: 50–100 cm</description>
            <Point id="482">
                <coordinates>8.130696890054768,49.30024687117874,0.0</coordinates>
            </Point>
        </Placemark>
        <Placemark id="485">
            <name>Weinstraße Süd</name>
            <description>Tiefe: 30–50 cm</description>
            <Point id="484">
                <coordinates>8.13106469260927,49.30082625035588,0.0</coordinates>
            </Point>
        </Placemark>
        <Placemark id="487">
            <name>Weinstraße Süd</name>
            <description>Tiefe: 30–50 cm</description>
            <Point id="486">
                <coordinates>8.13128947501052,49.299762347850574,0.0</coordinates>
            </Point>
        </Placemark>
        <Placemark id="489">
            <name>Weinstraße Süd</name>
            <description>Tiefe: 30–50 cm</description>
            <Point id="488">
                <coordinates>8.13128947501052,49.299762347850574,0.0</coordinates>
            </Point>
        </Placemark>
        <Placemark id="491">
            <name>Weinstraße Süd</name>
            <description>Tiefe: 30–50 cm</description>
            <Point id="490">
                <coordinates>8.13138146025422,49.29909846038904,0.0</coordinates>
            </Point>
        </Placemark>
        <Placemark id="493">
            <name>Gartenstraße</name>
            <description>Tiefe: 50–100 cm</description>
            <Point id="492">
                <coordinates>8.12939427015203,49.30018195992343,0.0</coordinates>
            </Point>
        </Placemark>
        <Placemark id="495">
            <name>Gartenstraße</name>
            <description>Tiefe: 50–100 cm</description>
            <Point id="494">
                <coordinates>8.130696890054768,49.30024687117874,0.0</coordinates>
            </Point>
        </Placemark>
        <Placemark id="497">
            <name>Gartenstraße</name>
            <description>Tiefe: 50–100 cm</description>
            <Point id="496">
                <coordinates>8.128173648299713,49.29996564242617,0.0</coordinates>
            </Point>
        </Placemark>
        <Placemark id="499">
            <name>Gartenstraße</name>
            <description>Tiefe: 50–100 cm</description>
            <Point id="498">
                <coordinates>8.12939427015203,49.30018195992343,0.0</coordinates>
            </Point>
        </Placemark>
        <Placemark id="501">
            <name>Weinstraße Nord</name>
            <description>Tiefe: 50–100 cm</description>
            <Point id="500">
                <coordinates>8.130884041409644,49.30536430053713,0.0</coordinates>
            </Point>
        </Placemark>
        <Placemark id="503">
            <name>Hartmannstraße</name>
            <description>Tiefe: 50–100 cm</description>
            <Point id="502">
                <coordinates>8.130580100827693,49.3060763160798,0.0</coordinates>
            </Point>
        </Placemark>
        <Placemark id="505">
            <name>Weinstraße Nord</name>
            <description>Tiefe: 50–100 cm</description>
            <Point id="504">
                <coordinates>8.131986423089055,49.3060691550402,0.0</coordinates>
            </Point>
        </Placemark>
        <Placemark id="507">
            <name>Hartmannstraße</name>
            <description>Tiefe: 50–100 cm</description>
            <Point id="506">
                <coordinates>8.12935095,49.306506999999996,0.0</coordinates>
            </Point>
        </Placemark>
        <Placemark id="509">
            <name>Hartmannstraße</name>
            <description>Tiefe: 50–100 cm</description>
            <Point id="508">
                <coordinates>8.130580100827693,49.3060763160798,0.0</coordinates>
            </Point>
        </Placemark>
        <Placemark id="511">
            <name>Friedhofstraße</name>
            <description>Tiefe: 30–50 cm</description>
            <Point id="510">
                <coordinates>8.129889065579812,49.30649201848285,0.0</coordinates>
            </Point>
        </Placemark>
        <Placemark id="513">
            <name>Mühlstraße</name>
            <description>Tiefe: 50–100 cm</description>
            <Point id="512">
                <coordinates>8.122900362464799,49.30360505780911,0.0</coordinates>
            </Point>
        </Placemark>
        <Placemark id="515">
            <name>Totenkopfstraße</name>
            <description>Tiefe: 50–100 cm</description>
            <Point id="514">
                <coordinates>8.10921731834783,49.301186147714006,0.0</coordinates>
            </Point>
        </Placemark>
        <Placemark id="517">
            <name>Friedhofstraße</name>
            <description>Tiefe: 30–50 cm</description>
            <Point id="516">
                <coordinates>8.105678033466248,49.30082152457133,0.0</coordinates>
            </Point>
        </Placemark>
        <Placemark id="519">
            <name>Totenkopfstraße</name>
            <description>Tiefe: 50–100 cm</description>
            <Point id="518">
                <coordinates>8.106811525159712,49.30143734165524,0.0</coordinates>
            </Point>
        </Placemark>
        <Placemark id="521">
            <name>Totenkopfstraße</name>
            <description>Tiefe: 50–100 cm</description>
            <Point id="520">
                <coordinates>8.10494832100915,49.30147209484129,0.0</coordinates>
            </Point>
        </Placemark>
        <Placemark id="523">
            <name>Riedweg</name>
            <description>Tiefe: 50–100 cm</description>
            <Point id="522">
                <coordinates>8.108551003943898,49.298048756238366,0.0</coordinates>
            </Point>
        </Placemark>
        <Placemark id="525">
            <name>Maikammerer Straße</name>
            <description>Tiefe: 50–100 cm</description>
            <Point id="524">
                <coordinates>8.108726408959505,49.29945915400763,0.0</coordinates>
            </Point>
        </Placemark>
        <Placemark id="527">
            <name>Herzogstraße</name>
            <description>Tiefe: 30–50 cm</description>
            <Point id="526">
                <coordinates>8.16438007357063,49.38330643078406,0.0</coordinates>
            </Point>
        </Placemark>
        <Placemark id="529">
            <name>Peter-Koch-Straße</name>
            <description>Tiefe: 50–100 cm</description>
            <Point id="528">
                <coordinates>8.154272366486746,49.37736611447439,0.0</coordinates>
            </Point>
        </Placemark>
        <Placemark id="531">
            <name>Neubergstraße</name>
            <description>Tiefe: 30–50 cm</description>
            <Point id="530">
                <coordinates>8.155125450505608,49.37777608008825,0.0</coordinates>
            </Point>
        </Placemark>
        <Placemark id="533">
            <name>Neubergstraße</name>
            <description>Tiefe: 30–50 cm</description>
            <Point id="532">
                <coordinates>8.154234384816824,49.378174312316574,0.0</coordinates>
            </Point>
        </Placemark>
        <Placemark id="535">
            <name>Meerspinnstraße</name>
            <description>Tiefe: 50–100 cm</description>
            <Point id="534">
                <coordinates>8.15536205,49.3775234,0.0</coordinates>
            </Point>
        </Placemark>
        <Placemark id="537">
            <name>Neubergstraße</name>
            <description>Tiefe: 30–50 cm</description>
            <Point id="536">
                <coordinates>8.155125450505608,49.37777608008825,0.0</coordinates>
            </Point>
        </Placemark>
        <Placemark id="539">
            <name>Meerspinnstraße</name>
            <description>Tiefe: 50–100 cm</description>
            <Point id="538">
                <coordinates>8.160317316523871,49.38054148422621,0.0</coordinates>
            </Point>
        </Placemark>
        <Placemark id="541">
            <name>Peter-Koch-Straße</name>
            <description>Tiefe: 50–100 cm</description>
            <Point id="540">
                <coordinates>8.153670850000001,49.37673135,0.0</coordinates>
            </Point>
        </Placemark>
        <Placemark id="543">
            <name>Peter-Koch-Straße</name>
            <description>Tiefe: 50–100 cm</description>
            <Point id="542">
                <coordinates>8.152793890090882,49.37683946114324,0.0</coordinates>
            </Point>
        </Placemark>
        <Placemark id="545">
            <name>Peter-Koch-Straße</name>
            <description>Tiefe: 50–100 cm</description>
            <Point id="544">
                <coordinates>8.152762474465321,49.37057820180558,0.0</coordinates>
            </Point>
        </Placemark>
        <Placemark id="547">
            <name>Von-Geissel-Straße</name>
            <description>Tiefe: 30–50 cm</description>
            <Point id="546">
                <coordinates>8.153229912276641,49.374202798335936,0.0</coordinates>
            </Point>
        </Placemark>
        <Placemark id="549">
            <name>Peter-Koch-Straße</name>
            <description>Tiefe: 50–100 cm</description>
            <Point id="548">
                <coordinates>8.15227207193086,49.37506390972588,0.0</coordinates>
            </Point>
        </Placemark>
        <Placemark id="551">
            <name>Mußbacher Landstraße</name>
            <description>Tiefe: 30–50 cm</description>
            <Point id="550">
                <coordinates>8.150329750000001,49.358778650000005,0.0</coordinates>
            </Point>
        </Placemark>
        <Placemark id="553">
            <name>Villenstraße</name>
            <description>Tiefe: 30–50 cm</description>
            <Point id="552">
                <coordinates>8.149676240472337,49.358833557429826,0.0</coordinates>
            </Point>
        </Placemark>
        <Placemark id="555">
            <name>Mußbacher Landstraße</name>
            <description>Tiefe: 30–50 cm</description>
            <Point id="554">
                <coordinates>8.151039633804581,49.359580364177745,0.0</coordinates>
            </Point>
        </Placemark>
        <Placemark id="557">
            <name>Mußbacher Landstraße</name>
            <description>Tiefe: 30–50 cm</description>
            <Point id="556">
                <coordinates>8.150329750000001,49.358778650000005,0.0</coordinates>
            </Point>
        </Placemark>
        <Placemark id="559">
            <name>Mußbacher Landstraße</name>
            <description>Tiefe: 30–50 cm</description>
            <Point id="558">
                <coordinates>8.149619672441935,49.35780779593992,0.0</coordinates>
            </Point>
        </Placemark>
        <Placemark id="561">
            <name>Friedrichstraße</name>
            <description>Tiefe: 30–50 cm</description>
            <Point id="560">
                <coordinates>8.139047733109548,49.35436609090881,0.0</coordinates>
            </Point>
        </Placemark>
        <Placemark id="563">
            <name>Laustergasse</name>
            <description>Tiefe: 50–100 cm</description>
            <Point id="562">
                <coordinates>8.138895601882268,49.35337267294732,0.0</coordinates>
            </Point>
        </Placemark>
        <Placemark id="565">
            <name>Exterstraße</name>
            <description>Tiefe: 30–50 cm</description>
            <Point id="564">
                <coordinates>8.140770240589584,49.35428010082421,0.0</coordinates>
            </Point>
        </Placemark>
        <Placemark id="567">
            <name>Exterstraße</name>
            <description>Tiefe: 30–50 cm</description>
            <Point id="566">
                <coordinates>8.140598723704617,49.35307038291436,0.0</coordinates>
            </Point>
        </Placemark>
        <Placemark id="569">
            <name>Exterstraße</name>
            <description>Tiefe: 30–50 cm</description>
            <Point id="568">
                <coordinates>8.14082115,49.3516666,0.0</coordinates>
            </Point>
        </Placemark>
        <Placemark id="571">
            <name>Von-Hartmann-Straße</name>
            <description>Tiefe: 30–50 cm</description>
            <Point id="570">
                <coordinates>8.14135235,49.35143625,0.0</coordinates>
            </Point>
        </Placemark>
        <Placemark id="573">
            <name>Exterstraße</name>
            <description>Tiefe: 30–50 cm</description>
            <Point id="572">
                <coordinates>8.14088756129278,49.35118240934232,0.0</coordinates>
            </Point>
        </Placemark>
        <Placemark id="575">
            <name>Von-Hartmann-Straße</name>
            <description>Tiefe: 30–50 cm</description>
            <Point id="574">
                <coordinates>8.14135235,49.35143625,0.0</coordinates>
            </Point>
        </Placemark>
        <Placemark id="577">
            <name>Von-Hartmann-Straße</name>
            <description>Tiefe: 30–50 cm</description>
            <Point id="576">
                <coordinates>8.14249746265834,49.35143965180893,0.0</coordinates>
            </Point>
        </Placemark>
        <Placemark id="579">
            <name>Hohenzollernstraße</name>
            <description>Tiefe: 30–50 cm</description>
            <Point id="578">
                <coordinates>8.141824141799452,49.35106220620253,0.0</coordinates>
            </Point>
        </Placemark>
        <Placemark id="581">
            <name>Louis-Escande-Straße</name>
            <description>Tiefe: 30–50 cm</description>
            <Point id="580">
                <coordinates>8.175233648661425,49.34177106014455,0.0</coordinates>
            </Point>
        </Placemark>
        <Placemark id="583">
            <name>Im Altenschemel</name>
            <description>Tiefe: 30–50 cm</description>
            <Point id="582">
                <coordinates>8.212415945665253,49.33686050963993,0.0</coordinates>
            </Point>
        </Placemark>
        <Placemark id="585">
            <name>Im Altenschemel</name>
            <description>Tiefe: 30–50 cm</description>
            <Point id="584">
                <coordinates>8.215043003291395,49.337646886546736,0.0</coordinates>
            </Point>
        </Placemark>
        <Placemark id="587">
            <name>Im Altenschemel</name>
            <description>Tiefe: 30–50 cm</description>
            <Point id="586">
                <coordinates>8.21577983846892,49.336716854320045,0.0</coordinates>
            </Point>
        </Placemark>
        <Placemark id="589">
            <name>Schulstraße</name>
            <description>Tiefe: 30–50 cm</description>
            <Point id="588">
                <coordinates>8.171351965806357,49.36998038721508,0.0</coordinates>
            </Point>
        </Placemark>
        <Placemark id="591">
            <name>Herrenhofstraße</name>
            <description>Tiefe: 30–50 cm</description>
            <Point id="590">
                <coordinates>8.17102841417311,49.36941782140372,0.0</coordinates>
            </Point>
        </Placemark>
        <Placemark id="593">
            <name>An der Eselshaut</name>
            <description>Tiefe: 50–100 cm</description>
            <Point id="592">
                <coordinates>8.170696755638545,49.36977541275392,0.0</coordinates>
            </Point>
        </Placemark>
        <Placemark id="595">
            <name>Louis-Escande-Straße</name>
            <description>Tiefe: 30–50 cm</description>
            <Point id="594">
                <coordinates>8.170210781034974,49.3409839742164,0.0</coordinates>
            </Point>
        </Placemark>
        <Placemark id="597">
            <name>Louis-Escande-Straße</name>
            <description>Tiefe: 30–50 cm</description>
            <Point id="596">
                <coordinates>8.168680051942188,49.338456172151325,0.0</coordinates>
            </Point>
        </Placemark>
        <Placemark id="599">
            <name>Friedhofstraße</name>
            <description>Tiefe: 30–50 cm</description>
            <Point id="598">
                <coordinates>8.184036786998744,49.30250325120495,0.0</coordinates>
            </Point>
        </Placemark>
        <Placemark id="601">
            <name>Im Johanniskirchel</name>
            <description>Tiefe: 50–100 cm</description>
            <Point id="600">
                <coordinates>8.14682732979418,49.31937482923451,0.0</coordinates>
            </Point>
        </Placemark>
        <Placemark id="603">
            <name>Im Johanniskirchel</name>
            <description>Tiefe: 50–100 cm</description>
            <Point id="602">
                <coordinates>8.148380219709903,49.3192914867259,0.0</coordinates>
            </Point>
        </Placemark>
        <Placemark id="605">
            <name>Immengartenstraße</name>
            <description>Tiefe: 30–50 cm</description>
            <Point id="604">
                <coordinates>8.131418779418006,49.302843929608976,0.0</coordinates>
            </Point>
        </Placemark>
        <Placemark id="607">
            <name>Weinstraße Süd</name>
            <description>Tiefe: 30–50 cm</description>
            <Point id="606">
                <coordinates>8.13075086793053,49.30246970065725,0.0</coordinates>
            </Point>
        </Placemark>
        <Placemark id="609">
            <name>Amalienstraße</name>
            <description>Tiefe: 50–100 cm</description>
            <Point id="608">
                <coordinates>8.13181345,49.35043695,0.0</coordinates>
            </Point>
        </Placemark>
        <Placemark id="611">
            <name>Amalienstraße</name>
            <description>Tiefe: 50–100 cm</description>
            <Point id="610">
                <coordinates>8.134222185258913,49.350545996257694,0.0</coordinates>
            </Point>
        </Placemark>
        <Placemark id="613">
            <name>Talstraße</name>
            <description>Tiefe: 30–50 cm</description>
            <Point id="612">
                <coordinates>8.135168391851275,49.350620961027936,0.0</coordinates>
            </Point>
        </Placemark>
        <Placemark id="615">
            <name>Talstraße</name>
            <description>Tiefe: 30–50 cm</description>
            <Point id="614">
                <coordinates>8.136178098569587,49.350174269558046,0.0</coordinates>
            </Point>
        </Placemark>
        <Placemark id="617">
            <name>Schillerstraße</name>
            <description>Tiefe: 50–100 cm</description>
            <Point id="616">
                <coordinates>8.137861222294383,49.349799741439774,0.0</coordinates>
            </Point>
        </Placemark>
        <Placemark id="619">
            <name>Karolinenstraße</name>
            <description>Tiefe: 50–100 cm</description>
            <Point id="618">
                <coordinates>8.137464384984938,49.34952630877318,0.0</coordinates>
            </Point>
        </Placemark>
        <Placemark id="621">
            <name>Schillerstraße</name>
            <description>Tiefe: 50–100 cm</description>
            <Point id="620">
                <coordinates>8.137874270520253,49.349391911646265,0.0</coordinates>
            </Point>
        </Placemark>
        <Placemark id="623">
            <name>Schillerstraße</name>
            <description>Tiefe: 50–100 cm</description>
            <Point id="622">
                <coordinates>8.140044221811015,49.34910699677058,0.0</coordinates>
            </Point>
        </Placemark>
        <Placemark id="625">
            <name>Schillerstraße</name>
            <description>Tiefe: 50–100 cm</description>
            <Point id="624">
                <coordinates>8.137874270520253,49.349391911646265,0.0</coordinates>
            </Point>
        </Placemark>
        <Placemark id="627">
            <name>Schillerstraße</name>
            <description>Tiefe: 50–100 cm</description>
            <Point id="626">
                <coordinates>8.144150374515958,49.34865164017404,0.0</coordinates>
            </Point>
        </Placemark>
        <Placemark id="629">
            <name>Alban-Haas-Straße</name>
            <description>Tiefe: 50–100 cm</description>
            <Point id="628">
                <coordinates>8.144290365476145,49.34915744005006,0.0</coordinates>
            </Point>
        </Placemark>
        <Placemark id="631">
            <name>Schillerstraße</name>
            <description>Tiefe: 50–100 cm</description>
            <Point id="630">
                <coordinates>8.140044221811015,49.34910699677058,0.0</coordinates>
            </Point>
        </Placemark>
        <Placemark id="633">
            <name>Weinbergstraße</name>
            <description>Tiefe: 30–50 cm</description>
            <Point id="632">
                <coordinates>8.143863576273217,49.3464620183677,0.0</coordinates>
            </Point>
        </Placemark>
        <Placemark id="635">
            <name>Weinstraße</name>
            <description>Tiefe: 30–50 cm</description>
            <Point id="634">
                <coordinates>8.135703699927033,49.34279119614127,0.0</coordinates>
            </Point>
        </Placemark>
        <Placemark id="637">
            <name>Weinstraße</name>
            <description>Tiefe: 30–50 cm</description>
            <Point id="636">
                <coordinates>8.135069399999999,49.3419278,0.0</coordinates>
            </Point>
        </Placemark>
        <Placemark id="639">
            <name>Grundwiesenweg</name>
            <description>Tiefe: 30–50 cm</description>
            <Point id="638">
                <coordinates>8.1356563,49.3419156,0.0</coordinates>
            </Point>
        </Placemark>
        <Placemark id="641">
            <name>Weinstraße</name>
            <description>Tiefe: 30–50 cm</description>
            <Point id="640">
                <coordinates>8.135703699927033,49.34279119614127,0.0</coordinates>
            </Point>
        </Placemark>
        <Placemark id="643">
            <name>Mühlweg</name>
            <description>Tiefe: 30–50 cm</description>
            <Point id="642">
                <coordinates>8.134656160091279,49.34226793748086,0.0</coordinates>
            </Point>
        </Placemark>
        <Placemark id="645">
            <name>Lettenweg</name>
            <description>Tiefe: 50–100 cm</description>
            <Point id="644">
                <coordinates>8.132241042061459,49.33668045706319,0.0</coordinates>
            </Point>
        </Placemark>
        <Placemark id="647">
            <name>Weinstraße</name>
            <description>Tiefe: 30–50 cm</description>
            <Point id="646">
                <coordinates>8.13150967538384,49.33640084815476,0.0</coordinates>
            </Point>
        </Placemark>
        <Placemark id="649">
            <name>Weinstraße</name>
            <description>Tiefe: 30–50 cm</description>
            <Point id="648">
                <coordinates>8.131560621242942,49.33724260842358,0.0</coordinates>
            </Point>
        </Placemark>
        <Placemark id="651">
            <name>Dammstraße</name>
            <description>Tiefe: 50–100 cm</description>
            <Point id="650">
                <coordinates>8.131889952472793,49.33587027365956,0.0</coordinates>
            </Point>
        </Placemark>
        <Placemark id="653">
            <name>Weinstraße</name>
            <description>Tiefe: 30–50 cm</description>
            <Point id="652">
                <coordinates>8.13083001091431,49.33605026076047,0.0</coordinates>
            </Point>
        </Placemark>
        <Placemark id="655">
            <name>Weinstraße</name>
            <description>Tiefe: 30–50 cm</description>
            <Point id="654">
                <coordinates>8.13150967538384,49.33640084815476,0.0</coordinates>
            </Point>
        </Placemark>
        <Placemark id="657">
            <name>Dammstraße</name>
            <description>Tiefe: 50–100 cm</description>
            <Point id="656">
                <coordinates>8.131889952472793,49.33587027365956,0.0</coordinates>
            </Point>
        </Placemark>
        <Placemark id="659">
            <name>Dammstraße</name>
            <description>Tiefe: 50–100 cm</description>
            <Point id="658">
                <coordinates>8.132304001906073,49.33531865536971,0.0</coordinates>
            </Point>
        </Placemark>
        <Placemark id="661">
            <name>Dammstraße</name>
            <description>Tiefe: 50–100 cm</description>
            <Point id="660">
                <coordinates>8.132154726762368,49.334108355873134,0.0</coordinates>
            </Point>
        </Placemark>
        <Placemark id="663">
            <name>Dammstraße</name>
            <description>Tiefe: 50–100 cm</description>
            <Point id="662">
                <coordinates>8.132304001906073,49.33531865536971,0.0</coordinates>
            </Point>
        </Placemark>
        <Placemark id="665">
            <name>Lettenweg</name>
            <description>Tiefe: 50–100 cm</description>
            <Point id="664">
                <coordinates>8.132241042061459,49.33668045706319,0.0</coordinates>
            </Point>
        </Placemark>
        <Placemark id="667">
            <name>Lettenweg</name>
            <description>Tiefe: 50–100 cm</description>
            <Point id="666">
                <coordinates>8.133213106310308,49.33673765529729,0.0</coordinates>
            </Point>
        </Placemark>
        <Placemark id="669">
            <name>Gimmeldinger Straße</name>
            <description>Tiefe: 30–50 cm</description>
            <Point id="668">
                <coordinates>8.148928253178875,49.3578223121604,0.0</coordinates>
            </Point>
        </Placemark>
        <Placemark id="671">
            <name>Strohmarkt</name>
            <description>Tiefe: 30–50 cm</description>
            <Point id="670">
                <coordinates>8.137946372581538,49.35565445921132,0.0</coordinates>
            </Point>
        </Placemark>
        <Placemark id="673">
            <name>Maximilianstraße</name>
            <description>Tiefe: 50–100 cm</description>
            <Point id="672">
                <coordinates>8.139764383598393,49.35555534031742,0.0</coordinates>
            </Point>
        </Placemark>
        <Placemark id="675">
            <name>Strohmarkt</name>
            <description>Tiefe: 30–50 cm</description>
            <Point id="674">
                <coordinates>8.1373704,49.3555622,0.0</coordinates>
            </Point>
        </Placemark>
        <Placemark id="677">
            <name>Strohmarkt</name>
            <description>Tiefe: 30–50 cm</description>
            <Point id="676">
                <coordinates>8.137164985762876,49.35555740567315,0.0</coordinates>
            </Point>
        </Placemark>
        <Placemark id="679">
            <name>Karlstraße</name>
            <description>Tiefe: 50–100 cm</description>
            <Point id="678">
                <coordinates>8.137299193474044,49.35521173035927,0.0</coordinates>
            </Point>
        </Placemark>
        <Placemark id="681">
            <name>Ludwigstraße</name>
            <description>Tiefe: 50–100 cm</description>
            <Point id="680">
                <coordinates>8.1316389,49.3529659,0.0</coordinates>
            </Point>
        </Placemark>
        <Placemark id="683">
            <name>Ludwigstraße</name>
            <description>Tiefe: 50–100 cm</description>
            <Point id="682">
                <coordinates>8.13288318122672,49.35338149877625,0.0</coordinates>
            </Point>
        </Placemark>
        <Placemark id="685">
            <name>Speyerdorfer Straße</name>
            <description>Tiefe: 30–50 cm</description>
            <Point id="684">
                <coordinates>8.165632280224782,49.34475073806387,0.0</coordinates>
            </Point>
        </Placemark>
        <Placemark id="687">
            <name>Speyerdorfer Straße</name>
            <description>Tiefe: 30–50 cm</description>
            <Point id="686">
                <coordinates>8.163461221737316,49.34514195047528,0.0</coordinates>
            </Point>
        </Placemark>
        <Placemark id="689">
            <name>Speyerdorfer Straße</name>
            <description>Tiefe: 30–50 cm</description>
            <Point id="688">
                <coordinates>8.162823044233177,49.34508791557927,0.0</coordinates>
            </Point>
        </Placemark>
        <Placemark id="691">
            <name>Speyerdorfer Straße</name>
            <description>Tiefe: 30–50 cm</description>
            <Point id="690">
                <coordinates>8.16294558497867,49.34502921917022,0.0</coordinates>
            </Point>
        </Placemark>
        <Placemark id="693">
            <name>Adolf-Kolping-Straße</name>
            <description>Tiefe: 30–50 cm</description>
            <Point id="692">
                <coordinates>8.162841774080533,49.344869244672665,0.0</coordinates>
            </Point>
        </Placemark>
        <Placemark id="695">
            <name>Speyerdorfer Straße</name>
            <description>Tiefe: 30–50 cm</description>
            <Point id="694">
                <coordinates>8.163093809731517,49.345043141673415,0.0</coordinates>
            </Point>
        </Placemark>
        <Placemark id="697">
            <name>Speyerdorfer Straße</name>
            <description>Tiefe: 30–50 cm</description>
            <Point id="696">
                <coordinates>8.163189477177903,49.345137466218226,0.0</coordinates>
            </Point>
        </Placemark>
        <Placemark id="699">
            <name>Speyerdorfer Straße</name>
            <description>Tiefe: 30–50 cm</description>
            <Point id="698">
                <coordinates>8.163448350223407,49.345080884258024,0.0</coordinates>
            </Point>
        </Placemark>
        <Placemark id="701">
            <name>Adolf-Kolping-Straße</name>
            <description>Tiefe: 30–50 cm</description>
            <Point id="700">
                <coordinates>8.162068048935616,49.342113458685134,0.0</coordinates>
            </Point>
        </Placemark>
        <Placemark id="703">
            <name>Chemnitzer Straße</name>
            <description>Tiefe: 30–50 cm</description>
            <Point id="702">
                <coordinates>8.159664340688884,49.33927008738288,0.0</coordinates>
            </Point>
        </Placemark>
        <Placemark id="705">
            <name>Dudostraße</name>
            <description>Tiefe: 30–50 cm</description>
            <Point id="704">
                <coordinates>8.21414449572495,49.299463458855605,0.0</coordinates>
            </Point>
        </Placemark>
        <Placemark id="707">
            <name>Dudostraße</name>
            <description>Tiefe: 30–50 cm</description>
            <Point id="706">
                <coordinates>8.215398421733905,49.299652046020455,0.0</coordinates>
            </Point>
        </Placemark>
        <Placemark id="709">
            <name>Kohlplatz</name>
            <description>Tiefe: 50–100 cm</description>
            <Point id="708">
                <coordinates>8.131782142640542,49.35271529802819,0.0</coordinates>
            </Point>
        </Placemark>
        <Placemark id="711">
            <name>Kohlplatz</name>
            <description>Tiefe: 50–100 cm</description>
            <Point id="710">
                <coordinates>8.132197302833225,49.352689051500406,0.0</coordinates>
            </Point>
        </Placemark>
        <Placemark id="713">
            <name>Kohlplatz</name>
            <description>Tiefe: 50–100 cm</description>
            <Point id="712">
                <coordinates>8.132052725098898,49.3523059197171,0.0</coordinates>
            </Point>
        </Placemark>
        <Placemark id="715">
            <name>Klausengasse</name>
            <description>Tiefe: 30–50 cm</description>
            <Point id="714">
                <coordinates>8.132883854311658,49.352221661685036,0.0</coordinates>
            </Point>
        </Placemark>
        <Placemark id="717">
            <name>Kohlplatz</name>
            <description>Tiefe: 50–100 cm</description>
            <Point id="716">
                <coordinates>8.132221824871102,49.352008845450435,0.0</coordinates>
            </Point>
        </Placemark>
        <Placemark id="719">
            <name>Klausengasse</name>
            <description>Tiefe: 30–50 cm</description>
            <Point id="718">
                <coordinates>8.131852080503078,49.35207147152534,0.0</coordinates>
            </Point>
        </Placemark>
        <Placemark id="721">
            <name>Kohlplatz</name>
            <description>Tiefe: 50–100 cm</description>
            <Point id="720">
                <coordinates>8.132052725098898,49.3523059197171,0.0</coordinates>
            </Point>
        </Placemark>
        <Placemark id="723">
            <name>Kohlplatz</name>
            <description>Tiefe: 50–100 cm</description>
            <Point id="722">
                <coordinates>8.132197302833225,49.352689051500406,0.0</coordinates>
            </Point>
        </Placemark>
        <Placemark id="725">
            <name>Bischofsgasse</name>
            <description>Tiefe: 30–50 cm</description>
            <Point id="724">
                <coordinates>8.133073009100032,49.35268375599231,0.0</coordinates>
            </Point>
        </Placemark>
        <Placemark id="727">
            <name>Pfarrgasse</name>
            <description>Tiefe: 50–100 cm</description>
            <Point id="726">
                <coordinates>8.133192980103603,49.3532022137804,0.0</coordinates>
            </Point>
        </Placemark>
        <Placemark id="729">
            <name>Bischofsgasse</name>
            <description>Tiefe: 30–50 cm</description>
            <Point id="728">
                <coordinates>8.133073009100032,49.35268375599231,0.0</coordinates>
            </Point>
        </Placemark>
        <Placemark id="731">
            <name>Klausengasse</name>
            <description>Tiefe: 30–50 cm</description>
            <Point id="730">
                <coordinates>8.133665752479152,49.35244818836948,0.0</coordinates>
            </Point>
        </Placemark>
        <Placemark id="733">
            <name>Klausengasse</name>
            <description>Tiefe: 30–50 cm</description>
            <Point id="732">
                <coordinates>8.133822380236083,49.352804978468086,0.0</coordinates>
            </Point>
        </Placemark>
        <Placemark id="735">
            <name>Klausengasse</name>
            <description>Tiefe: 30–50 cm</description>
            <Point id="734">
                <coordinates>8.1339742,49.353025,0.0</coordinates>
            </Point>
        </Placemark>
        <Placemark id="737">
            <name>Hetzelstraße</name>
            <description>Tiefe: 30–50 cm</description>
            <Point id="736">
                <coordinates>8.134146999999999,49.3529346,0.0</coordinates>
            </Point>
        </Placemark>
        <Placemark id="739">
            <name>Klausengasse</name>
            <description>Tiefe: 30–50 cm</description>
            <Point id="738">
                <coordinates>8.133822380236083,49.352804978468086,0.0</coordinates>
            </Point>
        </Placemark>
        <Placemark id="741">
            <name>Hetzelstraße</name>
            <description>Tiefe: 30–50 cm</description>
            <Point id="740">
                <coordinates>8.13526865,49.35200965,0.0</coordinates>
            </Point>
        </Placemark>
        <Placemark id="743">
            <name>Stangenbrunnengasse</name>
            <description>Tiefe: 30–50 cm</description>
            <Point id="742">
                <coordinates>8.134751528867024,49.35227525517319,0.0</coordinates>
            </Point>
        </Placemark>
        <Placemark id="745">
            <name>Stangenbrunnengasse</name>
            <description>Tiefe: 30–50 cm</description>
            <Point id="744">
                <coordinates>8.1339684,49.3522638,0.0</coordinates>
            </Point>
        </Placemark>
        <Placemark id="747">
            <name>Stangenbrunnengasse</name>
            <description>Tiefe: 30–50 cm</description>
            <Point id="746">
                <coordinates>8.1339684,49.3522638,0.0</coordinates>
            </Point>
        </Placemark>
        <Placemark id="749">
            <name>Klausengasse</name>
            <description>Tiefe: 30–50 cm</description>
            <Point id="748">
                <coordinates>8.132883854311658,49.352221661685036,0.0</coordinates>
            </Point>
        </Placemark>
        <Placemark id="751">
            <name>Klausengasse</name>
            <description>Tiefe: 30–50 cm</description>
            <Point id="750">
                <coordinates>8.133665752479152,49.35244818836948,0.0</coordinates>
            </Point>
        </Placemark>
        <Placemark id="753">
            <name>Talstraße</name>
            <description>Tiefe: 30–50 cm</description>
            <Point id="752">
                <coordinates>8.13135081333874,49.35190205166137,0.0</coordinates>
            </Point>
        </Placemark>
        <Placemark id="755">
            <name>Hetzelstraße</name>
            <description>Tiefe: 30–50 cm</description>
            <Point id="754">
                <coordinates>8.134146999999999,49.3529346,0.0</coordinates>
            </Point>
        </Placemark>
        <Placemark id="757">
            <name>Hetzelstraße</name>
            <description>Tiefe: 30–50 cm</description>
            <Point id="756">
                <coordinates>8.13468666538902,49.35284990396899,0.0</coordinates>
            </Point>
        </Placemark>
        <Placemark id="759">
            <name>Branchweilerhofstraße</name>
            <description>Tiefe: 50–100 cm</description>
            <Point id="758">
                <coordinates>8.17363191294085,49.35442949379736,0.0</coordinates>
            </Point>
        </Placemark>
        <Placemark id="761">
            <name>Branchweilerhofstraße</name>
            <description>Tiefe: 50–100 cm</description>
            <Point id="760">
                <coordinates>8.173493167484736,49.35228553912332,0.0</coordinates>
            </Point>
        </Placemark>
        <Placemark id="763">
            <name>Adolf-Kolping-Straße</name>
            <description>Tiefe: 30–50 cm</description>
            <Point id="762">
                <coordinates>8.164566941010705,49.35162380242123,0.0</coordinates>
            </Point>
        </Placemark>
        <Placemark id="765">
            <name>Branchweilerhofstraße</name>
            <description>Tiefe: 50–100 cm</description>
            <Point id="764">
                <coordinates>8.165499581974244,49.35075725593986,0.0</coordinates>
            </Point>
        </Placemark>
        <Placemark id="767">
            <name>Branchweilerhofstraße</name>
            <description>Tiefe: 50–100 cm</description>
            <Point id="766">
                <coordinates>8.163363903456105,49.35086732305361,0.0</coordinates>
            </Point>
        </Placemark>
        <Placemark id="769">
            <name>Adolf-Kolping-Straße</name>
            <description>Tiefe: 30–50 cm</description>
            <Point id="768">
                <coordinates>8.164276922236162,49.35047982249673,0.0</coordinates>
            </Point>
        </Placemark>
        <Placemark id="771">
            <name>Chemnitzer Straße</name>
            <description>Tiefe: 30–50 cm</description>
            <Point id="770">
                <coordinates>8.158719979862202,49.344666890920834,0.0</coordinates>
            </Point>
        </Placemark>
        <Placemark id="773">
            <name>Speyerdorfer Straße</name>
            <description>Tiefe: 30–50 cm</description>
            <Point id="772">
                <coordinates>8.15814048945598,49.3460796739856,0.0</coordinates>
            </Point>
        </Placemark>
        <Placemark id="775">
            <name>Speyerdorfer Straße</name>
            <description>Tiefe: 30–50 cm</description>
            <Point id="774">
                <coordinates>8.160762735171566,49.34552543916568,0.0</coordinates>
            </Point>
        </Placemark>
        <Placemark id="777">
            <name>Chemnitzer Straße</name>
            <description>Tiefe: 30–50 cm</description>
            <Point id="776">
                <coordinates>8.158719979862202,49.344666890920834,0.0</coordinates>
            </Point>
        </Placemark>
        <Placemark id="779">
            <name>Chemnitzer Straße</name>
            <description>Tiefe: 30–50 cm</description>
            <Point id="778">
                <coordinates>8.15815211485595,49.342932779848226,0.0</coordinates>
            </Point>
        </Placemark>
        <Placemark id="781">
            <name>Adolf-Kolping-Straße</name>
            <description>Tiefe: 30–50 cm</description>
            <Point id="780">
                <coordinates>8.162525510032497,49.3436600161056,0.0</coordinates>
            </Point>
        </Placemark>
        <Placemark id="783">
            <name>Adolf-Kolping-Straße</name>
            <description>Tiefe: 30–50 cm</description>
            <Point id="782">
                <coordinates>8.162222203370563,49.34256353290693,0.0</coordinates>
            </Point>
        </Placemark>
        <Placemark id="785">
            <name>Adolf-Kolping-Straße</name>
            <description>Tiefe: 30–50 cm</description>
            <Point id="784">
                <coordinates>8.162525510032497,49.3436600161056,0.0</coordinates>
            </Point>
        </Placemark>
        <Placemark id="787">
            <name>Adolf-Kolping-Straße</name>
            <description>Tiefe: 30–50 cm</description>
            <Point id="786">
                <coordinates>8.16275963381713,49.344558005894996,0.0</coordinates>
            </Point>
        </Placemark>
        <Placemark id="789">
            <name>Am Krautgarten</name>
            <description>Tiefe: 30–50 cm</description>
            <Point id="788">
                <coordinates>8.182470282526262,49.3663066719649,0.0</coordinates>
            </Point>
        </Placemark>
        <Placemark id="791">
            <name>Doktor-Sartorius-Straße</name>
            <description>Tiefe: 50–100 cm</description>
            <Point id="790">
                <coordinates>8.181659536432504,49.366220354686476,0.0</coordinates>
            </Point>
        </Placemark>
        <Placemark id="793">
            <name>Doktor-Sartorius-Straße</name>
            <description>Tiefe: 50–100 cm</description>
            <Point id="792">
                <coordinates>8.181857317893101,49.36557683041909,0.0</coordinates>
            </Point>
        </Placemark>
        <Placemark id="795">
            <name>Doktor-Sartorius-Straße</name>
            <description>Tiefe: 50–100 cm</description>
            <Point id="794">
                <coordinates>8.181463490054234,49.36648192943237,0.0</coordinates>
            </Point>
        </Placemark>
        <Placemark id="797">
            <name>Doktor-Sartorius-Straße</name>
            <description>Tiefe: 50–100 cm</description>
            <Point id="796">
                <coordinates>8.181659536432504,49.366220354686476,0.0</coordinates>
            </Point>
        </Placemark>
        <Placemark id="799">
            <name>Nachtweide</name>
            <description>Tiefe: 30–50 cm</description>
            <Point id="798">
                <coordinates>8.172153525740308,49.350686359900365,0.0</coordinates>
            </Point>
        </Placemark>
        <Placemark id="801">
            <name>Branchweilerhofstraße</name>
            <description>Tiefe: 50–100 cm</description>
            <Point id="800">
                <coordinates>8.172374365021403,49.35137434447951,0.0</coordinates>
            </Point>
        </Placemark>
        <Placemark id="803">
            <name>Branchweilerhofstraße</name>
            <description>Tiefe: 50–100 cm</description>
            <Point id="802">
                <coordinates>8.170356235391239,49.350807783715815,0.0</coordinates>
            </Point>
        </Placemark>
        <Placemark id="805">
            <name>Nachtweide</name>
            <description>Tiefe: 30–50 cm</description>
            <Point id="804">
                <coordinates>8.174311214038514,49.3496543800755,0.0</coordinates>
            </Point>
        </Placemark>
        <Placemark id="807">
            <name>Nachtweide</name>
            <description>Tiefe: 30–50 cm</description>
            <Point id="806">
                <coordinates>8.172153525740308,49.350686359900365,0.0</coordinates>
            </Point>
        </Placemark>
        <Placemark id="809">
            <name>Nachtweide</name>
            <description>Tiefe: 30–50 cm</description>
            <Point id="808">
                <coordinates>8.174311214038514,49.3496543800755,0.0</coordinates>
            </Point>
        </Placemark>
        <Placemark id="811">
            <name>Nachtweide</name>
            <description>Tiefe: 30–50 cm</description>
            <Point id="810">
                <coordinates>8.175982586938204,49.34986573274087,0.0</coordinates>
            </Point>
        </Placemark>
        <Placemark id="813">
            <name>Nachtweide</name>
            <description>Tiefe: 30–50 cm</description>
            <Point id="812">
                <coordinates>8.175843925569257,49.34880003934568,0.0</coordinates>
            </Point>
        </Placemark>
        <Placemark id="815">
            <name>Nachtweide</name>
            <description>Tiefe: 30–50 cm</description>
            <Point id="814">
                <coordinates>8.1761989,49.34818575,0.0</coordinates>
            </Point>
        </Placemark>
        <Placemark id="817">
            <name>Nachtweide</name>
            <description>Tiefe: 30–50 cm</description>
            <Point id="816">
                <coordinates>8.17577103916651,49.347859549280706,0.0</coordinates>
            </Point>
        </Placemark>
        <Placemark id="819">
            <name>Nachtweide</name>
            <description>Tiefe: 30–50 cm</description>
            <Point id="818">
                <coordinates>8.175843925569257,49.34880003934568,0.0</coordinates>
            </Point>
        </Placemark>
        <Placemark id="821">
            <name>Nachtweide</name>
            <description>Tiefe: 30–50 cm</description>
            <Point id="820">
                <coordinates>8.1761989,49.34818575,0.0</coordinates>
            </Point>
        </Placemark>
        <Placemark id="823">
            <name>Nachtweide</name>
            <description>Tiefe: 30–50 cm</description>
            <Point id="822">
                <coordinates>8.174509737996177,49.34758769722132,0.0</coordinates>
            </Point>
        </Placemark>
        <Placemark id="825">
            <name>Nachtweide</name>
            <description>Tiefe: 30–50 cm</description>
            <Point id="824">
                <coordinates>8.17577103916651,49.347859549280706,0.0</coordinates>
            </Point>
        </Placemark>
        <Placemark id="827">
            <name>Nachtweide</name>
            <description>Tiefe: 30–50 cm</description>
            <Point id="826">
                <coordinates>8.176312637249683,49.34623649493008,0.0</coordinates>
            </Point>
        </Placemark>
        <Placemark id="829">
            <name>Nachtweide</name>
            <description>Tiefe: 30–50 cm</description>
            <Point id="828">
                <coordinates>8.176312637249683,49.34623649493008,0.0</coordinates>
            </Point>
        </Placemark>
        <Placemark id="831">
            <name>Nachtweide</name>
            <description>Tiefe: 30–50 cm</description>
            <Point id="830">
                <coordinates>8.17687802324195,49.344310626328266,0.0</coordinates>
            </Point>
        </Placemark>
        <Placemark id="833">
            <name>Oswald-Wiersich-Straße</name>
            <description>Tiefe: 30–50 cm</description>
            <Point id="832">
                <coordinates>8.177970476577933,49.34293821418503,0.0</coordinates>
            </Point>
        </Placemark>
        <Placemark id="835">
            <name>Nachtweide</name>
            <description>Tiefe: 30–50 cm</description>
            <Point id="834">
                <coordinates>8.176340026711255,49.34301296893953,0.0</coordinates>
            </Point>
        </Placemark>
        <Placemark id="837">
            <name>Nachtweide</name>
            <description>Tiefe: 30–50 cm</description>
            <Point id="836">
                <coordinates>8.17687802324195,49.344310626328266,0.0</coordinates>
            </Point>
        </Placemark>
        <Placemark id="839">
            <name>Oswald-Wiersich-Straße</name>
            <description>Tiefe: 30–50 cm</description>
            <Point id="838">
                <coordinates>8.177970476577933,49.34293821418503,0.0</coordinates>
            </Point>
        </Placemark>
        <Placemark id="841">
            <name>Speyerdorfer Straße</name>
            <description>Tiefe: 30–50 cm</description>
            <Point id="840">
                <coordinates>8.17145376885174,49.34360756319719,0.0</coordinates>
            </Point>
        </Placemark>
        <Placemark id="843">
            <name>Speyerdorfer Straße</name>
            <description>Tiefe: 30–50 cm</description>
            <Point id="842">
                <coordinates>8.165632280224782,49.34475073806387,0.0</coordinates>
            </Point>
        </Placemark>
        <Placemark id="845">
            <name>Sandfeldweg</name>
            <description>Tiefe: 30–50 cm</description>
            <Point id="844">
                <coordinates>8.167572977401804,49.34787735002486,0.0</coordinates>
            </Point>
        </Placemark>
        <Placemark id="847">
            <name>Adolf-Kolping-Straße</name>
            <description>Tiefe: 30–50 cm</description>
            <Point id="846">
                <coordinates>8.1636967,49.34862765,0.0</coordinates>
            </Point>
        </Placemark>
        <Placemark id="849">
            <name>Adolf-Kolping-Straße</name>
            <description>Tiefe: 30–50 cm</description>
            <Point id="848">
                <coordinates>8.16374880447995,49.34882546512385,0.0</coordinates>
            </Point>
        </Placemark>
        <Placemark id="851">
            <name>Grubenhof</name>
            <description>Tiefe: 50–100 cm</description>
            <Point id="850">
                <coordinates>8.159326693965166,49.342170952697415,0.0</coordinates>
            </Point>
        </Placemark>
        <Placemark id="853">
            <name>Chemnitzer Straße</name>
            <description>Tiefe: 30–50 cm</description>
            <Point id="852">
                <coordinates>8.15815211485595,49.342932779848226,0.0</coordinates>
            </Point>
        </Placemark>
        <Placemark id="855">
            <name>Chemnitzer Straße</name>
            <description>Tiefe: 30–50 cm</description>
            <Point id="854">
                <coordinates>8.157894316899341,49.340575377067644,0.0</coordinates>
            </Point>
        </Placemark>
        <Placemark id="857">
            <name>Grubenhof</name>
            <description>Tiefe: 50–100 cm</description>
            <Point id="856">
                <coordinates>8.159326693965166,49.342170952697415,0.0</coordinates>
            </Point>
        </Placemark>
        <Placemark id="859">
            <name>Martin-Luther-Straße</name>
            <description>Tiefe: 50–100 cm</description>
            <Point id="858">
                <coordinates>8.151801344566094,49.358160949356154,0.0</coordinates>
            </Point>
        </Placemark>
        <Placemark id="861">
            <name>Robert-Stolz-Straße</name>
            <description>Tiefe: 50–100 cm</description>
            <Point id="860">
                <coordinates>8.153212404289318,49.35751603314493,0.0</coordinates>
            </Point>
        </Placemark>
        <Placemark id="863">
            <name>Martin-Luther-Straße</name>
            <description>Tiefe: 50–100 cm</description>
            <Point id="862">
                <coordinates>8.151982032826698,49.35585865641494,0.0</coordinates>
            </Point>
        </Placemark>
        <Placemark id="865">
            <name>Robert-Stolz-Straße</name>
            <description>Tiefe: 50–100 cm</description>
            <Point id="864">
                <coordinates>8.151580763166224,49.357363874939175,0.0</coordinates>
            </Point>
        </Placemark>
        <Placemark id="867">
            <name>Robert-Stolz-Straße</name>
            <description>Tiefe: 50–100 cm</description>
            <Point id="866">
                <coordinates>8.15004925,49.35724515,0.0</coordinates>
            </Point>
        </Placemark>
        <Placemark id="869">
            <name>Robert-Stolz-Straße</name>
            <description>Tiefe: 50–100 cm</description>
            <Point id="868">
                <coordinates>8.151003401864209,49.357300923953545,0.0</coordinates>
            </Point>
        </Placemark>
        <Placemark id="871">
            <name>Maximilianstraße</name>
            <description>Tiefe: 50–100 cm</description>
            <Point id="870">
                <coordinates>8.14900995,49.3570924,0.0</coordinates>
            </Point>
        </Placemark>
        <Placemark id="873">
            <name>Robert-Stolz-Straße</name>
            <description>Tiefe: 50–100 cm</description>
            <Point id="872">
                <coordinates>8.14924655,49.357201700000005,0.0</coordinates>
            </Point>
        </Placemark>
        <Placemark id="875">
            <name>Mußbacher Landstraße</name>
            <description>Tiefe: 30–50 cm</description>
            <Point id="874">
                <coordinates>8.149619672441935,49.35780779593992,0.0</coordinates>
            </Point>
        </Placemark>
        <Placemark id="877">
            <name>Gimmeldinger Straße</name>
            <description>Tiefe: 30–50 cm</description>
            <Point id="876">
                <coordinates>8.148712017947549,49.35904683103371,0.0</coordinates>
            </Point>
        </Placemark>
        <Placemark id="879">
            <name>Villenstraße</name>
            <description>Tiefe: 30–50 cm</description>
            <Point id="878">
                <coordinates>8.148579330831378,49.358608744108054,0.0</coordinates>
            </Point>
        </Placemark>
        <Placemark id="881">
            <name>Gimmeldinger Straße</name>
            <description>Tiefe: 30–50 cm</description>
            <Point id="880">
                <coordinates>8.148734515524088,49.35858577573744,0.0</coordinates>
            </Point>
        </Placemark>
        <Placemark id="883">
            <name>Gimmeldinger Straße</name>
            <description>Tiefe: 30–50 cm</description>
            <Point id="882">
                <coordinates>8.150801203980501,49.36384662902789,0.0</coordinates>
            </Point>
        </Placemark>
        <Placemark id="885">
            <name>Gimmeldinger Straße</name>
            <description>Tiefe: 30–50 cm</description>
            <Point id="884">
                <coordinates>8.151536578855067,49.3643757016878,0.0</coordinates>
            </Point>
        </Placemark>
        <Placemark id="887">
            <name>Gimmeldinger Straße</name>
            <description>Tiefe: 30–50 cm</description>
            <Point id="886">
                <coordinates>8.151536578855067,49.3643757016878,0.0</coordinates>
            </Point>
        </Placemark>
        <Placemark id="889">
            <name>Peter-Koch-Straße</name>
            <description>Tiefe: 50–100 cm</description>
            <Point id="888">
                <coordinates>8.152762474465321,49.37057820180558,0.0</coordinates>
            </Point>
        </Placemark>
        <Placemark id="891">
            <name>Mandelring</name>
            <description>Tiefe: 50–100 cm</description>
            <Point id="890">
                <coordinates>8.1505143841309,49.367328997063346,0.0</coordinates>
            </Point>
        </Placemark>
        <Placemark id="893">
            <name>Friedrichstraße</name>
            <description>Tiefe: 30–50 cm</description>
            <Point id="892">
                <coordinates>8.138556413899963,49.35532174641384,0.0</coordinates>
            </Point>
        </Placemark>
        <Placemark id="895">
            <name>Wallgasse</name>
            <description>Tiefe: 50–100 cm</description>
            <Point id="894">
                <coordinates>8.13982603508381,49.35534391833239,0.0</coordinates>
            </Point>
        </Placemark>
        <Placemark id="897">
            <name>Maximilianstraße</name>
            <description>Tiefe: 50–100 cm</description>
            <Point id="896">
                <coordinates>8.139764383598393,49.35555534031742,0.0</coordinates>
            </Point>
        </Placemark>
        <Placemark id="899">
            <name>Exterstraße</name>
            <description>Tiefe: 30–50 cm</description>
            <Point id="898">
                <coordinates>8.141026657662634,49.35524397101716,0.0</coordinates>
            </Point>
        </Placemark>
        <Placemark id="901">
            <name>Maximilianstraße</name>
            <description>Tiefe: 50–100 cm</description>
            <Point id="900">
                <coordinates>8.142980466713624,49.35558575938871,0.0</coordinates>
            </Point>
        </Placemark>
        <Placemark id="903">
            <name>Wiesenstraße</name>
            <description>Tiefe: 50–100 cm</description>
            <Point id="902">
                <coordinates>8.146603283267776,49.35337500221849,0.0</coordinates>
            </Point>
        </Placemark>
        <Placemark id="905">
            <name>Wiesenstraße</name>
            <description>Tiefe: 50–100 cm</description>
            <Point id="904">
                <coordinates>8.146346351669537,49.354109180400954,0.0</coordinates>
            </Point>
        </Placemark>
        <Placemark id="907">
            <name>Wiesenstraße</name>
            <description>Tiefe: 50–100 cm</description>
            <Point id="906">
                <coordinates>8.14520417764955,49.35531943932446,0.0</coordinates>
            </Point>
        </Placemark>
        <Placemark id="909">
            <name>Maximilianstraße</name>
            <description>Tiefe: 50–100 cm</description>
            <Point id="908">
                <coordinates>8.142980466713624,49.35558575938871,0.0</coordinates>
            </Point>
        </Placemark>
        <Placemark id="911">
            <name>Maximilianstraße</name>
            <description>Tiefe: 50–100 cm</description>
            <Point id="910">
                <coordinates>8.146901823211897,49.35635424618639,0.0</coordinates>
            </Point>
        </Placemark>
        <Placemark id="913">
            <name>Wiesenstraße</name>
            <description>Tiefe: 50–100 cm</description>
            <Point id="912">
                <coordinates>8.146346351669537,49.354109180400954,0.0</coordinates>
            </Point>
        </Placemark>
        <Placemark id="915">
            <name>Wiesenstraße</name>
            <description>Tiefe: 50–100 cm</description>
            <Point id="914">
                <coordinates>8.145843717568038,49.35449352879565,0.0</coordinates>
            </Point>
        </Placemark>
        <Placemark id="917">
            <name>Karolinenstraße</name>
            <description>Tiefe: 50–100 cm</description>
            <Point id="916">
                <coordinates>8.129349606854076,49.350010549131255,0.0</coordinates>
            </Point>
        </Placemark>
        <Placemark id="919">
            <name>Alsterweiler Hauptstraße</name>
            <description>Tiefe: 50–100 cm</description>
            <Point id="918">
                <coordinates>8.120211733823897,49.3086546941637,0.0</coordinates>
            </Point>
        </Placemark>
        <Placemark id="921">
            <name>Alsterweiler Hauptstraße</name>
            <description>Tiefe: 50–100 cm</description>
            <Point id="920">
                <coordinates>8.102942984814323,49.31356897411026,0.0</coordinates>
            </Point>
        </Placemark>
        <Placemark id="923">
            <name>Im Dörnel</name>
            <description>Tiefe: 30–50 cm</description>
            <Point id="922">
                <coordinates>8.106099958241677,49.303551746612115,0.0</coordinates>
            </Point>
        </Placemark>
        <Placemark id="925">
            <name>Bergstraße</name>
            <description>Tiefe: 50–100 cm</description>
            <Point id="924">
                <coordinates>8.101939422630853,49.300720755851295,0.0</coordinates>
            </Point>
        </Placemark>
        <Placemark id="927">
            <name>Kirchstraße</name>
            <description>Tiefe: 50–100 cm</description>
            <Point id="926">
                <coordinates>8.102172951678023,49.300313474062236,0.0</coordinates>
            </Point>
        </Placemark>
        <Placemark id="929">
            <name>Bergstraße</name>
            <description>Tiefe: 50–100 cm</description>
            <Point id="928">
                <coordinates>8.102296154989745,49.30075889156177,0.0</coordinates>
            </Point>
        </Placemark>
        <Placemark id="931">
            <name>Kirchstraße</name>
            <description>Tiefe: 50–100 cm</description>
            <Point id="930">
                <coordinates>8.102442415522658,49.299889204496175,0.0</coordinates>
            </Point>
        </Placemark>
        <Placemark id="933">
            <name>Mühlstraße</name>
            <description>Tiefe: 50–100 cm</description>
            <Point id="932">
                <coordinates>8.10181075,49.299548349999995,0.0</coordinates>
            </Point>
        </Placemark>
        <Placemark id="935">
            <name>Kellereistraße</name>
            <description>Tiefe: 50–100 cm</description>
            <Point id="934">
                <coordinates>8.102100149923134,49.29920649499506,0.0</coordinates>
            </Point>
        </Placemark>
        <Placemark id="937">
            <name>Emserstraße</name>
            <description>Tiefe: 50–100 cm</description>
            <Point id="936">
                <coordinates>8.101130057747158,49.29906914287115,0.0</coordinates>
            </Point>
        </Placemark>
        <Placemark id="939">
            <name>Einlaubstraße</name>
            <description>Tiefe: 50–100 cm</description>
            <Point id="938">
                <coordinates>8.096544053605276,49.298524874789884,0.0</coordinates>
            </Point>
        </Placemark>
        <Placemark id="941">
            <name>Kellereistraße</name>
            <description>Tiefe: 50–100 cm</description>
            <Point id="940">
                <coordinates>8.102100149923134,49.29920649499506,0.0</coordinates>
            </Point>
        </Placemark>
        <Placemark id="943">
            <name>Maikammerer Straße</name>
            <description>Tiefe: 50–100 cm</description>
            <Point id="942">
                <coordinates>8.103962274066882,49.29966487053986,0.0</coordinates>
            </Point>
        </Placemark>
        <Placemark id="945">
            <name>Edenkobener Straße</name>
            <description>Tiefe: 50–100 cm</description>
            <Point id="944">
                <coordinates>8.104005769908007,49.29884714028642,0.0</coordinates>
            </Point>
        </Placemark>
        <Placemark id="947">
            <name>Maikammerer Straße</name>
            <description>Tiefe: 50–100 cm</description>
            <Point id="946">
                <coordinates>8.10504845,49.2994293,0.0</coordinates>
            </Point>
        </Placemark>
        <Placemark id="949">
            <name>Hornbrücke</name>
            <description>Tiefe: 50–100 cm</description>
            <Point id="948">
                <coordinates>8.1052699,49.29908330000001,0.0</coordinates>
            </Point>
        </Placemark>
        <Placemark id="951">
            <name>Maikammerer Straße</name>
            <description>Tiefe: 50–100 cm</description>
            <Point id="950">
                <coordinates>8.1060794063775,49.299167792016945,0.0</coordinates>
            </Point>
        </Placemark>
        <Placemark id="953">
            <name>Hornbrücke</name>
            <description>Tiefe: 50–100 cm</description>
            <Point id="952">
                <coordinates>8.105053999999999,49.298686950000004,0.0</coordinates>
            </Point>
        </Placemark>
        <Placemark id="955">
            <name>Hornbrücke</name>
            <description>Tiefe: 50–100 cm</description>
            <Point id="954">
                <coordinates>8.1052699,49.29908330000001,0.0</coordinates>
            </Point>
        </Placemark>
        <Placemark id="957">
            <name>Riedweg</name>
            <description>Tiefe: 50–100 cm</description>
            <Point id="956">
                <coordinates>8.105956247175456,49.298626015021156,0.0</coordinates>
            </Point>
        </Placemark>
        <Placemark id="959">
            <name>Riedweg</name>
            <description>Tiefe: 50–100 cm</description>
            <Point id="958">
                <coordinates>8.105956247175456,49.298626015021156,0.0</coordinates>
            </Point>
        </Placemark>
        <Placemark id="961">
            <name>Riedweg</name>
            <description>Tiefe: 50–100 cm</description>
            <Point id="960">
                <coordinates>8.108551003943898,49.298048756238366,0.0</coordinates>
            </Point>
        </Placemark>
        <Placemark id="963">
            <name>Bahnhofstraße</name>
            <description>Tiefe: 30–50 cm</description>
            <Point id="962">
                <coordinates>8.07353104756415,49.372960537464685,0.0</coordinates>
            </Point>
        </Placemark>
        <Placemark id="965">
            <name>Hauptstraße</name>
            <description>Tiefe: 30–50 cm</description>
            <Point id="964">
                <coordinates>8.072659700133102,49.372647501739394,0.0</coordinates>
            </Point>
        </Placemark>
        <Placemark id="967">
            <name>Hauptstraße</name>
            <description>Tiefe: 30–50 cm</description>
            <Point id="966">
                <coordinates>8.074107272881454,49.37257487229578,0.0</coordinates>
            </Point>
        </Placemark>
        <Placemark id="969">
            <name>Marktstraße</name>
            <description>Tiefe: 50–100 cm</description>
            <Point id="968">
                <coordinates>8.068944,49.36860755,0.0</coordinates>
            </Point>
        </Placemark>
        <Placemark id="971">
            <name>Auf den Wergen</name>
            <description>Tiefe: 30–50 cm</description>
            <Point id="970">
                <coordinates>8.0698186,49.36869405,0.0</coordinates>
            </Point>
        </Placemark>
        <Placemark id="973">
            <name>Marktstraße</name>
            <description>Tiefe: 50–100 cm</description>
            <Point id="972">
                <coordinates>8.069062070275967,49.369059903648974,0.0</coordinates>
            </Point>
        </Placemark>
        <Placemark id="975">
            <name>Marktstraße</name>
            <description>Tiefe: 50–100 cm</description>
            <Point id="974">
                <coordinates>8.069062070275967,49.369059903648974,0.0</coordinates>
            </Point>
        </Placemark>
        <Placemark id="977">
            <name>Marktstraße</name>
            <description>Tiefe: 50–100 cm</description>
            <Point id="976">
                <coordinates>8.068739070393793,49.369953691907476,0.0</coordinates>
            </Point>
        </Placemark>
        <Placemark id="979">
            <name>Karl-Marx-Straße</name>
            <description>Tiefe: 30–50 cm</description>
            <Point id="978">
                <coordinates>8.069554395074718,49.36958831972099,0.0</coordinates>
            </Point>
        </Placemark>
        <Placemark id="981">
            <name>Färberstraße</name>
            <description>Tiefe: 50–100 cm</description>
            <Point id="980">
                <coordinates>8.071749527237024,49.37136556401125,0.0</coordinates>
            </Point>
        </Placemark>
        <Placemark id="983">
            <name>Karl-Marx-Straße</name>
            <description>Tiefe: 30–50 cm</description>
            <Point id="982">
                <coordinates>8.070959749607722,49.37120132857659,0.0</coordinates>
            </Point>
        </Placemark>
        <Placemark id="985">
            <name>Karl-Marx-Straße</name>
            <description>Tiefe: 30–50 cm</description>
            <Point id="984">
                <coordinates>8.07099058583832,49.37082342873143,0.0</coordinates>
            </Point>
        </Placemark>
        <Placemark id="987">
            <name>Lilienthalstraße</name>
            <description>Tiefe: 30–50 cm</description>
            <Point id="986">
                <coordinates>8.20524302272443,49.33725498815218,0.0</coordinates>
            </Point>
        </Placemark>
        <Placemark id="989">
            <name>Adamsweg</name>
            <description>Tiefe: 30–50 cm</description>
            <Point id="988">
                <coordinates>8.206343224838289,49.33784931764371,0.0</coordinates>
            </Point>
        </Placemark>
        <Placemark id="991">
            <name>Lilienthalstraße</name>
            <description>Tiefe: 30–50 cm</description>
            <Point id="990">
                <coordinates>8.207510250928792,49.336885756003106,0.0</coordinates>
            </Point>
        </Placemark>
        <Placemark id="993">
            <name>Lilienthalstraße</name>
            <description>Tiefe: 30–50 cm</description>
            <Point id="992">
                <coordinates>8.207510250928792,49.336885756003106,0.0</coordinates>
            </Point>
        </Placemark>
        <Placemark id="995">
            <name>Lilienthalstraße</name>
            <description>Tiefe: 30–50 cm</description>
            <Point id="994">
                <coordinates>8.20925049399563,49.336631251553136,0.0</coordinates>
            </Point>
        </Placemark>
        <Placemark id="997">
            <name>Im Altenschemel</name>
            <description>Tiefe: 30–50 cm</description>
            <Point id="996">
                <coordinates>8.212415945665253,49.33686050963993,0.0</coordinates>
            </Point>
        </Placemark>
        <Placemark id="999">
            <name>Lilienthalstraße</name>
            <description>Tiefe: 30–50 cm</description>
            <Point id="998">
                <coordinates>8.213762990915857,49.33456924296694,0.0</coordinates>
            </Point>
        </Placemark>
        <Placemark id="1001">
            <name>Lilienthalstraße</name>
            <description>Tiefe: 30–50 cm</description>
            <Point id="1000">
                <coordinates>8.20925049399563,49.336631251553136,0.0</coordinates>
            </Point>
        </Placemark>
        <Placemark id="1003">
            <name>Lilienthalstraße</name>
            <description>Tiefe: 30–50 cm</description>
            <Point id="1002">
                <coordinates>8.213762990915857,49.33456924296694,0.0</coordinates>
            </Point>
        </Placemark>
        <Placemark id="1005">
            <name>Lilienthalstraße</name>
            <description>Tiefe: 30–50 cm</description>
            <Point id="1004">
                <coordinates>8.22141518533056,49.33044034084013,0.0</coordinates>
            </Point>
        </Placemark>
        <Placemark id="1007">
            <name>Flugplatzstraße</name>
            <description>Tiefe: 50–100 cm</description>
            <Point id="1006">
                <coordinates>8.214610610665986,49.32450652614185,0.0</coordinates>
            </Point>
        </Placemark>
        <Placemark id="1009">
            <name>Lilienthalstraße</name>
            <description>Tiefe: 30–50 cm</description>
            <Point id="1008">
                <coordinates>8.22141518533056,49.33044034084013,0.0</coordinates>
            </Point>
        </Placemark>
        <Placemark id="1011">
            <name>Hauptstraße</name>
            <description>Tiefe: 30–50 cm</description>
            <Point id="1010">
                <coordinates>8.071878600000002,49.3727047,0.0</coordinates>
            </Point>
        </Placemark>
        <Placemark id="1013">
            <name>Hauptstraße</name>
            <description>Tiefe: 30–50 cm</description>
            <Point id="1012">
                <coordinates>8.070803643233745,49.372770139961005,0.0</coordinates>
            </Point>
        </Placemark>
        <Placemark id="1015">
            <name>Schulstraße</name>
            <description>Tiefe: 30–50 cm</description>
            <Point id="1014">
                <coordinates>8.071187556303224,49.37248613442088,0.0</coordinates>
            </Point>
        </Placemark>
        <Placemark id="1017">
            <name>Schulstraße</name>
            <description>Tiefe: 30–50 cm</description>
            <Point id="1016">
                <coordinates>8.071187556303224,49.37248613442088,0.0</coordinates>
            </Point>
        </Placemark>
        <Placemark id="1019">
            <name>Kirchstraße</name>
            <description>Tiefe: 50–100 cm</description>
            <Point id="1018">
                <coordinates>8.069921650000001,49.371478100000004,0.0</coordinates>
            </Point>
        </Placemark>
        <Placemark id="1021">
            <name>Färberstraße</name>
            <description>Tiefe: 50–100 cm</description>
            <Point id="1020">
                <coordinates>8.070122154055205,49.37148529904779,0.0</coordinates>
            </Point>
        </Placemark>
        <Placemark id="1023">
            <name>Kirchstraße</name>
            <description>Tiefe: 50–100 cm</description>
            <Point id="1022">
                <coordinates>8.069973682448586,49.371714425436394,0.0</coordinates>
            </Point>
        </Placemark>
        <Placemark id="1025">
            <name>Winzinger Straße</name>
            <description>Tiefe: 30–50 cm</description>
            <Point id="1024">
                <coordinates>8.149206581754358,49.35708976078427,0.0</coordinates>
            </Point>
        </Placemark>
        <Placemark id="1027">
            <name>Winzinger Straße</name>
            <description>Tiefe: 30–50 cm</description>
            <Point id="1026">
                <coordinates>8.150057755620672,49.35660845974197,0.0</coordinates>
            </Point>
        </Placemark>
        <Placemark id="1029">
            <name>Robert-Stolz-Straße</name>
            <description>Tiefe: 50–100 cm</description>
            <Point id="1028">
                <coordinates>8.14924655,49.357201700000005,0.0</coordinates>
            </Point>
        </Placemark>
        <Placemark id="1031">
            <name>Robert-Stolz-Straße</name>
            <description>Tiefe: 50–100 cm</description>
            <Point id="1030">
                <coordinates>8.15004925,49.35724515,0.0</coordinates>
            </Point>
        </Placemark>
        <Placemark id="1033">
            <name>Martin-Luther-Straße</name>
            <description>Tiefe: 50–100 cm</description>
            <Point id="1032">
                <coordinates>8.151982032826698,49.35585865641494,0.0</coordinates>
            </Point>
        </Placemark>
        <Placemark id="1035">
            <name>Martin-Luther-Straße</name>
            <description>Tiefe: 50–100 cm</description>
            <Point id="1034">
                <coordinates>8.15216955424384,49.35399439785987,0.0</coordinates>
            </Point>
        </Placemark>
        <Placemark id="1037">
            <name>Winzinger Straße</name>
            <description>Tiefe: 30–50 cm</description>
            <Point id="1036">
                <coordinates>8.150153341812434,49.35454952607592,0.0</coordinates>
            </Point>
        </Placemark>
        <Placemark id="1039">
            <name>Winzinger Straße</name>
            <description>Tiefe: 30–50 cm</description>
            <Point id="1038">
                <coordinates>8.150420630925646,49.35392417780031,0.0</coordinates>
            </Point>
        </Placemark>
        <Placemark id="1041">
            <name>Klausengasse</name>
            <description>Tiefe: 30–50 cm</description>
            <Point id="1040">
                <coordinates>8.1339742,49.353025,0.0</coordinates>
            </Point>
        </Placemark>
        <Placemark id="1043">
            <name>Pfarrgasse</name>
            <description>Tiefe: 50–100 cm</description>
            <Point id="1042">
                <coordinates>8.133192980103603,49.3532022137804,0.0</coordinates>
            </Point>
        </Placemark>
        <Placemark id="1045">
            <name>Klausengasse</name>
            <description>Tiefe: 30–50 cm</description>
            <Point id="1044">
                <coordinates>8.134153446003657,49.353368459016046,0.0</coordinates>
            </Point>
        </Placemark>
        <Placemark id="1047">
            <name>Weinstraße</name>
            <description>Tiefe: 30–50 cm</description>
            <Point id="1046">
                <coordinates>8.133944748544419,49.329036555020544,0.0</coordinates>
            </Point>
        </Placemark>
        <Placemark id="1049">
            <name>Weinstraße</name>
            <description>Tiefe: 30–50 cm</description>
            <Point id="1048">
                <coordinates>8.13590007255766,49.32722038867384,0.0</coordinates>
            </Point>
        </Placemark>
        <Placemark id="1051">
            <name>Am Kirschgarten</name>
            <description>Tiefe: 30–50 cm</description>
            <Point id="1050">
                <coordinates>8.130628978480967,49.326500544330436,0.0</coordinates>
            </Point>
        </Placemark>
        <Placemark id="1053">
            <name>Am Kirschgarten</name>
            <description>Tiefe: 30–50 cm</description>
            <Point id="1052">
                <coordinates>8.129848782791898,49.32791438324559,0.0</coordinates>
            </Point>
        </Placemark>
        <Placemark id="1055">
            <name>Am Kirschgarten</name>
            <description>Tiefe: 30–50 cm</description>
            <Point id="1054">
                <coordinates>8.130120948623519,49.32426826294839,0.0</coordinates>
            </Point>
        </Placemark>
        <Placemark id="1057">
            <name>Am Kirschgarten</name>
            <description>Tiefe: 30–50 cm</description>
            <Point id="1056">
                <coordinates>8.130628978480967,49.326500544330436,0.0</coordinates>
            </Point>
        </Placemark>
        <Placemark id="1059">
            <name>Weinstraße</name>
            <description>Tiefe: 30–50 cm</description>
            <Point id="1058">
                <coordinates>8.1360157,49.3242997,0.0</coordinates>
            </Point>
        </Placemark>
        <Placemark id="1061">
            <name>Weinstraße</name>
            <description>Tiefe: 30–50 cm</description>
            <Point id="1060">
                <coordinates>8.13598900934414,49.3248898767818,0.0</coordinates>
            </Point>
        </Placemark>
        <Placemark id="1063">
            <name>Villenstraße</name>
            <description>Tiefe: 30–50 cm</description>
            <Point id="1062">
                <coordinates>8.149676240472337,49.358833557429826,0.0</coordinates>
            </Point>
        </Placemark>
        <Placemark id="1065">
            <name>Gimmeldinger Straße</name>
            <description>Tiefe: 30–50 cm</description>
            <Point id="1064">
                <coordinates>8.148734515524088,49.35858577573744,0.0</coordinates>
            </Point>
        </Placemark>
        <Placemark id="1067">
            <name>Am Kriegergarten</name>
            <description>Tiefe: 30–50 cm</description>
            <Point id="1066">
                <coordinates>8.144717516789441,49.357906023426764,0.0</coordinates>
            </Point>
        </Placemark>
        <Placemark id="1069">
            <name>Am Kriegergarten</name>
            <description>Tiefe: 30–50 cm</description>
            <Point id="1068">
                <coordinates>8.144717516789441,49.357906023426764,0.0</coordinates>
            </Point>
        </Placemark>
        <Placemark id="1071">
            <name>Mandelring</name>
            <description>Tiefe: 50–100 cm</description>
            <Point id="1070">
                <coordinates>8.138951336634161,49.360530550132964,0.0</coordinates>
            </Point>
        </Placemark>
        <Placemark id="1073">
            <name>Mandelring</name>
            <description>Tiefe: 50–100 cm</description>
            <Point id="1072">
                <coordinates>8.140279058402779,49.36811541091555,0.0</coordinates>
            </Point>
        </Placemark>
        <Placemark id="1075">
            <name>Mandelring</name>
            <description>Tiefe: 50–100 cm</description>
            <Point id="1074">
                <coordinates>8.137674236973425,49.364549568167575,0.0</coordinates>
            </Point>
        </Placemark>
        <Placemark id="1077">
            <name>Probstgasse</name>
            <description>Tiefe: 50–100 cm</description>
            <Point id="1076">
                <coordinates>8.139421049650373,49.36565911388945,0.0</coordinates>
            </Point>
        </Placemark>
        <Placemark id="1079">
            <name>Mandelring</name>
            <description>Tiefe: 50–100 cm</description>
            <Point id="1078">
                <coordinates>8.143236093209206,49.36956595011944,0.0</coordinates>
            </Point>
        </Placemark>
        <Placemark id="1081">
            <name>Eichkehle</name>
            <description>Tiefe: 30–50 cm</description>
            <Point id="1080">
                <coordinates>8.143069233891026,49.37009286622377,0.0</coordinates>
            </Point>
        </Placemark>
        <Placemark id="1083">
            <name>Mandelring</name>
            <description>Tiefe: 50–100 cm</description>
            <Point id="1082">
                <coordinates>8.140279058402779,49.36811541091555,0.0</coordinates>
            </Point>
        </Placemark>
        <Placemark id="1085">
            <name>Martin-Luther-Straße</name>
            <description>Tiefe: 50–100 cm</description>
            <Point id="1084">
                <coordinates>8.1517193,49.358984,0.0</coordinates>
            </Point>
        </Placemark>
        <Placemark id="1087">
            <name>Martin-Luther-Straße</name>
            <description>Tiefe: 50–100 cm</description>
            <Point id="1086">
                <coordinates>8.151681221724619,49.359518507997734,0.0</coordinates>
            </Point>
        </Placemark>
        <Placemark id="1089">
            <name>Martin-Luther-Straße</name>
            <description>Tiefe: 50–100 cm</description>
            <Point id="1088">
                <coordinates>8.151168857126413,49.3584399265358,0.0</coordinates>
            </Point>
        </Placemark>
        <Placemark id="1091">
            <name>Robert-Stolz-Straße</name>
            <description>Tiefe: 50–100 cm</description>
            <Point id="1090">
                <coordinates>8.151003401864209,49.357300923953545,0.0</coordinates>
            </Point>
        </Placemark>
        <Placemark id="1093">
            <name>Robert-Stolz-Straße</name>
            <description>Tiefe: 50–100 cm</description>
            <Point id="1092">
                <coordinates>8.151580763166224,49.357363874939175,0.0</coordinates>
            </Point>
        </Placemark>
        <Placemark id="1095">
            <name>Stiftstraße</name>
            <description>Tiefe: 30–50 cm</description>
            <Point id="1094">
                <coordinates>8.14648334922746,49.347048039928794,0.0</coordinates>
            </Point>
        </Placemark>
        <Placemark id="1097">
            <name>Stiftstraße</name>
            <description>Tiefe: 30–50 cm</description>
            <Point id="1096">
                <coordinates>8.145559571792786,49.347192320749826,0.0</coordinates>
            </Point>
        </Placemark>
        <Placemark id="1099">
            <name>Stiftstraße</name>
            <description>Tiefe: 30–50 cm</description>
            <Point id="1098">
                <coordinates>8.14648334922746,49.347048039928794,0.0</coordinates>
            </Point>
        </Placemark>
        <Placemark id="1101">
            <name>Stiftstraße</name>
            <description>Tiefe: 30–50 cm</description>
            <Point id="1100">
                <coordinates>8.148435405634675,49.34696389110437,0.0</coordinates>
            </Point>
        </Placemark>
        <Placemark id="1103">
            <name>Lincolnstraße</name>
            <description>Tiefe: 30–50 cm</description>
            <Point id="1102">
                <coordinates>8.144287464670846,49.34074987559787,0.0</coordinates>
            </Point>
        </Placemark>
        <Placemark id="1105">
            <name>Bahnhofstraße</name>
            <description>Tiefe: 30–50 cm</description>
            <Point id="1104">
                <coordinates>8.191590804573794,49.40770473705408,0.0</coordinates>
            </Point>
        </Placemark>
        <Placemark id="1107">
            <name>Bahnhofstraße</name>
            <description>Tiefe: 30–50 cm</description>
            <Point id="1106">
                <coordinates>8.192319069761604,49.407730431601145,0.0</coordinates>
            </Point>
        </Placemark>
        <Placemark id="1109">
            <name>Schloßwiese</name>
            <description>Tiefe: 30–50 cm</description>
            <Point id="1108">
                <coordinates>8.192598641598606,49.40730122304549,0.0</coordinates>
            </Point>
        </Placemark>
        <Placemark id="1111">
            <name>Bahnhofstraße</name>
            <description>Tiefe: 30–50 cm</description>
            <Point id="1110">
                <coordinates>8.192319069761604,49.407730431601145,0.0</coordinates>
            </Point>
        </Placemark>
        <Placemark id="1113">
            <name>Rieslingweg</name>
            <description>Tiefe: 50–100 cm</description>
            <Point id="1112">
                <coordinates>8.193704051348698,49.40674453748718,0.0</coordinates>
            </Point>
        </Placemark>
        <Placemark id="1115">
            <name>Finkenweg</name>
            <description>Tiefe: 50–100 cm</description>
            <Point id="1114">
                <coordinates>8.191347964379336,49.40691677824501,0.0</coordinates>
            </Point>
        </Placemark>
        <Placemark id="1117">
            <name>Bahnhofstraße</name>
            <description>Tiefe: 30–50 cm</description>
            <Point id="1116">
                <coordinates>8.190397664096585,49.40763061133281,0.0</coordinates>
            </Point>
        </Placemark>
        <Placemark id="1119">
            <name>Bahnhofstraße</name>
            <description>Tiefe: 30–50 cm</description>
            <Point id="1118">
                <coordinates>8.191590804573794,49.40770473705408,0.0</coordinates>
            </Point>
        </Placemark>
        <Placemark id="1121">
            <name>Bahnstraße</name>
            <description>Tiefe: 30–50 cm</description>
            <Point id="1120">
                <coordinates>8.193063599999999,49.401377350000004,0.0</coordinates>
            </Point>
        </Placemark>
        <Placemark id="1123">
            <name>Kirchstraße</name>
            <description>Tiefe: 50–100 cm</description>
            <Point id="1122">
                <coordinates>8.194796380986888,49.40027220989591,0.0</coordinates>
            </Point>
        </Placemark>
        <Placemark id="1125">
            <name>Hauptstraße</name>
            <description>Tiefe: 30–50 cm</description>
            <Point id="1124">
                <coordinates>8.190427627269441,49.39875240161496,0.0</coordinates>
            </Point>
        </Placemark>
        <Placemark id="1127">
            <name>Hauptstraße</name>
            <description>Tiefe: 30–50 cm</description>
            <Point id="1126">
                <coordinates>8.195200066869157,49.39940169594846,0.0</coordinates>
            </Point>
        </Placemark>
        <Placemark id="1129">
            <name>Hauptstraße</name>
            <description>Tiefe: 30–50 cm</description>
            <Point id="1128">
                <coordinates>8.19589805,49.399369,0.0</coordinates>
            </Point>
        </Placemark>
        <Placemark id="1131">
            <name>Hauptstraße</name>
            <description>Tiefe: 30–50 cm</description>
            <Point id="1130">
                <coordinates>8.196712639647057,49.399309676784846,0.0</coordinates>
            </Point>
        </Placemark>
        <Placemark id="1133">
            <name>Mittelgasse</name>
            <description>Tiefe: 50–100 cm</description>
            <Point id="1132">
                <coordinates>8.19606084883876,49.39992224920602,0.0</coordinates>
            </Point>
        </Placemark>
        <Placemark id="1135">
            <name>Hauptstraße</name>
            <description>Tiefe: 30–50 cm</description>
            <Point id="1134">
                <coordinates>8.198717123566409,49.39941068985265,0.0</coordinates>
            </Point>
        </Placemark>
        <Placemark id="1137">
            <name>Wiesenstraße</name>
            <description>Tiefe: 50–100 cm</description>
            <Point id="1136">
                <coordinates>8.19901200069674,49.39991876137324,0.0</coordinates>
            </Point>
        </Placemark>
        <Placemark id="1139">
            <name>Hauptstraße</name>
            <description>Tiefe: 30–50 cm</description>
            <Point id="1138">
                <coordinates>8.200185803808118,49.39947608746339,0.0</coordinates>
            </Point>
        </Placemark>
        <Placemark id="1141">
            <name>Färberstraße</name>
            <description>Tiefe: 50–100 cm</description>
            <Point id="1140">
                <coordinates>8.070554904383583,49.371496678632525,0.0</coordinates>
            </Point>
        </Placemark>
        <Placemark id="1143">
            <name>Färberstraße</name>
            <description>Tiefe: 50–100 cm</description>
            <Point id="1142">
                <coordinates>8.070122154055205,49.37148529904779,0.0</coordinates>
            </Point>
        </Placemark>
        <Placemark id="1145">
            <name>Wallonenstraße</name>
            <description>Tiefe: 50–100 cm</description>
            <Point id="1144">
                <coordinates>8.070223735068224,49.370769113092905,0.0</coordinates>
            </Point>
        </Placemark>
        <Placemark id="1147">
            <name>Färberstraße</name>
            <description>Tiefe: 50–100 cm</description>
            <Point id="1146">
                <coordinates>8.070554904383583,49.371496678632525,0.0</coordinates>
            </Point>
        </Placemark>
        <Placemark id="1149">
            <name>Färberstraße</name>
            <description>Tiefe: 50–100 cm</description>
            <Point id="1148">
                <coordinates>8.071749527237024,49.37136556401125,0.0</coordinates>
            </Point>
        </Placemark>
        <Placemark id="1151">
            <name>Karl-Marx-Straße</name>
            <description>Tiefe: 30–50 cm</description>
            <Point id="1150">
                <coordinates>8.070959749607722,49.37120132857659,0.0</coordinates>
            </Point>
        </Placemark>
        <Placemark id="1153">
            <name>Walter-Rathenau-Straße</name>
            <description>Tiefe: 30–50 cm</description>
            <Point id="1152">
                <coordinates>8.06692185,49.3730232,0.0</coordinates>
            </Point>
        </Placemark>
        <Placemark id="1155">
            <name>Hauptstraße</name>
            <description>Tiefe: 30–50 cm</description>
            <Point id="1154">
                <coordinates>8.067346700000002,49.3732678,0.0</coordinates>
            </Point>
        </Placemark>
        <Placemark id="1157">
            <name>Hauptstraße</name>
            <description>Tiefe: 30–50 cm</description>
            <Point id="1156">
                <coordinates>8.065041090991985,49.373608120569216,0.0</coordinates>
            </Point>
        </Placemark>
        <Placemark id="1159">
            <name>Klostergartenstraße</name>
            <description>Tiefe: 30–50 cm</description>
            <Point id="1158">
                <coordinates>8.0679731,49.37202145,0.0</coordinates>
            </Point>
        </Placemark>
        <Placemark id="1161">
            <name>Walter-Rathenau-Straße</name>
            <description>Tiefe: 30–50 cm</description>
            <Point id="1160">
                <coordinates>8.066831312866748,49.372194511263224,0.0</coordinates>
            </Point>
        </Placemark>
        <Placemark id="1163">
            <name>Klostergartenstraße</name>
            <description>Tiefe: 30–50 cm</description>
            <Point id="1162">
                <coordinates>8.069134570638326,49.37198350278415,0.0</coordinates>
            </Point>
        </Placemark>
        <Placemark id="1165">
            <name>Kirchstraße</name>
            <description>Tiefe: 50–100 cm</description>
            <Point id="1164">
                <coordinates>8.069928652960002,49.37197700090789,0.0</coordinates>
            </Point>
        </Placemark>
        <Placemark id="1167">
            <name>Kirchstraße</name>
            <description>Tiefe: 50–100 cm</description>
            <Point id="1166">
                <coordinates>8.069805559487088,49.37215501010693,0.0</coordinates>
            </Point>
        </Placemark>
        <Placemark id="1169">
            <name>Kirchstraße</name>
            <description>Tiefe: 50–100 cm</description>
            <Point id="1168">
                <coordinates>8.069973682448586,49.371714425436394,0.0</coordinates>
            </Point>
        </Placemark>
        <Placemark id="1171">
            <name>Kirchstraße</name>
            <description>Tiefe: 50–100 cm</description>
            <Point id="1170">
                <coordinates>8.069928652960002,49.37197700090789,0.0</coordinates>
            </Point>
        </Placemark>
        <Placemark id="1173">
            <name>Schulstraße</name>
            <description>Tiefe: 30–50 cm</description>
            <Point id="1172">
                <coordinates>8.070311474190827,49.372093380182406,0.0</coordinates>
            </Point>
        </Placemark>
        <Placemark id="1175">
            <name>Hauptstraße</name>
            <description>Tiefe: 30–50 cm</description>
            <Point id="1174">
                <coordinates>8.067346700000002,49.3732678,0.0</coordinates>
            </Point>
        </Placemark>
        <Placemark id="1177">
            <name>Hauptstraße</name>
            <description>Tiefe: 30–50 cm</description>
            <Point id="1176">
                <coordinates>8.067805,49.3731996,0.0</coordinates>
            </Point>
        </Placemark>
        <Placemark id="1179">
            <name>Bergstraße</name>
            <description>Tiefe: 50–100 cm</description>
            <Point id="1178">
                <coordinates>8.067778519252292,49.37357615405851,0.0</coordinates>
            </Point>
        </Placemark>
        <Placemark id="1181">
            <name>Bergstraße</name>
            <description>Tiefe: 50–100 cm</description>
            <Point id="1180">
                <coordinates>8.06652412591531,49.37406701865974,0.0</coordinates>
            </Point>
        </Placemark>
        <Placemark id="1183">
            <name>Westliche Luhrbachstraße</name>
            <description>Tiefe: 30–50 cm</description>
            <Point id="1182">
                <coordinates>8.06920636035979,49.37387084207442,0.0</coordinates>
            </Point>
        </Placemark>
        <Placemark id="1185">
            <name>Bergstraße</name>
            <description>Tiefe: 50–100 cm</description>
            <Point id="1184">
                <coordinates>8.067778519252292,49.37357615405851,0.0</coordinates>
            </Point>
        </Placemark>
        <Placemark id="1187">
            <name>Östliche Luhrbachstraße</name>
            <description>Tiefe: 50–100 cm</description>
            <Point id="1186">
                <coordinates>8.07013675,49.3744169,0.0</coordinates>
            </Point>
        </Placemark>
        <Placemark id="1189">
            <name>Westliche Luhrbachstraße</name>
            <description>Tiefe: 30–50 cm</description>
            <Point id="1188">
                <coordinates>8.069839111189637,49.37586416347756,0.0</coordinates>
            </Point>
        </Placemark>
        <Placemark id="1191">
            <name>Westliche Luhrbachstraße</name>
            <description>Tiefe: 30–50 cm</description>
            <Point id="1190">
                <coordinates>8.06920636035979,49.37387084207442,0.0</coordinates>
            </Point>
        </Placemark>
        <Placemark id="1193">
            <name>Östliche Luhrbachstraße</name>
            <description>Tiefe: 50–100 cm</description>
            <Point id="1192">
                <coordinates>8.07013675,49.3744169,0.0</coordinates>
            </Point>
        </Placemark>
        <Placemark id="1195">
            <name>Östliche Luhrbachstraße</name>
            <description>Tiefe: 50–100 cm</description>
            <Point id="1194">
                <coordinates>8.07038995,49.37450245,0.0</coordinates>
            </Point>
        </Placemark>
        <Placemark id="1197">
            <name>Östliche Luhrbachstraße</name>
            <description>Tiefe: 50–100 cm</description>
            <Point id="1196">
                <coordinates>8.070794536177353,49.37394117370914,0.0</coordinates>
            </Point>
        </Placemark>
        <Placemark id="1199">
            <name>Östliche Luhrbachstraße</name>
            <description>Tiefe: 50–100 cm</description>
            <Point id="1198">
                <coordinates>8.070794536177353,49.37394117370914,0.0</coordinates>
            </Point>
        </Placemark>
        <Placemark id="1201">
            <name>Bahnhofstraße</name>
            <description>Tiefe: 30–50 cm</description>
            <Point id="1200">
                <coordinates>8.07353104756415,49.372960537464685,0.0</coordinates>
            </Point>
        </Placemark>
        <Placemark id="1203">
            <name>Bergstraße</name>
            <description>Tiefe: 50–100 cm</description>
            <Point id="1202">
                <coordinates>8.06652412591531,49.37406701865974,0.0</coordinates>
            </Point>
        </Placemark>
        <Placemark id="1205">
            <name>Deidesheimer Straße</name>
            <description>Tiefe: 50–100 cm</description>
            <Point id="1204">
                <coordinates>8.177232514970651,49.38727180986164,0.0</coordinates>
            </Point>
        </Placemark>
        <Placemark id="1207">
            <name>Hirschhornring</name>
            <description>Tiefe: 50–100 cm</description>
            <Point id="1206">
                <coordinates>8.159290013898204,49.38679876386073,0.0</coordinates>
            </Point>
        </Placemark>
        <Placemark id="1209">
            <name>Hirschhornring</name>
            <description>Tiefe: 50–100 cm</description>
            <Point id="1208">
                <coordinates>8.158708326745632,49.38743422529387,0.0</coordinates>
            </Point>
        </Placemark>
        <Placemark id="1211">
            <name>Raiffeisenstraße</name>
            <description>Tiefe: 50–100 cm</description>
            <Point id="1210">
                <coordinates>8.160780623795212,49.386692927372486,0.0</coordinates>
            </Point>
        </Placemark>
        <Placemark id="1213">
            <name>Deidesheimer Straße</name>
            <description>Tiefe: 50–100 cm</description>
            <Point id="1212">
                <coordinates>8.160490546007708,49.38721982834597,0.0</coordinates>
            </Point>
        </Placemark>
        <Placemark id="1215">
            <name>Neubergstraße</name>
            <description>Tiefe: 30–50 cm</description>
            <Point id="1214">
                <coordinates>8.1588323,49.3860077,0.0</coordinates>
            </Point>
        </Placemark>
        <Placemark id="1217">
            <name>Hirschhornring</name>
            <description>Tiefe: 50–100 cm</description>
            <Point id="1216">
                <coordinates>8.157962407655422,49.38611130553909,0.0</coordinates>
            </Point>
        </Placemark>
        <Placemark id="1219">
            <name>Hirschhornring</name>
            <description>Tiefe: 50–100 cm</description>
            <Point id="1218">
                <coordinates>8.159290013898204,49.38679876386073,0.0</coordinates>
            </Point>
        </Placemark>
        <Placemark id="1221">
            <name>Stabenbergstraße</name>
            <description>Tiefe: 50–100 cm</description>
            <Point id="1220">
                <coordinates>8.15728995,49.3860581,0.0</coordinates>
            </Point>
        </Placemark>
        <Placemark id="1223">
            <name>Hirschhornring</name>
            <description>Tiefe: 50–100 cm</description>
            <Point id="1222">
                <coordinates>8.157962407655422,49.38611130553909,0.0</coordinates>
            </Point>
        </Placemark>
        <Placemark id="1225">
            <name>Erlenbergstraße</name>
            <description>Tiefe: 30–50 cm</description>
            <Point id="1224">
                <coordinates>8.156319213381732,49.38474005224835,0.0</coordinates>
            </Point>
        </Placemark>
        <Placemark id="1227">
            <name>Erlenbergstraße</name>
            <description>Tiefe: 30–50 cm</description>
            <Point id="1226">
                <coordinates>8.157123116125353,49.382978129682364,0.0</coordinates>
            </Point>
        </Placemark>
        <Placemark id="1229">
            <name>Neubergstraße</name>
            <description>Tiefe: 30–50 cm</description>
            <Point id="1228">
                <coordinates>8.157702253179737,49.38331985789461,0.0</coordinates>
            </Point>
        </Placemark>
        <Placemark id="1231">
            <name>Neubergstraße</name>
            <description>Tiefe: 30–50 cm</description>
            <Point id="1230">
                <coordinates>8.155262679765329,49.3809857600654,0.0</coordinates>
            </Point>
        </Placemark>
        <Placemark id="1233">
            <name>Robert-Stolz-Straße</name>
            <description>Tiefe: 50–100 cm</description>
            <Point id="1232">
                <coordinates>8.155367692868307,49.35781280483209,0.0</coordinates>
            </Point>
        </Placemark>
        <Placemark id="1235">
            <name>Robert-Stolz-Straße</name>
            <description>Tiefe: 50–100 cm</description>
            <Point id="1234">
                <coordinates>8.153212404289318,49.35751603314493,0.0</coordinates>
            </Point>
        </Placemark>
        <Placemark id="1237">
            <name>Robert-Stolz-Straße</name>
            <description>Tiefe: 50–100 cm</description>
            <Point id="1236">
                <coordinates>8.156653236584036,49.35801551824553,0.0</coordinates>
            </Point>
        </Placemark>
        <Placemark id="1239">
            <name>Robert-Stolz-Straße</name>
            <description>Tiefe: 50–100 cm</description>
            <Point id="1238">
                <coordinates>8.158442234780267,49.35833456781707,0.0</coordinates>
            </Point>
        </Placemark>
        <Placemark id="1241">
            <name>Robert-Stolz-Straße</name>
            <description>Tiefe: 50–100 cm</description>
            <Point id="1240">
                <coordinates>8.15695540564888,49.35853193852157,0.0</coordinates>
            </Point>
        </Placemark>
        <Placemark id="1243">
            <name>Robert-Stolz-Straße</name>
            <description>Tiefe: 50–100 cm</description>
            <Point id="1242">
                <coordinates>8.158442234780267,49.35833456781707,0.0</coordinates>
            </Point>
        </Placemark>
        <Placemark id="1245">
            <name>Am Knappengraben</name>
            <description>Tiefe: 30–50 cm</description>
            <Point id="1244">
                <coordinates>8.159277425007357,49.35921782135623,0.0</coordinates>
            </Point>
        </Placemark>
        <Placemark id="1247">
            <name>Robert-Stolz-Straße</name>
            <description>Tiefe: 50–100 cm</description>
            <Point id="1246">
                <coordinates>8.16134395386377,49.35886127979619,0.0</coordinates>
            </Point>
        </Placemark>
        <Placemark id="1249">
            <name>Robert-Stolz-Straße</name>
            <description>Tiefe: 50–100 cm</description>
            <Point id="1248">
                <coordinates>8.15695540564888,49.35853193852157,0.0</coordinates>
            </Point>
        </Placemark>
        <Placemark id="1251">
            <name>Am Knappengraben</name>
            <description>Tiefe: 30–50 cm</description>
            <Point id="1250">
                <coordinates>8.157066769738899,49.36045228361503,0.0</coordinates>
            </Point>
        </Placemark>
        <Placemark id="1253">
            <name>Adalbert-Stifter-Straße</name>
            <description>Tiefe: 50–100 cm</description>
            <Point id="1252">
                <coordinates>8.152981650000001,49.35850215,0.0</coordinates>
            </Point>
        </Placemark>
        <Placemark id="1255">
            <name>Adalbert-Stifter-Straße</name>
            <description>Tiefe: 50–100 cm</description>
            <Point id="1254">
                <coordinates>8.1530072,49.3583267,0.0</coordinates>
            </Point>
        </Placemark>
        <Placemark id="1257">
            <name>Adalbert-Stifter-Straße</name>
            <description>Tiefe: 50–100 cm</description>
            <Point id="1256">
                <coordinates>8.1529512,49.35878025,0.0</coordinates>
            </Point>
        </Placemark>
        <Placemark id="1259">
            <name>Martin-Luther-Straße</name>
            <description>Tiefe: 50–100 cm</description>
            <Point id="1258">
                <coordinates>8.15245275,49.35895465,0.0</coordinates>
            </Point>
        </Placemark>
        <Placemark id="1261">
            <name>Adalbert-Stifter-Straße</name>
            <description>Tiefe: 50–100 cm</description>
            <Point id="1260">
                <coordinates>8.15321475,49.35898025,0.0</coordinates>
            </Point>
        </Placemark>
        <Placemark id="1263">
            <name>Adalbert-Stifter-Straße</name>
            <description>Tiefe: 50–100 cm</description>
            <Point id="1262">
                <coordinates>8.152905564387751,49.359276282698666,0.0</coordinates>
            </Point>
        </Placemark>
        <Placemark id="1265">
            <name>Martin-Luther-Straße</name>
            <description>Tiefe: 50–100 cm</description>
            <Point id="1264">
                <coordinates>8.152403,49.3595621,0.0</coordinates>
            </Point>
        </Placemark>
        <Placemark id="1267">
            <name>Martin-Luther-Straße</name>
            <description>Tiefe: 50–100 cm</description>
            <Point id="1266">
                <coordinates>8.153293793959222,49.3595926794584,0.0</coordinates>
            </Point>
        </Placemark>
        <Placemark id="1269">
            <name>Adalbert-Stifter-Straße</name>
            <description>Tiefe: 50–100 cm</description>
            <Point id="1268">
                <coordinates>8.152905564387751,49.359276282698666,0.0</coordinates>
            </Point>
        </Placemark>
        <Placemark id="1271">
            <name>Martin-Luther-Straße</name>
            <description>Tiefe: 50–100 cm</description>
            <Point id="1270">
                <coordinates>8.1517193,49.358984,0.0</coordinates>
            </Point>
        </Placemark>
        <Placemark id="1273">
            <name>Martin-Luther-Straße</name>
            <description>Tiefe: 50–100 cm</description>
            <Point id="1272">
                <coordinates>8.151801344566094,49.358160949356154,0.0</coordinates>
            </Point>
        </Placemark>
        <Placemark id="1275">
            <name>Martin-Luther-Straße</name>
            <description>Tiefe: 50–100 cm</description>
            <Point id="1274">
                <coordinates>8.151848808737732,49.35893096196138,0.0</coordinates>
            </Point>
        </Placemark>
        <Placemark id="1277">
            <name>Robert-Stolz-Straße</name>
            <description>Tiefe: 50–100 cm</description>
            <Point id="1276">
                <coordinates>8.156653236584036,49.35801551824553,0.0</coordinates>
            </Point>
        </Placemark>
        <Placemark id="1279">
            <name>Harthäuserweg</name>
            <description>Tiefe: 30–50 cm</description>
            <Point id="1278">
                <coordinates>8.157456594473704,49.35747752238396,0.0</coordinates>
            </Point>
        </Placemark>
        <Placemark id="1281">
            <name>Robert-Stolz-Straße</name>
            <description>Tiefe: 50–100 cm</description>
            <Point id="1280">
                <coordinates>8.155367692868307,49.35781280483209,0.0</coordinates>
            </Point>
        </Placemark>
        <Placemark id="1283">
            <name>Harthäuserweg</name>
            <description>Tiefe: 30–50 cm</description>
            <Point id="1282">
                <coordinates>8.157456594473704,49.35747752238396,0.0</coordinates>
            </Point>
        </Placemark>
        <Placemark id="1285">
            <name>Harthäuserweg</name>
            <description>Tiefe: 30–50 cm</description>
            <Point id="1284">
                <coordinates>8.160185772171841,49.35701660340707,0.0</coordinates>
            </Point>
        </Placemark>
        <Placemark id="1287">
            <name>Harthäuserweg</name>
            <description>Tiefe: 30–50 cm</description>
            <Point id="1286">
                <coordinates>8.160185772171841,49.35701660340707,0.0</coordinates>
            </Point>
        </Placemark>
        <Placemark id="1289">
            <name>Branchweilerhofstraße</name>
            <description>Tiefe: 50–100 cm</description>
            <Point id="1288">
                <coordinates>8.15468556219353,49.3528003679462,0.0</coordinates>
            </Point>
        </Placemark>
        <Placemark id="1291">
            <name>Branchweilerhofstraße</name>
            <description>Tiefe: 50–100 cm</description>
            <Point id="1290">
                <coordinates>8.153134926383723,49.35326362567146,0.0</coordinates>
            </Point>
        </Placemark>
        <Placemark id="1293">
            <name>Von-Hartmann-Straße</name>
            <description>Tiefe: 30–50 cm</description>
            <Point id="1292">
                <coordinates>8.14249746265834,49.35143965180893,0.0</coordinates>
            </Point>
        </Placemark>
        <Placemark id="1295">
            <name>Landauer Straße</name>
            <description>Tiefe: 30–50 cm</description>
            <Point id="1294">
                <coordinates>8.15286078849617,49.34638368545551,0.0</coordinates>
            </Point>
        </Placemark>
        <Placemark id="1297">
            <name>Landauer Straße</name>
            <description>Tiefe: 30–50 cm</description>
            <Point id="1296">
                <coordinates>8.152871877093624,49.34568102917703,0.0</coordinates>
            </Point>
        </Placemark>
        <Placemark id="1299">
            <name>Grasgasse</name>
            <description>Tiefe: 30–50 cm</description>
            <Point id="1298">
                <coordinates>8.128157049648838,49.32834487616854,0.0</coordinates>
            </Point>
        </Placemark>
        <Placemark id="1301">
            <name>Schloßstraße</name>
            <description>Tiefe: 50–100 cm</description>
            <Point id="1300">
                <coordinates>8.12648552260573,49.32744526278078,0.0</coordinates>
            </Point>
        </Placemark>
        <Placemark id="1303">
            <name>Schloßstraße</name>
            <description>Tiefe: 50–100 cm</description>
            <Point id="1302">
                <coordinates>8.128942572571267,49.32819172365118,0.0</coordinates>
            </Point>
        </Placemark>
        <Placemark id="1305">
            <name>Breitenweg</name>
            <description>Tiefe: 50–100 cm</description>
            <Point id="1304">
                <coordinates>8.185639255633095,49.36810340227951,0.0</coordinates>
            </Point>
        </Placemark>
        <Placemark id="1307">
            <name>Bacchusweg</name>
            <description>Tiefe: 50–100 cm</description>
            <Point id="1306">
                <coordinates>8.182149745228914,49.366945487553075,0.0</coordinates>
            </Point>
        </Placemark>
        <Placemark id="1309">
            <name>Doktor-Sartorius-Straße</name>
            <description>Tiefe: 50–100 cm</description>
            <Point id="1308">
                <coordinates>8.180785926450438,49.366944711839096,0.0</coordinates>
            </Point>
        </Placemark>
        <Placemark id="1311">
            <name>Doktor-Sartorius-Straße</name>
            <description>Tiefe: 50–100 cm</description>
            <Point id="1310">
                <coordinates>8.181463490054234,49.36648192943237,0.0</coordinates>
            </Point>
        </Placemark>
        <Placemark id="1313">
            <name>Doktor-Sartorius-Straße</name>
            <description>Tiefe: 50–100 cm</description>
            <Point id="1312">
                <coordinates>8.17962885,49.36716275,0.0</coordinates>
            </Point>
        </Placemark>
        <Placemark id="1315">
            <name>Doktor-Sartorius-Straße</name>
            <description>Tiefe: 50–100 cm</description>
            <Point id="1314">
                <coordinates>8.180785926450438,49.366944711839096,0.0</coordinates>
            </Point>
        </Placemark>
        <Placemark id="1317">
            <name>Doktor-Sartorius-Straße</name>
            <description>Tiefe: 50–100 cm</description>
            <Point id="1316">
                <coordinates>8.17962885,49.36716275,0.0</coordinates>
            </Point>
        </Placemark>
        <Placemark id="1319">
            <name>Johann-Gottlieb-Fichte-Straße</name>
            <description>Tiefe: 30–50 cm</description>
            <Point id="1318">
                <coordinates>8.178974028319173,49.3667047558542,0.0</coordinates>
            </Point>
        </Placemark>
        <Placemark id="1321">
            <name>Johann-Gottlieb-Fichte-Straße</name>
            <description>Tiefe: 30–50 cm</description>
            <Point id="1320">
                <coordinates>8.179025288688893,49.36760788258113,0.0</coordinates>
            </Point>
        </Placemark>
        <Placemark id="1323">
            <name>Am Stentenwehr</name>
            <description>Tiefe: 50–100 cm</description>
            <Point id="1322">
                <coordinates>8.180998425080649,49.36430763615106,0.0</coordinates>
            </Point>
        </Placemark>
        <Placemark id="1325">
            <name>Am Stentenwehr</name>
            <description>Tiefe: 50–100 cm</description>
            <Point id="1324">
                <coordinates>8.1819136942596,49.363962430467545,0.0</coordinates>
            </Point>
        </Placemark>
        <Placemark id="1327">
            <name>Doktor-Sartorius-Straße</name>
            <description>Tiefe: 50–100 cm</description>
            <Point id="1326">
                <coordinates>8.181688075175444,49.36459700177259,0.0</coordinates>
            </Point>
        </Placemark>
        <Placemark id="1329">
            <name>Doktor-Sartorius-Straße</name>
            <description>Tiefe: 50–100 cm</description>
            <Point id="1328">
                <coordinates>8.180777555241812,49.363161724691984,0.0</coordinates>
            </Point>
        </Placemark>
        <Placemark id="1331">
            <name>Doktor-Sartorius-Straße</name>
            <description>Tiefe: 50–100 cm</description>
            <Point id="1330">
                <coordinates>8.180777555241812,49.363161724691984,0.0</coordinates>
            </Point>
        </Placemark>
        <Placemark id="1333">
            <name>Rieslingweg</name>
            <description>Tiefe: 50–100 cm</description>
            <Point id="1332">
                <coordinates>8.179554653602288,49.36267225249424,0.0</coordinates>
            </Point>
        </Placemark>
        <Placemark id="1335">
            <name>Rieslingweg</name>
            <description>Tiefe: 50–100 cm</description>
            <Point id="1334">
                <coordinates>8.179879800377607,49.363845186658764,0.0</coordinates>
            </Point>
        </Placemark>
        <Placemark id="1337">
            <name>Rieslingweg</name>
            <description>Tiefe: 50–100 cm</description>
            <Point id="1336">
                <coordinates>8.179879800377607,49.363845186658764,0.0</coordinates>
            </Point>
        </Placemark>
        <Placemark id="1339">
            <name>Am Stentenwehr</name>
            <description>Tiefe: 50–100 cm</description>
            <Point id="1338">
                <coordinates>8.180082897310148,49.36455009133231,0.0</coordinates>
            </Point>
        </Placemark>
        <Placemark id="1341">
            <name>Am Stentenwehr</name>
            <description>Tiefe: 50–100 cm</description>
            <Point id="1340">
                <coordinates>8.180998425080649,49.36430763615106,0.0</coordinates>
            </Point>
        </Placemark>
        <Placemark id="1343">
            <name>Am Stentenwehr</name>
            <description>Tiefe: 50–100 cm</description>
            <Point id="1342">
                <coordinates>8.182704597220397,49.36363177878201,0.0</coordinates>
            </Point>
        </Placemark>
        <Placemark id="1345">
            <name>Am Stentenwehr</name>
            <description>Tiefe: 50–100 cm</description>
            <Point id="1344">
                <coordinates>8.1819136942596,49.363962430467545,0.0</coordinates>
            </Point>
        </Placemark>
        <Placemark id="1347">
            <name>Am Stentenwehr</name>
            <description>Tiefe: 50–100 cm</description>
            <Point id="1346">
                <coordinates>8.182704597220397,49.36363177878201,0.0</coordinates>
            </Point>
        </Placemark>
        <Placemark id="1349">
            <name>Portugieserweg</name>
            <description>Tiefe: 50–100 cm</description>
            <Point id="1348">
                <coordinates>8.182129569932524,49.36324032250309,0.0</coordinates>
            </Point>
        </Placemark>
        <Placemark id="1351">
            <name>Am Stentenwehr</name>
            <description>Tiefe: 50–100 cm</description>
            <Point id="1350">
                <coordinates>8.1790827440175,49.364711034706424,0.0</coordinates>
            </Point>
        </Placemark>
        <Placemark id="1353">
            <name>Am Stentenwehr</name>
            <description>Tiefe: 50–100 cm</description>
            <Point id="1352">
                <coordinates>8.180082897310148,49.36455009133231,0.0</coordinates>
            </Point>
        </Placemark>
        <Placemark id="1355">
            <name>Silvanerweg</name>
            <description>Tiefe: 50–100 cm</description>
            <Point id="1354">
                <coordinates>8.179843009476713,49.36546112422628,0.0</coordinates>
            </Point>
        </Placemark>
        <Placemark id="1357">
            <name>Am Stentenwehr</name>
            <description>Tiefe: 50–100 cm</description>
            <Point id="1356">
                <coordinates>8.17796868714398,49.364859147094116,0.0</coordinates>
            </Point>
        </Placemark>
        <Placemark id="1359">
            <name>Am Stentenwehr</name>
            <description>Tiefe: 50–100 cm</description>
            <Point id="1358">
                <coordinates>8.1790827440175,49.364711034706424,0.0</coordinates>
            </Point>
        </Placemark>
        <Placemark id="1361">
            <name>Johann-Gottlieb-Fichte-Straße</name>
            <description>Tiefe: 30–50 cm</description>
            <Point id="1360">
                <coordinates>8.17845536323893,49.36408080442682,0.0</coordinates>
            </Point>
        </Placemark>
        <Placemark id="1363">
            <name>Johann-Gottlieb-Fichte-Straße</name>
            <description>Tiefe: 30–50 cm</description>
            <Point id="1362">
                <coordinates>8.178695287305414,49.365479720919936,0.0</coordinates>
            </Point>
        </Placemark>
        <Placemark id="1365">
            <name>Am Stentenwehr</name>
            <description>Tiefe: 50–100 cm</description>
            <Point id="1364">
                <coordinates>8.176942606415476,49.365058872125886,0.0</coordinates>
            </Point>
        </Placemark>
        <Placemark id="1367">
            <name>Am Stentenwehr</name>
            <description>Tiefe: 50–100 cm</description>
            <Point id="1366">
                <coordinates>8.17796868714398,49.364859147094116,0.0</coordinates>
            </Point>
        </Placemark>
        <Placemark id="1369">
            <name>Albert-Schweitzer-Straße</name>
            <description>Tiefe: 30–50 cm</description>
            <Point id="1368">
                <coordinates>8.177265857259862,49.36420409653597,0.0</coordinates>
            </Point>
        </Placemark>
        <Placemark id="1371">
            <name>Freiherr-vom-Stein-Straße</name>
            <description>Tiefe: 50–100 cm</description>
            <Point id="1370">
                <coordinates>8.17646465,49.365041950000005,0.0</coordinates>
            </Point>
        </Placemark>
        <Placemark id="1373">
            <name>Freiherr-vom-Stein-Straße</name>
            <description>Tiefe: 50–100 cm</description>
            <Point id="1372">
                <coordinates>8.1767445,49.365592500000005,0.0</coordinates>
            </Point>
        </Placemark>
        <Placemark id="1375">
            <name>Am Stentenwehr</name>
            <description>Tiefe: 50–100 cm</description>
            <Point id="1374">
                <coordinates>8.176942606415476,49.365058872125886,0.0</coordinates>
            </Point>
        </Placemark>
        <Placemark id="1377">
            <name>Am Stentenwehr</name>
            <description>Tiefe: 50–100 cm</description>
            <Point id="1376">
                <coordinates>8.17582649878587,49.365577469466324,0.0</coordinates>
            </Point>
        </Placemark>
        <Placemark id="1379">
            <name>Am Stentenwehr</name>
            <description>Tiefe: 50–100 cm</description>
            <Point id="1378">
                <coordinates>8.17498235,49.36620705,0.0</coordinates>
            </Point>
        </Placemark>
        <Placemark id="1381">
            <name>Rosenstraße</name>
            <description>Tiefe: 30–50 cm</description>
            <Point id="1380">
                <coordinates>8.174944184832556,49.36560545216782,0.0</coordinates>
            </Point>
        </Placemark>
        <Placemark id="1383">
            <name>Am Stentenwehr</name>
            <description>Tiefe: 50–100 cm</description>
            <Point id="1382">
                <coordinates>8.17582649878587,49.365577469466324,0.0</coordinates>
            </Point>
        </Placemark>
        <Placemark id="1385">
            <name>Am Stentenwehr</name>
            <description>Tiefe: 50–100 cm</description>
            <Point id="1384">
                <coordinates>8.17498235,49.36620705,0.0</coordinates>
            </Point>
        </Placemark>
        <Placemark id="1387">
            <name>Am Stentenwehr</name>
            <description>Tiefe: 50–100 cm</description>
            <Point id="1386">
                <coordinates>8.174678249446373,49.36642549525264,0.0</coordinates>
            </Point>
        </Placemark>
        <Placemark id="1389">
            <name>Am Stentenwehr</name>
            <description>Tiefe: 50–100 cm</description>
            <Point id="1388">
                <coordinates>8.17384772395194,49.36673967637841,0.0</coordinates>
            </Point>
        </Placemark>
        <Placemark id="1391">
            <name>Am Stentenwehr</name>
            <description>Tiefe: 50–100 cm</description>
            <Point id="1390">
                <coordinates>8.174678249446373,49.36642549525264,0.0</coordinates>
            </Point>
        </Placemark>
        <Placemark id="1393">
            <name>Zum Ordenswald</name>
            <description>Tiefe: 50–100 cm</description>
            <Point id="1392">
                <coordinates>8.17314705,49.36697545,0.0</coordinates>
            </Point>
        </Placemark>
        <Placemark id="1395">
            <name>Zum Ordenswald</name>
            <description>Tiefe: 50–100 cm</description>
            <Point id="1394">
                <coordinates>8.173225481379387,49.36712202977966,0.0</coordinates>
            </Point>
        </Placemark>
        <Placemark id="1397">
            <name>Freiherr-vom-Stein-Straße</name>
            <description>Tiefe: 50–100 cm</description>
            <Point id="1396">
                <coordinates>8.1767445,49.365592500000005,0.0</coordinates>
            </Point>
        </Placemark>
        <Placemark id="1399">
            <name>Freiherr-vom-Stein-Straße</name>
            <description>Tiefe: 50–100 cm</description>
            <Point id="1398">
                <coordinates>8.177365081548524,49.366899808459806,0.0</coordinates>
            </Point>
        </Placemark>
        <Placemark id="1401">
            <name>Breitenweg</name>
            <description>Tiefe: 50–100 cm</description>
            <Point id="1400">
                <coordinates>8.176147704108288,49.36888022898624,0.0</coordinates>
            </Point>
        </Placemark>
        <Placemark id="1403">
            <name>Breitenweg</name>
            <description>Tiefe: 50–100 cm</description>
            <Point id="1402">
                <coordinates>8.180688564359798,49.368085189917295,0.0</coordinates>
            </Point>
        </Placemark>
        <Placemark id="1405">
            <name>Freiherr-vom-Stein-Straße</name>
            <description>Tiefe: 50–100 cm</description>
            <Point id="1404">
                <coordinates>8.177772815651377,49.368174187379296,0.0</coordinates>
            </Point>
        </Placemark>
        <Placemark id="1407">
            <name>Fraenkelstraße</name>
            <description>Tiefe: 50–100 cm</description>
            <Point id="1406">
                <coordinates>8.17629907696413,49.366963683716484,0.0</coordinates>
            </Point>
        </Placemark>
        <Placemark id="1409">
            <name>Fraenkelstraße</name>
            <description>Tiefe: 50–100 cm</description>
            <Point id="1408">
                <coordinates>8.17629907696413,49.366963683716484,0.0</coordinates>
            </Point>
        </Placemark>
        <Placemark id="1411">
            <name>Johann-Gottlieb-Fichte-Straße</name>
            <description>Tiefe: 30–50 cm</description>
            <Point id="1410">
                <coordinates>8.178695287305414,49.365479720919936,0.0</coordinates>
            </Point>
        </Placemark>
        <Placemark id="1413">
            <name>Johann-Gottlieb-Fichte-Straße</name>
            <description>Tiefe: 30–50 cm</description>
            <Point id="1412">
                <coordinates>8.178974028319173,49.3667047558542,0.0</coordinates>
            </Point>
        </Placemark>
        <Placemark id="1415">
            <name>Johann-Gottlieb-Fichte-Straße</name>
            <description>Tiefe: 30–50 cm</description>
            <Point id="1414">
                <coordinates>8.178367842025223,49.36622708324427,0.0</coordinates>
            </Point>
        </Placemark>
        <Placemark id="1417">
            <name>Johann-Gottlieb-Fichte-Straße</name>
            <description>Tiefe: 30–50 cm</description>
            <Point id="1416">
                <coordinates>8.179025288688893,49.36760788258113,0.0</coordinates>
            </Point>
        </Placemark>
        <Placemark id="1419">
            <name>Johanniterstraße</name>
            <description>Tiefe: 50–100 cm</description>
            <Point id="1418">
                <coordinates>8.177695450000002,49.36342405,0.0</coordinates>
            </Point>
        </Placemark>
        <Placemark id="1421">
            <name>Johann-Gottlieb-Fichte-Straße</name>
            <description>Tiefe: 30–50 cm</description>
            <Point id="1420">
                <coordinates>8.177957768725658,49.36249038805216,0.0</coordinates>
            </Point>
        </Placemark>
        <Placemark id="1423">
            <name>Johann-Gottlieb-Fichte-Straße</name>
            <description>Tiefe: 30–50 cm</description>
            <Point id="1422">
                <coordinates>8.17845536323893,49.36408080442682,0.0</coordinates>
            </Point>
        </Placemark>
        <Placemark id="1425">
            <name>Johann-Gottlieb-Fichte-Straße</name>
            <description>Tiefe: 30–50 cm</description>
            <Point id="1424">
                <coordinates>8.176301257696776,49.36259121633116,0.0</coordinates>
            </Point>
        </Placemark>
        <Placemark id="1427">
            <name>Johann-Gottlieb-Fichte-Straße</name>
            <description>Tiefe: 30–50 cm</description>
            <Point id="1426">
                <coordinates>8.177957768725658,49.36249038805216,0.0</coordinates>
            </Point>
        </Placemark>
        <Placemark id="1429">
            <name>Albert-Schweitzer-Straße</name>
            <description>Tiefe: 30–50 cm</description>
            <Point id="1428">
                <coordinates>8.17700621068338,49.362999999747025,0.0</coordinates>
            </Point>
        </Placemark>
        <Placemark id="1431">
            <name>Freiherr-vom-Stein-Straße</name>
            <description>Tiefe: 50–100 cm</description>
            <Point id="1430">
                <coordinates>8.1757841,49.36309385,0.0</coordinates>
            </Point>
        </Placemark>
        <Placemark id="1433">
            <name>Johann-Gottlieb-Fichte-Straße</name>
            <description>Tiefe: 30–50 cm</description>
            <Point id="1432">
                <coordinates>8.176301257696776,49.36259121633116,0.0</coordinates>
            </Point>
        </Placemark>
        <Placemark id="1435">
            <name>Heidweg</name>
            <description>Tiefe: 30–50 cm</description>
            <Point id="1434">
                <coordinates>8.175107618861576,49.36178911418416,0.0</coordinates>
            </Point>
        </Placemark>
        <Placemark id="1437">
            <name>Uhlandstraße</name>
            <description>Tiefe: 30–50 cm</description>
            <Point id="1436">
                <coordinates>8.174846080628695,49.362661306462236,0.0</coordinates>
            </Point>
        </Placemark>
        <Placemark id="1439">
            <name>Portugieserweg</name>
            <description>Tiefe: 50–100 cm</description>
            <Point id="1438">
                <coordinates>8.182129569932524,49.36324032250309,0.0</coordinates>
            </Point>
        </Placemark>
        <Placemark id="1441">
            <name>Rieslingweg</name>
            <description>Tiefe: 50–100 cm</description>
            <Point id="1440">
                <coordinates>8.179554653602288,49.36267225249424,0.0</coordinates>
            </Point>
        </Placemark>
        <Placemark id="1443">
            <name>Silvanerweg</name>
            <description>Tiefe: 50–100 cm</description>
            <Point id="1442">
                <coordinates>8.179843009476713,49.36546112422628,0.0</coordinates>
            </Point>
        </Placemark>
        <Placemark id="1445">
            <name>Johann-Gottlieb-Fichte-Straße</name>
            <description>Tiefe: 30–50 cm</description>
            <Point id="1444">
                <coordinates>8.178367842025223,49.36622708324427,0.0</coordinates>
            </Point>
        </Placemark>
        <Placemark id="1447">
            <name>Doktor-Sartorius-Straße</name>
            <description>Tiefe: 50–100 cm</description>
            <Point id="1446">
                <coordinates>8.181857317893101,49.36557683041909,0.0</coordinates>
            </Point>
        </Placemark>
        <Placemark id="1449">
            <name>Doktor-Sartorius-Straße</name>
            <description>Tiefe: 50–100 cm</description>
            <Point id="1448">
                <coordinates>8.181688075175444,49.36459700177259,0.0</coordinates>
            </Point>
        </Placemark>
        <Placemark id="1451">
            <name>Am Krautgarten</name>
            <description>Tiefe: 30–50 cm</description>
            <Point id="1450">
                <coordinates>8.182470282526262,49.3663066719649,0.0</coordinates>
            </Point>
        </Placemark>
        <Placemark id="1453">
            <name>Am Krautgarten</name>
            <description>Tiefe: 30–50 cm</description>
            <Point id="1452">
                <coordinates>8.183214734756334,49.36706099558892,0.0</coordinates>
            </Point>
        </Placemark>
        <Placemark id="1455">
            <name>Bacchusweg</name>
            <description>Tiefe: 50–100 cm</description>
            <Point id="1454">
                <coordinates>8.182149745228914,49.366945487553075,0.0</coordinates>
            </Point>
        </Placemark>
        <Placemark id="1457">
            <name>Johanniterstraße</name>
            <description>Tiefe: 50–100 cm</description>
            <Point id="1456">
                <coordinates>8.1764634,49.36350915,0.0</coordinates>
            </Point>
        </Placemark>
        <Placemark id="1459">
            <name>Johanniterstraße</name>
            <description>Tiefe: 50–100 cm</description>
            <Point id="1458">
                <coordinates>8.177695450000002,49.36342405,0.0</coordinates>
            </Point>
        </Placemark>
        <Placemark id="1461">
            <name>Albert-Schweitzer-Straße</name>
            <description>Tiefe: 30–50 cm</description>
            <Point id="1460">
                <coordinates>8.177265857259862,49.36420409653597,0.0</coordinates>
            </Point>
        </Placemark>
        <Placemark id="1463">
            <name>Albert-Schweitzer-Straße</name>
            <description>Tiefe: 30–50 cm</description>
            <Point id="1462">
                <coordinates>8.17700621068338,49.362999999747025,0.0</coordinates>
            </Point>
        </Placemark>
        <Placemark id="1465">
            <name>Johanniterstraße</name>
            <description>Tiefe: 50–100 cm</description>
            <Point id="1464">
                <coordinates>8.17513915,49.36360585,0.0</coordinates>
            </Point>
        </Placemark>
        <Placemark id="1467">
            <name>Johanniterstraße</name>
            <description>Tiefe: 50–100 cm</description>
            <Point id="1466">
                <coordinates>8.1764634,49.36350915,0.0</coordinates>
            </Point>
        </Placemark>
        <Placemark id="1469">
            <name>Freiherr-vom-Stein-Straße</name>
            <description>Tiefe: 50–100 cm</description>
            <Point id="1468">
                <coordinates>8.1757841,49.36309385,0.0</coordinates>
            </Point>
        </Placemark>
        <Placemark id="1471">
            <name>Freiherr-vom-Stein-Straße</name>
            <description>Tiefe: 50–100 cm</description>
            <Point id="1470">
                <coordinates>8.176103197331685,49.36425566000771,0.0</coordinates>
            </Point>
        </Placemark>
        <Placemark id="1473">
            <name>Johanniterstraße</name>
            <description>Tiefe: 50–100 cm</description>
            <Point id="1472">
                <coordinates>8.173527799999999,49.3637159,0.0</coordinates>
            </Point>
        </Placemark>
        <Placemark id="1475">
            <name>Johanniterstraße</name>
            <description>Tiefe: 50–100 cm</description>
            <Point id="1474">
                <coordinates>8.174280849999999,49.363666949999995,0.0</coordinates>
            </Point>
        </Placemark>
        <Placemark id="1477">
            <name>Johanniterstraße</name>
            <description>Tiefe: 50–100 cm</description>
            <Point id="1476">
                <coordinates>8.173527799999999,49.3637159,0.0</coordinates>
            </Point>
        </Placemark>
        <Placemark id="1479">
            <name>Zum Ordenswald</name>
            <description>Tiefe: 50–100 cm</description>
            <Point id="1478">
                <coordinates>8.1729303,49.3639173,0.0</coordinates>
            </Point>
        </Placemark>
        <Placemark id="1481">
            <name>Zum Ordenswald</name>
            <description>Tiefe: 50–100 cm</description>
            <Point id="1480">
                <coordinates>8.17282875,49.363296950000006,0.0</coordinates>
            </Point>
        </Placemark>
        <Placemark id="1483">
            <name>Uhlandstraße</name>
            <description>Tiefe: 30–50 cm</description>
            <Point id="1482">
                <coordinates>8.17337615,49.3627803,0.0</coordinates>
            </Point>
        </Placemark>
        <Placemark id="1485">
            <name>Uhlandstraße</name>
            <description>Tiefe: 30–50 cm</description>
            <Point id="1484">
                <coordinates>8.174846080628695,49.362661306462236,0.0</coordinates>
            </Point>
        </Placemark>
        <Placemark id="1487">
            <name>Heidweg</name>
            <description>Tiefe: 30–50 cm</description>
            <Point id="1486">
                <coordinates>8.173244050000001,49.361927949999995,0.0</coordinates>
            </Point>
        </Placemark>
        <Placemark id="1489">
            <name>Zum Ordenswald</name>
            <description>Tiefe: 50–100 cm</description>
            <Point id="1488">
                <coordinates>8.1726961,49.362405550000005,0.0</coordinates>
            </Point>
        </Placemark>
        <Placemark id="1491">
            <name>Zum Ordenswald</name>
            <description>Tiefe: 50–100 cm</description>
            <Point id="1490">
                <coordinates>8.172590150000001,49.3615998,0.0</coordinates>
            </Point>
        </Placemark>
        <Placemark id="1493">
            <name>Heidweg</name>
            <description>Tiefe: 30–50 cm</description>
            <Point id="1492">
                <coordinates>8.173244050000001,49.361927949999995,0.0</coordinates>
            </Point>
        </Placemark>
        <Placemark id="1495">
            <name>Heidweg</name>
            <description>Tiefe: 30–50 cm</description>
            <Point id="1494">
                <coordinates>8.175107618861576,49.36178911418416,0.0</coordinates>
            </Point>
        </Placemark>
        <Placemark id="1497">
            <name>Freiherr-vom-Stein-Straße</name>
            <description>Tiefe: 50–100 cm</description>
            <Point id="1496">
                <coordinates>8.17646465,49.365041950000005,0.0</coordinates>
            </Point>
        </Placemark>
        <Placemark id="1499">
            <name>Freiherr-vom-Stein-Straße</name>
            <description>Tiefe: 50–100 cm</description>
            <Point id="1498">
                <coordinates>8.176103197331685,49.36425566000771,0.0</coordinates>
            </Point>
        </Placemark>
        <Placemark id="1501">
            <name>Rosenstraße</name>
            <description>Tiefe: 30–50 cm</description>
            <Point id="1500">
                <coordinates>8.174796449999999,49.36507725,0.0</coordinates>
            </Point>
        </Placemark>
        <Placemark id="1503">
            <name>Rosenstraße</name>
            <description>Tiefe: 30–50 cm</description>
            <Point id="1502">
                <coordinates>8.174944184832556,49.36560545216782,0.0</coordinates>
            </Point>
        </Placemark>
        <Placemark id="1505">
            <name>Johanniterstraße</name>
            <description>Tiefe: 50–100 cm</description>
            <Point id="1504">
                <coordinates>8.174280849999999,49.363666949999995,0.0</coordinates>
            </Point>
        </Placemark>
        <Placemark id="1507">
            <name>Johanniterstraße</name>
            <description>Tiefe: 50–100 cm</description>
            <Point id="1506">
                <coordinates>8.17513915,49.36360585,0.0</coordinates>
            </Point>
        </Placemark>
        <Placemark id="1509">
            <name>Rosenstraße</name>
            <description>Tiefe: 30–50 cm</description>
            <Point id="1508">
                <coordinates>8.174589003218484,49.36435778620306,0.0</coordinates>
            </Point>
        </Placemark>
        <Placemark id="1511">
            <name>Schießmauer</name>
            <description>Tiefe: 30–50 cm</description>
            <Point id="1510">
                <coordinates>8.171475480037953,49.364027684075765,0.0</coordinates>
            </Point>
        </Placemark>
        <Placemark id="1513">
            <name>Karlstraße</name>
            <description>Tiefe: 50–100 cm</description>
            <Point id="1512">
                <coordinates>8.137299193474044,49.35521173035927,0.0</coordinates>
            </Point>
        </Placemark>
        <Placemark id="1515">
            <name>Alban-Haas-Straße</name>
            <description>Tiefe: 50–100 cm</description>
            <Point id="1514">
                <coordinates>8.144290365476145,49.34915744005006,0.0</coordinates>
            </Point>
        </Placemark>
        <Placemark id="1517">
            <name>Alban-Haas-Straße</name>
            <description>Tiefe: 50–100 cm</description>
            <Point id="1516">
                <coordinates>8.146727604268916,49.34910798555117,0.0</coordinates>
            </Point>
        </Placemark>
        <Placemark id="1519">
            <name>Schillerstraße</name>
            <description>Tiefe: 50–100 cm</description>
            <Point id="1518">
                <coordinates>8.144723341868096,49.347064884578366,0.0</coordinates>
            </Point>
        </Placemark>
        <Placemark id="1521">
            <name>Wiesenstraße</name>
            <description>Tiefe: 50–100 cm</description>
            <Point id="1520">
                <coordinates>8.096711830599986,49.380851865188255,0.0</coordinates>
            </Point>
        </Placemark>
        <Placemark id="1523">
            <name>Hauptstraße</name>
            <description>Tiefe: 30–50 cm</description>
            <Point id="1522">
                <coordinates>8.097713675017204,49.380718528450934,0.0</coordinates>
            </Point>
        </Placemark>
        <Placemark id="1525">
            <name>Hauptstraße</name>
            <description>Tiefe: 30–50 cm</description>
            <Point id="1524">
                <coordinates>8.097593863170358,49.38148031152922,0.0</coordinates>
            </Point>
        </Placemark>
        <Placemark id="1527">
            <name>Am Kirschgarten</name>
            <description>Tiefe: 30–50 cm</description>
            <Point id="1526">
                <coordinates>8.129848782791898,49.32791438324559,0.0</coordinates>
            </Point>
        </Placemark>
        <Placemark id="1529">
            <name>Schloßstraße</name>
            <description>Tiefe: 50–100 cm</description>
            <Point id="1528">
                <coordinates>8.129678755779356,49.32848240828186,0.0</coordinates>
            </Point>
        </Placemark>
        <Placemark id="1531">
            <name>Schloßstraße</name>
            <description>Tiefe: 50–100 cm</description>
            <Point id="1530">
                <coordinates>8.128942572571267,49.32819172365118,0.0</coordinates>
            </Point>
        </Placemark>
        <Placemark id="1533">
            <name>Rittergartenstraße</name>
            <description>Tiefe: 50–100 cm</description>
            <Point id="1532">
                <coordinates>8.135245556303731,49.35524355436963,0.0</coordinates>
            </Point>
        </Placemark>
        <Placemark id="1535">
            <name>Manfred-Vetter-Straße</name>
            <description>Tiefe: 30–50 cm</description>
            <Point id="1534">
                <coordinates>8.13522599604222,49.35461538359421,0.0</coordinates>
            </Point>
        </Placemark>
        <Placemark id="1537">
            <name>Rittergartenstraße</name>
            <description>Tiefe: 50–100 cm</description>
            <Point id="1536">
                <coordinates>8.13612167119714,49.35557499123824,0.0</coordinates>
            </Point>
        </Placemark>
        <Placemark id="1539">
            <name>Rittergartenstraße</name>
            <description>Tiefe: 50–100 cm</description>
            <Point id="1538">
                <coordinates>8.1349032,49.355102849999994,0.0</coordinates>
            </Point>
        </Placemark>
        <Placemark id="1541">
            <name>Rittergartenstraße</name>
            <description>Tiefe: 50–100 cm</description>
            <Point id="1540">
                <coordinates>8.134297736688994,49.354782171537686,0.0</coordinates>
            </Point>
        </Placemark>
        <Placemark id="1543">
            <name>Mittelgasse</name>
            <description>Tiefe: 50–100 cm</description>
            <Point id="1542">
                <coordinates>8.137630388845565,49.354163331214465,0.0</coordinates>
            </Point>
        </Placemark>
        <Placemark id="1545">
            <name>Talstraße</name>
            <description>Tiefe: 30–50 cm</description>
            <Point id="1544">
                <coordinates>8.13049568416898,49.35177532262674,0.0</coordinates>
            </Point>
        </Placemark>
        <Placemark id="1547">
            <name>Karolinenstraße</name>
            <description>Tiefe: 50–100 cm</description>
            <Point id="1546">
                <coordinates>8.124965745170938,49.34995191496352,0.0</coordinates>
            </Point>
        </Placemark>
        <Placemark id="1549">
            <name>Hauptstraße</name>
            <description>Tiefe: 30–50 cm</description>
            <Point id="1548">
                <coordinates>8.206002329559848,49.399217842649215,0.0</coordinates>
            </Point>
        </Placemark>
        <Placemark id="1551">
            <name>Hauptstraße</name>
            <description>Tiefe: 30–50 cm</description>
            <Point id="1550">
                <coordinates>8.200185803808118,49.39947608746339,0.0</coordinates>
            </Point>
        </Placemark>
        <Placemark id="1553">
            <name>Im Schloßgarten</name>
            <description>Tiefe: 30–50 cm</description>
            <Point id="1552">
                <coordinates>8.200695623463172,49.40184670996513,0.0</coordinates>
            </Point>
        </Placemark>
        <Placemark id="1555">
            <name>Im Schloßgarten</name>
            <description>Tiefe: 30–50 cm</description>
            <Point id="1554">
                <coordinates>8.197810711953364,49.402237138365116,0.0</coordinates>
            </Point>
        </Placemark>
        <Placemark id="1557">
            <name>Im Schloßgarten</name>
            <description>Tiefe: 30–50 cm</description>
            <Point id="1556">
                <coordinates>8.200695623463172,49.40184670996513,0.0</coordinates>
            </Point>
        </Placemark>
        <Placemark id="1559">
            <name>Raiffeisenstraße</name>
            <description>Tiefe: 50–100 cm</description>
            <Point id="1558">
                <coordinates>8.19599335,49.4023877,0.0</coordinates>
            </Point>
        </Placemark>
        <Placemark id="1561">
            <name>Im Schloßgarten</name>
            <description>Tiefe: 30–50 cm</description>
            <Point id="1560">
                <coordinates>8.196029742119762,49.40248987264031,0.0</coordinates>
            </Point>
        </Placemark>
        <Placemark id="1563">
            <name>Im Schloßgarten</name>
            <description>Tiefe: 30–50 cm</description>
            <Point id="1562">
                <coordinates>8.194567663204845,49.40269369229183,0.0</coordinates>
            </Point>
        </Placemark>
        <Placemark id="1565">
            <name>Raiffeisenstraße</name>
            <description>Tiefe: 50–100 cm</description>
            <Point id="1564">
                <coordinates>8.19613395,49.402369199999995,0.0</coordinates>
            </Point>
        </Placemark>
        <Placemark id="1567">
            <name>Im Schloßgarten</name>
            <description>Tiefe: 30–50 cm</description>
            <Point id="1566">
                <coordinates>8.196029742119762,49.40248987264031,0.0</coordinates>
            </Point>
        </Placemark>
        <Placemark id="1569">
            <name>Im Schloßgarten</name>
            <description>Tiefe: 30–50 cm</description>
            <Point id="1568">
                <coordinates>8.197810711953364,49.402237138365116,0.0</coordinates>
            </Point>
        </Placemark>
        <Placemark id="1571">
            <name>Raiffeisenstraße</name>
            <description>Tiefe: 50–100 cm</description>
            <Point id="1570">
                <coordinates>8.19613395,49.402369199999995,0.0</coordinates>
            </Point>
        </Placemark>
        <Placemark id="1573">
            <name>Raiffeisenstraße</name>
            <description>Tiefe: 50–100 cm</description>
            <Point id="1572">
                <coordinates>8.19599335,49.4023877,0.0</coordinates>
            </Point>
        </Placemark>
        <Placemark id="1575">
            <name>Raiffeisenstraße</name>
            <description>Tiefe: 50–100 cm</description>
            <Point id="1574">
                <coordinates>8.195947897152957,49.40183982273368,0.0</coordinates>
            </Point>
        </Placemark>
        <Placemark id="1577">
            <name>Raiffeisenstraße</name>
            <description>Tiefe: 50–100 cm</description>
            <Point id="1576">
                <coordinates>8.196461828559515,49.401225923720986,0.0</coordinates>
            </Point>
        </Placemark>
        <Placemark id="1579">
            <name>Raiffeisenstraße</name>
            <description>Tiefe: 50–100 cm</description>
            <Point id="1578">
                <coordinates>8.195947897152957,49.40183982273368,0.0</coordinates>
            </Point>
        </Placemark>
        <Placemark id="1581">
            <name>Mittelgasse</name>
            <description>Tiefe: 50–100 cm</description>
            <Point id="1580">
                <coordinates>8.19606084883876,49.39992224920602,0.0</coordinates>
            </Point>
        </Placemark>
        <Placemark id="1583">
            <name>Raiffeisenstraße</name>
            <description>Tiefe: 50–100 cm</description>
            <Point id="1582">
                <coordinates>8.196184216412338,49.400666014242475,0.0</coordinates>
            </Point>
        </Placemark>
        <Placemark id="1585">
            <name>Kirchstraße</name>
            <description>Tiefe: 50–100 cm</description>
            <Point id="1584">
                <coordinates>8.194796380986888,49.40027220989591,0.0</coordinates>
            </Point>
        </Placemark>
        <Placemark id="1587">
            <name>Im Linsenbusch</name>
            <description>Tiefe: 30–50 cm</description>
            <Point id="1586">
                <coordinates>8.200890600000001,49.406116850000004,0.0</coordinates>
            </Point>
        </Placemark>
        <Placemark id="1589">
            <name>Bürgermeister-Oberhettinger-Straße</name>
            <description>Tiefe: 30–50 cm</description>
            <Point id="1588">
                <coordinates>8.20054065,49.405907049999996,0.0</coordinates>
            </Point>
        </Placemark>
        <Placemark id="1591">
            <name>Im Linsenbusch</name>
            <description>Tiefe: 30–50 cm</description>
            <Point id="1590">
                <coordinates>8.200932300000002,49.40588795,0.0</coordinates>
            </Point>
        </Placemark>
        <Placemark id="1593">
            <name>Sauterstraße</name>
            <description>Tiefe: 30–50 cm</description>
            <Point id="1592">
                <coordinates>8.121446781608489,49.353394296698724,0.0</coordinates>
            </Point>
        </Placemark>
        <Placemark id="1595">
            <name>Sauterstraße</name>
            <description>Tiefe: 30–50 cm</description>
            <Point id="1594">
                <coordinates>8.117815439438862,49.35492406242554,0.0</coordinates>
            </Point>
        </Placemark>
        <Placemark id="1597">
            <name>Sauterstraße</name>
            <description>Tiefe: 30–50 cm</description>
            <Point id="1596">
                <coordinates>8.12761953143582,49.35316871395569,0.0</coordinates>
            </Point>
        </Placemark>
        <Placemark id="1599">
            <name>Sauterstraße</name>
            <description>Tiefe: 30–50 cm</description>
            <Point id="1598">
                <coordinates>8.12566267824031,49.3531947472891,0.0</coordinates>
            </Point>
        </Placemark>
        <Placemark id="1601">
            <name>Königsbergstraße</name>
            <description>Tiefe: 30–50 cm</description>
            <Point id="1600">
                <coordinates>8.102692474299,49.356653552891785,0.0</coordinates>
            </Point>
        </Placemark>
        <Placemark id="1603">
            <name>Siedlerstraße</name>
            <description>Tiefe: 50–100 cm</description>
            <Point id="1602">
                <coordinates>8.099042150898685,49.35656796807697,0.0</coordinates>
            </Point>
        </Placemark>
        <Placemark id="1605">
            <name>Königsbergstraße</name>
            <description>Tiefe: 30–50 cm</description>
            <Point id="1604">
                <coordinates>8.102692474299,49.356653552891785,0.0</coordinates>
            </Point>
        </Placemark>
        <Placemark id="1607">
            <name>Siedlerstraße</name>
            <description>Tiefe: 50–100 cm</description>
            <Point id="1606">
                <coordinates>8.10172765,49.3578876,0.0</coordinates>
            </Point>
        </Placemark>
        <Placemark id="1609">
            <name>Siedlerstraße</name>
            <description>Tiefe: 50–100 cm</description>
            <Point id="1608">
                <coordinates>8.103615710496928,49.35754467883585,0.0</coordinates>
            </Point>
        </Placemark>
        <Placemark id="1611">
            <name>Siedlerstraße</name>
            <description>Tiefe: 50–100 cm</description>
            <Point id="1610">
                <coordinates>8.103615710496928,49.35754467883585,0.0</coordinates>
            </Point>
        </Placemark>
        <Placemark id="1613">
            <name>Siedlerstraße</name>
            <description>Tiefe: 50–100 cm</description>
            <Point id="1612">
                <coordinates>8.105462587584451,49.35718773765048,0.0</coordinates>
            </Point>
        </Placemark>
        <Placemark id="1615">
            <name>Talstraße</name>
            <description>Tiefe: 30–50 cm</description>
            <Point id="1614">
                <coordinates>8.104371882322175,49.358070621861025,0.0</coordinates>
            </Point>
        </Placemark>
        <Placemark id="1617">
            <name>Siedlerstraße</name>
            <description>Tiefe: 50–100 cm</description>
            <Point id="1616">
                <coordinates>8.105462587584451,49.35718773765048,0.0</coordinates>
            </Point>
        </Placemark>
        <Placemark id="1619">
            <name>Talstraße</name>
            <description>Tiefe: 30–50 cm</description>
            <Point id="1618">
                <coordinates>8.10693528328156,49.35660634754665,0.0</coordinates>
            </Point>
        </Placemark>
        <Placemark id="1621">
            <name>Talstraße</name>
            <description>Tiefe: 30–50 cm</description>
            <Point id="1620">
                <coordinates>8.104528098203822,49.358097383428316,0.0</coordinates>
            </Point>
        </Placemark>
        <Placemark id="1623">
            <name>Goethestraße</name>
            <description>Tiefe: 50–100 cm</description>
            <Point id="1622">
                <coordinates>8.199302238486798,49.3225737653435,0.0</coordinates>
            </Point>
        </Placemark>
        <Placemark id="1625">
            <name>Theodor-Heuss-Straße</name>
            <description>Tiefe: 50–100 cm</description>
            <Point id="1624">
                <coordinates>8.197563079235593,49.322987645572034,0.0</coordinates>
            </Point>
        </Placemark>
        <Placemark id="1627">
            <name>Goethestraße</name>
            <description>Tiefe: 50–100 cm</description>
            <Point id="1626">
                <coordinates>8.198509157555586,49.32371573919271,0.0</coordinates>
            </Point>
        </Placemark>
        <Placemark id="1629">
            <name>Heinrichstraße</name>
            <description>Tiefe: 50–100 cm</description>
            <Point id="1628">
                <coordinates>8.1980679547124,49.32462244971071,0.0</coordinates>
            </Point>
        </Placemark>
        <Placemark id="1631">
            <name>Goethestraße</name>
            <description>Tiefe: 50–100 cm</description>
            <Point id="1630">
                <coordinates>8.198518019066904,49.32442339878158,0.0</coordinates>
            </Point>
        </Placemark>
        <Placemark id="1633">
            <name>Goethestraße</name>
            <description>Tiefe: 50–100 cm</description>
            <Point id="1632">
                <coordinates>8.198509157555586,49.32371573919271,0.0</coordinates>
            </Point>
        </Placemark>
        <Placemark id="1635">
            <name>Goethestraße</name>
            <description>Tiefe: 50–100 cm</description>
            <Point id="1634">
                <coordinates>8.20068445,49.3291383,0.0</coordinates>
            </Point>
        </Placemark>
        <Placemark id="1637">
            <name>Goethestraße</name>
            <description>Tiefe: 50–100 cm</description>
            <Point id="1636">
                <coordinates>8.200845324510537,49.32936065638914,0.0</coordinates>
            </Point>
        </Placemark>
        <Placemark id="1639">
            <name>Adamsweg</name>
            <description>Tiefe: 30–50 cm</description>
            <Point id="1638">
                <coordinates>8.206545900643189,49.33928671829652,0.0</coordinates>
            </Point>
        </Placemark>
        <Placemark id="1641">
            <name>Sulzwiesenweg</name>
            <description>Tiefe: 50–100 cm</description>
            <Point id="1640">
                <coordinates>8.141885904102944,49.35719603196338,0.0</coordinates>
            </Point>
        </Placemark>
        <Placemark id="1643">
            <name>Villenstraße</name>
            <description>Tiefe: 30–50 cm</description>
            <Point id="1642">
                <coordinates>8.140757644619404,49.3567636509692,0.0</coordinates>
            </Point>
        </Placemark>
        <Placemark id="1645">
            <name>Villenstraße</name>
            <description>Tiefe: 30–50 cm</description>
            <Point id="1644">
                <coordinates>8.144498795106943,49.356945734229065,0.0</coordinates>
            </Point>
        </Placemark>
        <Placemark id="1647">
            <name>Talstraße</name>
            <description>Tiefe: 30–50 cm</description>
            <Point id="1646">
                <coordinates>8.116802447139248,49.35364239967473,0.0</coordinates>
            </Point>
        </Placemark>
        <Placemark id="1649">
            <name>Talstraße</name>
            <description>Tiefe: 30–50 cm</description>
            <Point id="1648">
                <coordinates>8.12048928587887,49.351728796825434,0.0</coordinates>
            </Point>
        </Placemark>
        <Placemark id="1651">
            <name>Saarlandstraße</name>
            <description>Tiefe: 30–50 cm</description>
            <Point id="1650">
                <coordinates>8.11688319899759,49.35309863537607,0.0</coordinates>
            </Point>
        </Placemark>
        <Placemark id="1653">
            <name>Talgrafenstraße</name>
            <description>Tiefe: 30–50 cm</description>
            <Point id="1652">
                <coordinates>8.113464405165663,49.35649924651441,0.0</coordinates>
            </Point>
        </Placemark>
        <Placemark id="1655">
            <name>Quellenstraße</name>
            <description>Tiefe: 50–100 cm</description>
            <Point id="1654">
                <coordinates>8.113826858933887,49.355941441067294,0.0</coordinates>
            </Point>
        </Placemark>
        <Placemark id="1657">
            <name>Quellenstraße</name>
            <description>Tiefe: 50–100 cm</description>
            <Point id="1656">
                <coordinates>8.112615829611881,49.356208379298224,0.0</coordinates>
            </Point>
        </Placemark>
        <Placemark id="1659">
            <name>Talstraße</name>
            <description>Tiefe: 30–50 cm</description>
            <Point id="1658">
                <coordinates>8.116802447139248,49.35364239967473,0.0</coordinates>
            </Point>
        </Placemark>
        <Placemark id="1661">
            <name>Talstraße</name>
            <description>Tiefe: 30–50 cm</description>
            <Point id="1660">
                <coordinates>8.113690398460928,49.35532151032991,0.0</coordinates>
            </Point>
        </Placemark>
        <Placemark id="1663">
            <name>Quellenstraße</name>
            <description>Tiefe: 50–100 cm</description>
            <Point id="1662">
                <coordinates>8.116407192995256,49.354647538068306,0.0</coordinates>
            </Point>
        </Placemark>
        <Placemark id="1665">
            <name>Quellenstraße</name>
            <description>Tiefe: 50–100 cm</description>
            <Point id="1664">
                <coordinates>8.115860178974536,49.355348140996306,0.0</coordinates>
            </Point>
        </Placemark>
        <Placemark id="1667">
            <name>Quellenstraße</name>
            <description>Tiefe: 50–100 cm</description>
            <Point id="1666">
                <coordinates>8.116407192995256,49.354647538068306,0.0</coordinates>
            </Point>
        </Placemark>
        <Placemark id="1669">
            <name>Quellenstraße</name>
            <description>Tiefe: 50–100 cm</description>
            <Point id="1668">
                <coordinates>8.114824177937932,49.3555057757164,0.0</coordinates>
            </Point>
        </Placemark>
        <Placemark id="1671">
            <name>Bergstraße</name>
            <description>Tiefe: 50–100 cm</description>
            <Point id="1670">
                <coordinates>8.135168938637623,49.34897062998375,0.0</coordinates>
            </Point>
        </Placemark>
        <Placemark id="1673">
            <name>Maxburgstraße</name>
            <description>Tiefe: 30–50 cm</description>
            <Point id="1672">
                <coordinates>8.136357568234276,49.348198316985915,0.0</coordinates>
            </Point>
        </Placemark>
        <Placemark id="1675">
            <name>Saarlandstraße</name>
            <description>Tiefe: 30–50 cm</description>
            <Point id="1674">
                <coordinates>8.11748955912131,49.35247877912611,0.0</coordinates>
            </Point>
        </Placemark>
        <Placemark id="1677">
            <name>Saarlandstraße</name>
            <description>Tiefe: 30–50 cm</description>
            <Point id="1676">
                <coordinates>8.116200172188213,49.352274432725636,0.0</coordinates>
            </Point>
        </Placemark>
        <Placemark id="1679">
            <name>Saarlandstraße</name>
            <description>Tiefe: 30–50 cm</description>
            <Point id="1678">
                <coordinates>8.11688319899759,49.35309863537607,0.0</coordinates>
            </Point>
        </Placemark>
        <Placemark id="1681">
            <name>Talstraße</name>
            <description>Tiefe: 30–50 cm</description>
            <Point id="1680">
                <coordinates>8.12048928587887,49.351728796825434,0.0</coordinates>
            </Point>
        </Placemark>
        <Placemark id="1683">
            <name>Talstraße</name>
            <description>Tiefe: 30–50 cm</description>
            <Point id="1682">
                <coordinates>8.125264653902148,49.35082752315516,0.0</coordinates>
            </Point>
        </Placemark>
        <Placemark id="1685">
            <name>Sauterstraße</name>
            <description>Tiefe: 30–50 cm</description>
            <Point id="1684">
                <coordinates>8.121446781608489,49.353394296698724,0.0</coordinates>
            </Point>
        </Placemark>
        <Placemark id="1687">
            <name>Sauterstraße</name>
            <description>Tiefe: 30–50 cm</description>
            <Point id="1686">
                <coordinates>8.12566267824031,49.3531947472891,0.0</coordinates>
            </Point>
        </Placemark>
        <Placemark id="1689">
            <name>Fritzengasse</name>
            <description>Tiefe: 50–100 cm</description>
            <Point id="1688">
                <coordinates>8.17228885,49.3678253,0.0</coordinates>
            </Point>
        </Placemark>
        <Placemark id="1691">
            <name>An der Bleiche</name>
            <description>Tiefe: 50–100 cm</description>
            <Point id="1690">
                <coordinates>8.172510338929033,49.36723024839118,0.0</coordinates>
            </Point>
        </Placemark>
        <Placemark id="1693">
            <name>Sauterstraße</name>
            <description>Tiefe: 30–50 cm</description>
            <Point id="1692">
                <coordinates>8.137188958934532,49.35585546343302,0.0</coordinates>
            </Point>
        </Placemark>
        <Placemark id="1695">
            <name>Sauterstraße</name>
            <description>Tiefe: 30–50 cm</description>
            <Point id="1694">
                <coordinates>8.134383006275606,49.35575844283082,0.0</coordinates>
            </Point>
        </Placemark>
        <Placemark id="1697">
            <name>An der Eselshaut</name>
            <description>Tiefe: 50–100 cm</description>
            <Point id="1696">
                <coordinates>8.161813938335337,49.36518382254595,0.0</coordinates>
            </Point>
        </Placemark>
        <Placemark id="1699">
            <name>Schießmauer</name>
            <description>Tiefe: 30–50 cm</description>
            <Point id="1698">
                <coordinates>8.1717452,49.3645226,0.0</coordinates>
            </Point>
        </Placemark>
        <Placemark id="1701">
            <name>Schlesierstraße</name>
            <description>Tiefe: 30–50 cm</description>
            <Point id="1700">
                <coordinates>8.171529,49.364857799999996,0.0</coordinates>
            </Point>
        </Placemark>
        <Placemark id="1703">
            <name>Schießmauer</name>
            <description>Tiefe: 30–50 cm</description>
            <Point id="1702">
                <coordinates>8.172226940027612,49.365372820007074,0.0</coordinates>
            </Point>
        </Placemark>
        <Placemark id="1705">
            <name>Schießmauer</name>
            <description>Tiefe: 30–50 cm</description>
            <Point id="1704">
                <coordinates>8.1715725,49.3642057,0.0</coordinates>
            </Point>
        </Placemark>
        <Placemark id="1707">
            <name>Schießmauer</name>
            <description>Tiefe: 30–50 cm</description>
            <Point id="1706">
                <coordinates>8.171475480037953,49.364027684075765,0.0</coordinates>
            </Point>
        </Placemark>
        <Placemark id="1709">
            <name>Schießmauer</name>
            <description>Tiefe: 30–50 cm</description>
            <Point id="1708">
                <coordinates>8.170672949544745,49.36430208434845,0.0</coordinates>
            </Point>
        </Placemark>
        <Placemark id="1711">
            <name>Schlesierstraße</name>
            <description>Tiefe: 30–50 cm</description>
            <Point id="1710">
                <coordinates>8.1697437,49.36519095,0.0</coordinates>
            </Point>
        </Placemark>
        <Placemark id="1713">
            <name>Schlesierstraße</name>
            <description>Tiefe: 30–50 cm</description>
            <Point id="1712">
                <coordinates>8.1707083,49.36501,0.0</coordinates>
            </Point>
        </Placemark>
        <Placemark id="1715">
            <name>Schlesierstraße</name>
            <description>Tiefe: 30–50 cm</description>
            <Point id="1714">
                <coordinates>8.1697437,49.36519095,0.0</coordinates>
            </Point>
        </Placemark>
        <Placemark id="1717">
            <name>Magdeburger Straße</name>
            <description>Tiefe: 30–50 cm</description>
            <Point id="1716">
                <coordinates>8.1713749,49.3654656,0.0</coordinates>
            </Point>
        </Placemark>
        <Placemark id="1719">
            <name>Schlesierstraße</name>
            <description>Tiefe: 30–50 cm</description>
            <Point id="1718">
                <coordinates>8.1707083,49.36501,0.0</coordinates>
            </Point>
        </Placemark>
        <Placemark id="1721">
            <name>Schlesierstraße</name>
            <description>Tiefe: 30–50 cm</description>
            <Point id="1720">
                <coordinates>8.171529,49.364857799999996,0.0</coordinates>
            </Point>
        </Placemark>
        <Placemark id="1723">
            <name>Magdeburger Straße</name>
            <description>Tiefe: 30–50 cm</description>
            <Point id="1722">
                <coordinates>8.1713749,49.3654656,0.0</coordinates>
            </Point>
        </Placemark>
        <Placemark id="1725">
            <name>Hermann-Löns-Straße</name>
            <description>Tiefe: 30–50 cm</description>
            <Point id="1724">
                <coordinates>8.171831323495253,49.36793574683993,0.0</coordinates>
            </Point>
        </Placemark>
        <Placemark id="1727">
            <name>Hermann-Löns-Straße</name>
            <description>Tiefe: 30–50 cm</description>
            <Point id="1726">
                <coordinates>8.171664071827903,49.36735368795793,0.0</coordinates>
            </Point>
        </Placemark>
        <Placemark id="1729">
            <name>An der Bleiche</name>
            <description>Tiefe: 50–100 cm</description>
            <Point id="1728">
                <coordinates>8.171875982430135,49.36739023922813,0.0</coordinates>
            </Point>
        </Placemark>
        <Placemark id="1731">
            <name>Hermann-Löns-Straße</name>
            <description>Tiefe: 30–50 cm</description>
            <Point id="1730">
                <coordinates>8.171831323495253,49.36793574683993,0.0</coordinates>
            </Point>
        </Placemark>
        <Placemark id="1733">
            <name>Herrenhofstraße</name>
            <description>Tiefe: 30–50 cm</description>
            <Point id="1732">
                <coordinates>8.171457637227984,49.368464465474574,0.0</coordinates>
            </Point>
        </Placemark>
        <Placemark id="1735">
            <name>Hermann-Löns-Straße</name>
            <description>Tiefe: 30–50 cm</description>
            <Point id="1734">
                <coordinates>8.171973709327194,49.36882072872412,0.0</coordinates>
            </Point>
        </Placemark>
        <Placemark id="1737">
            <name>Kleingasse</name>
            <description>Tiefe: 30–50 cm</description>
            <Point id="1736">
                <coordinates>8.173035785683414,49.368851072111994,0.0</coordinates>
            </Point>
        </Placemark>
        <Placemark id="1739">
            <name>Hermann-Löns-Straße</name>
            <description>Tiefe: 30–50 cm</description>
            <Point id="1738">
                <coordinates>8.172098426827525,49.36932865624315,0.0</coordinates>
            </Point>
        </Placemark>
        <Placemark id="1741">
            <name>Hermann-Löns-Straße</name>
            <description>Tiefe: 30–50 cm</description>
            <Point id="1740">
                <coordinates>8.171973709327194,49.36882072872412,0.0</coordinates>
            </Point>
        </Placemark>
        <Placemark id="1743">
            <name>Hermann-Löns-Straße</name>
            <description>Tiefe: 30–50 cm</description>
            <Point id="1742">
                <coordinates>8.172098426827525,49.36932865624315,0.0</coordinates>
            </Point>
        </Placemark>
        <Placemark id="1745">
            <name>An der Eselshaut</name>
            <description>Tiefe: 50–100 cm</description>
            <Point id="1744">
                <coordinates>8.171616389748335,49.369508940278486,0.0</coordinates>
            </Point>
        </Placemark>
        <Placemark id="1747">
            <name>Zum Ordenswald</name>
            <description>Tiefe: 50–100 cm</description>
            <Point id="1746">
                <coordinates>8.174187273940584,49.36888784303821,0.0</coordinates>
            </Point>
        </Placemark>
        <Placemark id="1749">
            <name>Branchweilerhofstraße</name>
            <description>Tiefe: 50–100 cm</description>
            <Point id="1748">
                <coordinates>8.170699819464891,49.358579668441145,0.0</coordinates>
            </Point>
        </Placemark>
        <Placemark id="1751">
            <name>Adolf-Kolping-Straße</name>
            <description>Tiefe: 30–50 cm</description>
            <Point id="1750">
                <coordinates>8.16701674146619,49.354894369685866,0.0</coordinates>
            </Point>
        </Placemark>
        <Placemark id="1753">
            <name>Seilerbahn</name>
            <description>Tiefe: 30–50 cm</description>
            <Point id="1752">
                <coordinates>8.12826475,49.351477200000005,0.0</coordinates>
            </Point>
        </Placemark>
        <Placemark id="1755">
            <name>Mandelgasse</name>
            <description>Tiefe: 30–50 cm</description>
            <Point id="1754">
                <coordinates>8.12924695178214,49.35177811030149,0.0</coordinates>
            </Point>
        </Placemark>
        <Placemark id="1757">
            <name>Mandelgasse</name>
            <description>Tiefe: 30–50 cm</description>
            <Point id="1756">
                <coordinates>8.128614780640854,49.35223394264126,0.0</coordinates>
            </Point>
        </Placemark>
        <Placemark id="1759">
            <name>Seilerbahn</name>
            <description>Tiefe: 30–50 cm</description>
            <Point id="1758">
                <coordinates>8.12826475,49.351477200000005,0.0</coordinates>
            </Point>
        </Placemark>
        <Placemark id="1761">
            <name>Siedlerstraße</name>
            <description>Tiefe: 50–100 cm</description>
            <Point id="1760">
                <coordinates>8.10341545,49.35894865,0.0</coordinates>
            </Point>
        </Placemark>
        <Placemark id="1763">
            <name>Talstraße</name>
            <description>Tiefe: 30–50 cm</description>
            <Point id="1762">
                <coordinates>8.104371882322175,49.358070621861025,0.0</coordinates>
            </Point>
        </Placemark>
        <Placemark id="1765">
            <name>Siedlerstraße</name>
            <description>Tiefe: 50–100 cm</description>
            <Point id="1764">
                <coordinates>8.102450274313673,49.35852904275647,0.0</coordinates>
            </Point>
        </Placemark>
        <Placemark id="1767">
            <name>Siedlerstraße</name>
            <description>Tiefe: 50–100 cm</description>
            <Point id="1766">
                <coordinates>8.102450274313673,49.35852904275647,0.0</coordinates>
            </Point>
        </Placemark>
        <Placemark id="1769">
            <name>Siedlerstraße</name>
            <description>Tiefe: 50–100 cm</description>
            <Point id="1768">
                <coordinates>8.10172765,49.3578876,0.0</coordinates>
            </Point>
        </Placemark>
        <Placemark id="1771">
            <name>Siedlerstraße</name>
            <description>Tiefe: 50–100 cm</description>
            <Point id="1770">
                <coordinates>8.100731726442415,49.357503003136635,0.0</coordinates>
            </Point>
        </Placemark>
        <Placemark id="1773">
            <name>Heidenbrunnenweg</name>
            <description>Tiefe: 50–100 cm</description>
            <Point id="1772">
                <coordinates>8.092380299802361,49.35440998041766,0.0</coordinates>
            </Point>
        </Placemark>
        <Placemark id="1775">
            <name>Heidenbrunnenweg</name>
            <description>Tiefe: 50–100 cm</description>
            <Point id="1774">
                <coordinates>8.100410903456032,49.359142465588526,0.0</coordinates>
            </Point>
        </Placemark>
        <Placemark id="1777">
            <name>Heidenbrunnenweg</name>
            <description>Tiefe: 50–100 cm</description>
            <Point id="1776">
                <coordinates>8.099110792776672,49.35788100785621,0.0</coordinates>
            </Point>
        </Placemark>
        <Placemark id="1779">
            <name>Heidenbrunnenweg</name>
            <description>Tiefe: 50–100 cm</description>
            <Point id="1778">
                <coordinates>8.101773451497237,49.35870128434852,0.0</coordinates>
            </Point>
        </Placemark>
        <Placemark id="1781">
            <name>Grundwiesenweg</name>
            <description>Tiefe: 30–50 cm</description>
            <Point id="1780">
                <coordinates>8.1366589,49.34152815,0.0</coordinates>
            </Point>
        </Placemark>
        <Placemark id="1783">
            <name>Grundwiesenweg</name>
            <description>Tiefe: 30–50 cm</description>
            <Point id="1782">
                <coordinates>8.1356563,49.3419156,0.0</coordinates>
            </Point>
        </Placemark>
        <Placemark id="1785">
            <name>Falkensteinstraße</name>
            <description>Tiefe: 50–100 cm</description>
            <Point id="1784">
                <coordinates>8.136749729289127,49.34240368601946,0.0</coordinates>
            </Point>
        </Placemark>
        <Placemark id="1787">
            <name>Grundwiesenweg</name>
            <description>Tiefe: 30–50 cm</description>
            <Point id="1786">
                <coordinates>8.1375638,49.3411841,0.0</coordinates>
            </Point>
        </Placemark>
        <Placemark id="1789">
            <name>Grundwiesenweg</name>
            <description>Tiefe: 30–50 cm</description>
            <Point id="1788">
                <coordinates>8.1366589,49.34152815,0.0</coordinates>
            </Point>
        </Placemark>
        <Placemark id="1791">
            <name>Gräfensteinstraße</name>
            <description>Tiefe: 50–100 cm</description>
            <Point id="1790">
                <coordinates>8.137896648363917,49.34200789017753,0.0</coordinates>
            </Point>
        </Placemark>
        <Placemark id="1793">
            <name>Wolfsburgstraße</name>
            <description>Tiefe: 30–50 cm</description>
            <Point id="1792">
                <coordinates>8.112632644490652,49.35719466277194,0.0</coordinates>
            </Point>
        </Placemark>
        <Placemark id="1795">
            <name>Wolfsburgstraße</name>
            <description>Tiefe: 30–50 cm</description>
            <Point id="1794">
                <coordinates>8.109719446693312,49.35818852801599,0.0</coordinates>
            </Point>
        </Placemark>
        <Placemark id="1797">
            <name>Branchweilerhofstraße</name>
            <description>Tiefe: 50–100 cm</description>
            <Point id="1796">
                <coordinates>8.172675598414626,49.358635411568365,0.0</coordinates>
            </Point>
        </Placemark>
        <Placemark id="1799">
            <name>Maxburgstraße</name>
            <description>Tiefe: 30–50 cm</description>
            <Point id="1798">
                <coordinates>8.13611053818862,49.34425733018361,0.0</coordinates>
            </Point>
        </Placemark>
        <Placemark id="1801">
            <name>Maxburgstraße</name>
            <description>Tiefe: 30–50 cm</description>
            <Point id="1800">
                <coordinates>8.136376814275508,49.34559053567931,0.0</coordinates>
            </Point>
        </Placemark>
        <Placemark id="1803">
            <name>Heerstraße</name>
            <description>Tiefe: 50–100 cm</description>
            <Point id="1802">
                <coordinates>8.13215265,49.323083600000004,0.0</coordinates>
            </Point>
        </Placemark>
        <Placemark id="1805">
            <name>Flugplatzstraße</name>
            <description>Tiefe: 50–100 cm</description>
            <Point id="1804">
                <coordinates>8.201516683975427,49.331850222564334,0.0</coordinates>
            </Point>
        </Placemark>
        <Placemark id="1807">
            <name>Flugplatzstraße</name>
            <description>Tiefe: 50–100 cm</description>
            <Point id="1806">
                <coordinates>8.201477160604586,49.33215655707708,0.0</coordinates>
            </Point>
        </Placemark>
        <Placemark id="1809">
            <name>Flugplatzstraße</name>
            <description>Tiefe: 50–100 cm</description>
            <Point id="1808">
                <coordinates>8.20114705691641,49.33198135755936,0.0</coordinates>
            </Point>
        </Placemark>
        <Placemark id="1811">
            <name>Talstraße</name>
            <description>Tiefe: 30–50 cm</description>
            <Point id="1810">
                <coordinates>8.136178098569587,49.350174269558046,0.0</coordinates>
            </Point>
        </Placemark>
        <Placemark id="1813">
            <name>Landauer Straße</name>
            <description>Tiefe: 30–50 cm</description>
            <Point id="1812">
                <coordinates>8.137553821037434,49.35014158371772,0.0</coordinates>
            </Point>
        </Placemark>
        <Placemark id="1815">
            <name>Hauptstraße</name>
            <description>Tiefe: 30–50 cm</description>
            <Point id="1814">
                <coordinates>8.137161814879626,49.349917145069014,0.0</coordinates>
            </Point>
        </Placemark>
        <Placemark id="1817">
            <name>Altbachstraße</name>
            <description>Tiefe: 50–100 cm</description>
            <Point id="1816">
                <coordinates>8.15529205,49.3745927,0.0</coordinates>
            </Point>
        </Placemark>
        <Placemark id="1819">
            <name>Kurpfalzstraße</name>
            <description>Tiefe: 30–50 cm</description>
            <Point id="1818">
                <coordinates>8.1554389,49.374610149999995,0.0</coordinates>
            </Point>
        </Placemark>
        <Placemark id="1821">
            <name>Kurpfalzstraße</name>
            <description>Tiefe: 30–50 cm</description>
            <Point id="1820">
                <coordinates>8.154575164487623,49.37513029466499,0.0</coordinates>
            </Point>
        </Placemark>
        <Placemark id="1823">
            <name>Loblocherstraße</name>
            <description>Tiefe: 50–100 cm</description>
            <Point id="1822">
                <coordinates>8.160994318044999,49.372925040833344,0.0</coordinates>
            </Point>
        </Placemark>
        <Placemark id="1825">
            <name>Kurpfalzstraße</name>
            <description>Tiefe: 30–50 cm</description>
            <Point id="1824">
                <coordinates>8.16179914655396,49.37331265295252,0.0</coordinates>
            </Point>
        </Placemark>
        <Placemark id="1827">
            <name>Kurpfalzstraße</name>
            <description>Tiefe: 30–50 cm</description>
            <Point id="1826">
                <coordinates>8.162505482295101,49.37309191936807,0.0</coordinates>
            </Point>
        </Placemark>
        <Placemark id="1829">
            <name>Kurpfalzstraße</name>
            <description>Tiefe: 30–50 cm</description>
            <Point id="1828">
                <coordinates>8.16620095,49.372185849999994,0.0</coordinates>
            </Point>
        </Placemark>
        <Placemark id="1831">
            <name>Kurpfalzstraße</name>
            <description>Tiefe: 30–50 cm</description>
            <Point id="1830">
                <coordinates>8.166951329320074,49.37157907438999,0.0</coordinates>
            </Point>
        </Placemark>
        <Placemark id="1833">
            <name>Loblocherstraße</name>
            <description>Tiefe: 50–100 cm</description>
            <Point id="1832">
                <coordinates>8.156207732524535,49.37421835602485,0.0</coordinates>
            </Point>
        </Placemark>
        <Placemark id="1835">
            <name>Loblocherstraße</name>
            <description>Tiefe: 50–100 cm</description>
            <Point id="1834">
                <coordinates>8.158426782168071,49.373246110791094,0.0</coordinates>
            </Point>
        </Placemark>
        <Placemark id="1837">
            <name>Mithrasstraße</name>
            <description>Tiefe: 50–100 cm</description>
            <Point id="1836">
                <coordinates>8.15635017222658,49.37326461003572,0.0</coordinates>
            </Point>
        </Placemark>
        <Placemark id="1839">
            <name>Mithrasstraße</name>
            <description>Tiefe: 50–100 cm</description>
            <Point id="1838">
                <coordinates>8.15635017222658,49.37326461003572,0.0</coordinates>
            </Point>
        </Placemark>
        <Placemark id="1841">
            <name>Von-Geissel-Straße</name>
            <description>Tiefe: 30–50 cm</description>
            <Point id="1840">
                <coordinates>8.1548518,49.37352985,0.0</coordinates>
            </Point>
        </Placemark>
        <Placemark id="1843">
            <name>Von-Geissel-Straße</name>
            <description>Tiefe: 30–50 cm</description>
            <Point id="1842">
                <coordinates>8.1548518,49.37352985,0.0</coordinates>
            </Point>
        </Placemark>
        <Placemark id="1845">
            <name>Von-Geissel-Straße</name>
            <description>Tiefe: 30–50 cm</description>
            <Point id="1844">
                <coordinates>8.153229912276641,49.374202798335936,0.0</coordinates>
            </Point>
        </Placemark>
        <Placemark id="1847">
            <name>Altbachstraße</name>
            <description>Tiefe: 50–100 cm</description>
            <Point id="1846">
                <coordinates>8.154763740816943,49.37417274194843,0.0</coordinates>
            </Point>
        </Placemark>
        <Placemark id="1849">
            <name>Kirchstraße</name>
            <description>Tiefe: 50–100 cm</description>
            <Point id="1848">
                <coordinates>8.069805559487088,49.37215501010693,0.0</coordinates>
            </Point>
        </Placemark>
        <Placemark id="1851">
            <name>Kirchstraße</name>
            <description>Tiefe: 50–100 cm</description>
            <Point id="1850">
                <coordinates>8.069597528689135,49.37235473950228,0.0</coordinates>
            </Point>
        </Placemark>
        <Placemark id="1853">
            <name>Kirchstraße</name>
            <description>Tiefe: 50–100 cm</description>
            <Point id="1852">
                <coordinates>8.069595772347135,49.372538883132066,0.0</coordinates>
            </Point>
        </Placemark>
        <Placemark id="1855">
            <name>Hauptstraße</name>
            <description>Tiefe: 30–50 cm</description>
            <Point id="1854">
                <coordinates>8.069541693839325,49.372920206212584,0.0</coordinates>
            </Point>
        </Placemark>
        <Placemark id="1857">
            <name>Hauptstraße</name>
            <description>Tiefe: 30–50 cm</description>
            <Point id="1856">
                <coordinates>8.070803643233745,49.372770139961005,0.0</coordinates>
            </Point>
        </Placemark>
        <Placemark id="1859">
            <name>Raiffeisenstraße</name>
            <description>Tiefe: 50–100 cm</description>
            <Point id="1858">
                <coordinates>8.1615064,49.385572249999996,0.0</coordinates>
            </Point>
        </Placemark>
        <Placemark id="1861">
            <name>Raiffeisenstraße</name>
            <description>Tiefe: 50–100 cm</description>
            <Point id="1860">
                <coordinates>8.161397348673946,49.38592697523661,0.0</coordinates>
            </Point>
        </Placemark>
        <Placemark id="1863">
            <name>Im Jesuitengarten</name>
            <description>Tiefe: 50–100 cm</description>
            <Point id="1862">
                <coordinates>8.160469255882656,49.385573468041194,0.0</coordinates>
            </Point>
        </Placemark>
        <Placemark id="1865">
            <name>Raiffeisenstraße</name>
            <description>Tiefe: 50–100 cm</description>
            <Point id="1864">
                <coordinates>8.162279091192838,49.38465181934204,0.0</coordinates>
            </Point>
        </Placemark>
        <Placemark id="1867">
            <name>Hildenbrandseck</name>
            <description>Tiefe: 50–100 cm</description>
            <Point id="1866">
                <coordinates>8.163212362258202,49.384024988033254,0.0</coordinates>
            </Point>
        </Placemark>
        <Placemark id="1869">
            <name>Hildenbrandseck</name>
            <description>Tiefe: 50–100 cm</description>
            <Point id="1868">
                <coordinates>8.163212362258202,49.384024988033254,0.0</coordinates>
            </Point>
        </Placemark>
        <Placemark id="1871">
            <name>Herzogstraße</name>
            <description>Tiefe: 30–50 cm</description>
            <Point id="1870">
                <coordinates>8.16438007357063,49.38330643078406,0.0</coordinates>
            </Point>
        </Placemark>
        <Placemark id="1873">
            <name>Herzogstraße</name>
            <description>Tiefe: 30–50 cm</description>
            <Point id="1872">
                <coordinates>8.162910980210365,49.383560001784176,0.0</coordinates>
            </Point>
        </Placemark>
        <Placemark id="1875">
            <name>Mozartstraße</name>
            <description>Tiefe: 30–50 cm</description>
            <Point id="1874">
                <coordinates>8.138290505318023,49.34855054841698,0.0</coordinates>
            </Point>
        </Placemark>
        <Placemark id="1877">
            <name>Enggasse</name>
            <description>Tiefe: 50–100 cm</description>
            <Point id="1876">
                <coordinates>8.12924532109229,49.336206871021375,0.0</coordinates>
            </Point>
        </Placemark>
        <Placemark id="1879">
            <name>Enggasse</name>
            <description>Tiefe: 50–100 cm</description>
            <Point id="1878">
                <coordinates>8.128077879954548,49.33622216408029,0.0</coordinates>
            </Point>
        </Placemark>
        <Placemark id="1881">
            <name>Freiheitstraße</name>
            <description>Tiefe: 50–100 cm</description>
            <Point id="1880">
                <coordinates>8.124373031943009,49.33610491106945,0.0</coordinates>
            </Point>
        </Placemark>
        <Placemark id="1883">
            <name>Freiheitstraße</name>
            <description>Tiefe: 50–100 cm</description>
            <Point id="1882">
                <coordinates>8.126361963180337,49.33567549373388,0.0</coordinates>
            </Point>
        </Placemark>
        <Placemark id="1885">
            <name>An der Brücke</name>
            <description>Tiefe: 50–100 cm</description>
            <Point id="1884">
                <coordinates>8.125013788282986,49.33616995882436,0.0</coordinates>
            </Point>
        </Placemark>
        <Placemark id="1887">
            <name>Freiheitstraße</name>
            <description>Tiefe: 50–100 cm</description>
            <Point id="1886">
                <coordinates>8.127945786156902,49.33546007883763,0.0</coordinates>
            </Point>
        </Placemark>
        <Placemark id="1889">
            <name>Freiheitstraße</name>
            <description>Tiefe: 50–100 cm</description>
            <Point id="1888">
                <coordinates>8.126361963180337,49.33567549373388,0.0</coordinates>
            </Point>
        </Placemark>
        <Placemark id="1891">
            <name>Freiheitstraße</name>
            <description>Tiefe: 50–100 cm</description>
            <Point id="1890">
                <coordinates>8.128815904044517,49.33515342358471,0.0</coordinates>
            </Point>
        </Placemark>
        <Placemark id="1893">
            <name>Weinstraße</name>
            <description>Tiefe: 30–50 cm</description>
            <Point id="1892">
                <coordinates>8.129857238865275,49.335696151201205,0.0</coordinates>
            </Point>
        </Placemark>
        <Placemark id="1895">
            <name>Weinstraße</name>
            <description>Tiefe: 30–50 cm</description>
            <Point id="1894">
                <coordinates>8.130306456305744,49.33436280754987,0.0</coordinates>
            </Point>
        </Placemark>
        <Placemark id="1897">
            <name>Steinbachweg</name>
            <description>Tiefe: 30–50 cm</description>
            <Point id="1896">
                <coordinates>8.201357703885526,49.33849019462539,0.0</coordinates>
            </Point>
        </Placemark>
        <Placemark id="1899">
            <name>In der Achen</name>
            <description>Tiefe: 30–50 cm</description>
            <Point id="1898">
                <coordinates>8.2005801,49.338515,0.0</coordinates>
            </Point>
        </Placemark>
        <Placemark id="1901">
            <name>Steinbachweg</name>
            <description>Tiefe: 30–50 cm</description>
            <Point id="1900">
                <coordinates>8.201357703885526,49.33849019462539,0.0</coordinates>
            </Point>
        </Placemark>
        <Placemark id="1903">
            <name>In der Achen</name>
            <description>Tiefe: 30–50 cm</description>
            <Point id="1902">
                <coordinates>8.20102188057717,49.33912532560035,0.0</coordinates>
            </Point>
        </Placemark>
        <Placemark id="1905">
            <name>In der Achen</name>
            <description>Tiefe: 30–50 cm</description>
            <Point id="1904">
                <coordinates>8.201692399999999,49.33944805,0.0</coordinates>
            </Point>
        </Placemark>
        <Placemark id="1907">
            <name>In der Achen</name>
            <description>Tiefe: 30–50 cm</description>
            <Point id="1906">
                <coordinates>8.20102188057717,49.33912532560035,0.0</coordinates>
            </Point>
        </Placemark>
        <Placemark id="1909">
            <name>In der Achen</name>
            <description>Tiefe: 30–50 cm</description>
            <Point id="1908">
                <coordinates>8.20257238391336,49.33921583082847,0.0</coordinates>
            </Point>
        </Placemark>
        <Placemark id="1911">
            <name>In der Achen</name>
            <description>Tiefe: 30–50 cm</description>
            <Point id="1910">
                <coordinates>8.20192085,49.33970515,0.0</coordinates>
            </Point>
        </Placemark>
        <Placemark id="1913">
            <name>In der Achen</name>
            <description>Tiefe: 30–50 cm</description>
            <Point id="1912">
                <coordinates>8.20216955,49.339662649999994,0.0</coordinates>
            </Point>
        </Placemark>
        <Placemark id="1915">
            <name>In der Achen</name>
            <description>Tiefe: 30–50 cm</description>
            <Point id="1914">
                <coordinates>8.201692399999999,49.33944805,0.0</coordinates>
            </Point>
        </Placemark>
        <Placemark id="1917">
            <name>In der Achen</name>
            <description>Tiefe: 30–50 cm</description>
            <Point id="1916">
                <coordinates>8.2021585,49.339810299999996,0.0</coordinates>
            </Point>
        </Placemark>
        <Placemark id="1919">
            <name>In der Achen</name>
            <description>Tiefe: 30–50 cm</description>
            <Point id="1918">
                <coordinates>8.20216955,49.339662649999994,0.0</coordinates>
            </Point>
        </Placemark>
        <Placemark id="1921">
            <name>In der Achen</name>
            <description>Tiefe: 30–50 cm</description>
            <Point id="1920">
                <coordinates>8.20257238391336,49.33921583082847,0.0</coordinates>
            </Point>
        </Placemark>
        <Placemark id="1923">
            <name>In der Achen</name>
            <description>Tiefe: 30–50 cm</description>
            <Point id="1922">
                <coordinates>8.2017618,49.3398765,0.0</coordinates>
            </Point>
        </Placemark>
        <Placemark id="1925">
            <name>In der Achen</name>
            <description>Tiefe: 30–50 cm</description>
            <Point id="1924">
                <coordinates>8.2021585,49.339810299999996,0.0</coordinates>
            </Point>
        </Placemark>
        <Placemark id="1927">
            <name>In der Achen</name>
            <description>Tiefe: 30–50 cm</description>
            <Point id="1926">
                <coordinates>8.20192085,49.33970515,0.0</coordinates>
            </Point>
        </Placemark>
        <Placemark id="1929">
            <name>In der Achen</name>
            <description>Tiefe: 30–50 cm</description>
            <Point id="1928">
                <coordinates>8.2017618,49.3398765,0.0</coordinates>
            </Point>
        </Placemark>
        <Placemark id="1931">
            <name>Weinstraße</name>
            <description>Tiefe: 30–50 cm</description>
            <Point id="1930">
                <coordinates>8.130747087986602,49.32898998704971,0.0</coordinates>
            </Point>
        </Placemark>
        <Placemark id="1933">
            <name>Weinstraße</name>
            <description>Tiefe: 30–50 cm</description>
            <Point id="1932">
                <coordinates>8.130114675900472,49.32904435312617,0.0</coordinates>
            </Point>
        </Placemark>
        <Placemark id="1935">
            <name>Schloßstraße</name>
            <description>Tiefe: 50–100 cm</description>
            <Point id="1934">
                <coordinates>8.13014548418083,49.328691122609534,0.0</coordinates>
            </Point>
        </Placemark>
        <Placemark id="1937">
            <name>Horstweg</name>
            <description>Tiefe: 30–50 cm</description>
            <Point id="1936">
                <coordinates>8.130679670340232,49.333151486954776,0.0</coordinates>
            </Point>
        </Placemark>
        <Placemark id="1939">
            <name>Weinstraße</name>
            <description>Tiefe: 30–50 cm</description>
            <Point id="1938">
                <coordinates>8.130424329446399,49.33219332746292,0.0</coordinates>
            </Point>
        </Placemark>
        <Placemark id="1941">
            <name>Dammstraße</name>
            <description>Tiefe: 50–100 cm</description>
            <Point id="1940">
                <coordinates>8.131308061172895,49.33146905789385,0.0</coordinates>
            </Point>
        </Placemark>
        <Placemark id="1943">
            <name>Horstweg</name>
            <description>Tiefe: 30–50 cm</description>
            <Point id="1942">
                <coordinates>8.131481885514566,49.33325338942518,0.0</coordinates>
            </Point>
        </Placemark>
        <Placemark id="1945">
            <name>Horstweg</name>
            <description>Tiefe: 30–50 cm</description>
            <Point id="1944">
                <coordinates>8.132112570238176,49.33331313373763,0.0</coordinates>
            </Point>
        </Placemark>
        <Placemark id="1947">
            <name>Dammstraße</name>
            <description>Tiefe: 50–100 cm</description>
            <Point id="1946">
                <coordinates>8.132154726762368,49.334108355873134,0.0</coordinates>
            </Point>
        </Placemark>
        <Placemark id="1949">
            <name>Grundwiesenweg</name>
            <description>Tiefe: 30–50 cm</description>
            <Point id="1948">
                <coordinates>8.1375638,49.3411841,0.0</coordinates>
            </Point>
        </Placemark>
        <Placemark id="1951">
            <name>Grundwiesenweg</name>
            <description>Tiefe: 30–50 cm</description>
            <Point id="1950">
                <coordinates>8.138745904143217,49.34049468970673,0.0</coordinates>
            </Point>
        </Placemark>
        <Placemark id="1953">
            <name>Grundwiesenweg</name>
            <description>Tiefe: 30–50 cm</description>
            <Point id="1952">
                <coordinates>8.140199596376842,49.34015130270562,0.0</coordinates>
            </Point>
        </Placemark>
        <Placemark id="1955">
            <name>Grundwiesenweg</name>
            <description>Tiefe: 30–50 cm</description>
            <Point id="1954">
                <coordinates>8.138745904143217,49.34049468970673,0.0</coordinates>
            </Point>
        </Placemark>
        <Placemark id="1957">
            <name>Grundwiesenweg</name>
            <description>Tiefe: 30–50 cm</description>
            <Point id="1956">
                <coordinates>8.141577769899671,49.34108059697132,0.0</coordinates>
            </Point>
        </Placemark>
        <Placemark id="1959">
            <name>Grundwiesenweg</name>
            <description>Tiefe: 30–50 cm</description>
            <Point id="1958">
                <coordinates>8.14099592156594,49.34069138528131,0.0</coordinates>
            </Point>
        </Placemark>
        <Placemark id="1961">
            <name>Maximilianstraße</name>
            <description>Tiefe: 50–100 cm</description>
            <Point id="1960">
                <coordinates>8.14887835,49.35697690000001,0.0</coordinates>
            </Point>
        </Placemark>
        <Placemark id="1963">
            <name>Maximilianstraße</name>
            <description>Tiefe: 50–100 cm</description>
            <Point id="1962">
                <coordinates>8.146901823211897,49.35635424618639,0.0</coordinates>
            </Point>
        </Placemark>
        <Placemark id="1965">
            <name>Maximilianstraße</name>
            <description>Tiefe: 50–100 cm</description>
            <Point id="1964">
                <coordinates>8.14874988307549,49.35713468102281,0.0</coordinates>
            </Point>
        </Placemark>
        <Placemark id="1967">
            <name>Im Meisental</name>
            <description>Tiefe: 50–100 cm</description>
            <Point id="1966">
                <coordinates>8.13702103428654,49.360546988519985,0.0</coordinates>
            </Point>
        </Placemark>
        <Placemark id="1969">
            <name>Mandelring</name>
            <description>Tiefe: 50–100 cm</description>
            <Point id="1968">
                <coordinates>8.13837831849537,49.36051428544517,0.0</coordinates>
            </Point>
        </Placemark>
        <Placemark id="1971">
            <name>Mandelring</name>
            <description>Tiefe: 50–100 cm</description>
            <Point id="1970">
                <coordinates>8.137617310258824,49.36167984503089,0.0</coordinates>
            </Point>
        </Placemark>
        <Placemark id="1973">
            <name>Mühltalstraße</name>
            <description>Tiefe: 50–100 cm</description>
            <Point id="1972">
                <coordinates>8.180852550000001,49.40624675,0.0</coordinates>
            </Point>
        </Placemark>
        <Placemark id="1975">
            <name>Deichelgasse</name>
            <description>Tiefe: 50–100 cm</description>
            <Point id="1974">
                <coordinates>8.1816622,49.40653445,0.0</coordinates>
            </Point>
        </Placemark>
        <Placemark id="1977">
            <name>Ringstraße</name>
            <description>Tiefe: 50–100 cm</description>
            <Point id="1976">
                <coordinates>8.18103588643804,49.40664862094428,0.0</coordinates>
            </Point>
        </Placemark>
        <Placemark id="1979">
            <name>Obere Hofstückstraße</name>
            <description>Tiefe: 30–50 cm</description>
            <Point id="1978">
                <coordinates>8.181185863473415,49.40593467210809,0.0</coordinates>
            </Point>
        </Placemark>
        <Placemark id="1981">
            <name>Mühlweg</name>
            <description>Tiefe: 30–50 cm</description>
            <Point id="1980">
                <coordinates>8.1299926,49.3433694,0.0</coordinates>
            </Point>
        </Placemark>
        <Placemark id="1983">
            <name>Erschigweg</name>
            <description>Tiefe: 30–50 cm</description>
            <Point id="1982">
                <coordinates>8.130044821057977,49.34121286164086,0.0</coordinates>
            </Point>
        </Placemark>
        <Placemark id="1985">
            <name>Mühlweg</name>
            <description>Tiefe: 30–50 cm</description>
            <Point id="1984">
                <coordinates>8.129456822651504,49.3436103962257,0.0</coordinates>
            </Point>
        </Placemark>
        <Placemark id="1987">
            <name>Mühlweg</name>
            <description>Tiefe: 30–50 cm</description>
            <Point id="1986">
                <coordinates>8.133338049999999,49.3427084,0.0</coordinates>
            </Point>
        </Placemark>
        <Placemark id="1989">
            <name>Mühlweg</name>
            <description>Tiefe: 30–50 cm</description>
            <Point id="1988">
                <coordinates>8.134656160091279,49.34226793748086,0.0</coordinates>
            </Point>
        </Placemark>
        <Placemark id="1991">
            <name>Im Altenschemel</name>
            <description>Tiefe: 30–50 cm</description>
            <Point id="1990">
                <coordinates>8.225997123528332,49.339907467600995,0.0</coordinates>
            </Point>
        </Placemark>
        <Placemark id="1993">
            <name>Im Altenschemel</name>
            <description>Tiefe: 30–50 cm</description>
            <Point id="1992">
                <coordinates>8.22504345,49.339737400000004,0.0</coordinates>
            </Point>
        </Placemark>
        <Placemark id="1995">
            <name>Im Altenschemel</name>
            <description>Tiefe: 30–50 cm</description>
            <Point id="1994">
                <coordinates>8.225997123528332,49.339907467600995,0.0</coordinates>
            </Point>
        </Placemark>
        <Placemark id="1997">
            <name>Im Altenschemel</name>
            <description>Tiefe: 30–50 cm</description>
            <Point id="1996">
                <coordinates>8.225568943901179,49.33887185186442,0.0</coordinates>
            </Point>
        </Placemark>
        <Placemark id="1999">
            <name>Schöntalstraße</name>
            <description>Tiefe: 50–100 cm</description>
            <Point id="1998">
                <coordinates>8.094935377527491,49.34705574785598,0.0</coordinates>
            </Point>
        </Placemark>
        <Placemark id="2001">
            <name>Alsterweiler Hauptstraße</name>
            <description>Tiefe: 50–100 cm</description>
            <Point id="2000">
                <coordinates>8.102942984814323,49.31356897411026,0.0</coordinates>
            </Point>
        </Placemark>
        <Placemark id="2003">
            <name>Königsmühle</name>
            <description>Tiefe: 30–50 cm</description>
            <Point id="2002">
                <coordinates>8.105825360112231,49.34791284985391,0.0</coordinates>
            </Point>
        </Placemark>
        <Placemark id="2005">
            <name>Heidenbrunnenweg</name>
            <description>Tiefe: 50–100 cm</description>
            <Point id="2004">
                <coordinates>8.092380299802361,49.35440998041766,0.0</coordinates>
            </Point>
        </Placemark>
        <Placemark id="2007">
            <name>Kirchstraße</name>
            <description>Tiefe: 50–100 cm</description>
            <Point id="2006">
                <coordinates>8.069597528689135,49.37235473950228,0.0</coordinates>
            </Point>
        </Placemark>
        <Placemark id="2009">
            <name>Kirchstraße</name>
            <description>Tiefe: 50–100 cm</description>
            <Point id="2008">
                <coordinates>8.069443935028046,49.37247676740008,0.0</coordinates>
            </Point>
        </Placemark>
        <Placemark id="2011">
            <name>Kirchstraße</name>
            <description>Tiefe: 50–100 cm</description>
            <Point id="2010">
                <coordinates>8.069238034611839,49.372382626300734,0.0</coordinates>
            </Point>
        </Placemark>
        <Placemark id="2013">
            <name>Westliche Luhrbachstraße</name>
            <description>Tiefe: 30–50 cm</description>
            <Point id="2012">
                <coordinates>8.069839111189637,49.37586416347756,0.0</coordinates>
            </Point>
        </Placemark>
        <Placemark id="2015">
            <name>Östliche Luhrbachstraße</name>
            <description>Tiefe: 50–100 cm</description>
            <Point id="2014">
                <coordinates>8.070299056911402,49.377364349122395,0.0</coordinates>
            </Point>
        </Placemark>
        <Placemark id="2017">
            <name>Östliche Luhrbachstraße</name>
            <description>Tiefe: 50–100 cm</description>
            <Point id="2016">
                <coordinates>8.070299056911402,49.377364349122395,0.0</coordinates>
            </Point>
        </Placemark>
        <Placemark id="2019">
            <name>Lambertskreuzstraße</name>
            <description>Tiefe: 30–50 cm</description>
            <Point id="2018">
                <coordinates>8.07007143364949,49.37856074366414,0.0</coordinates>
            </Point>
        </Placemark>
        <Placemark id="2021">
            <name>Östliche Luhrbachstraße</name>
            <description>Tiefe: 50–100 cm</description>
            <Point id="2020">
                <coordinates>8.070806520252237,49.3791107541839,0.0</coordinates>
            </Point>
        </Placemark>
        <Placemark id="2023">
            <name>Lambertskreuzstraße</name>
            <description>Tiefe: 30–50 cm</description>
            <Point id="2022">
                <coordinates>8.07007143364949,49.37856074366414,0.0</coordinates>
            </Point>
        </Placemark>
        <Placemark id="2025">
            <name>Eichkehle</name>
            <description>Tiefe: 30–50 cm</description>
            <Point id="2024">
                <coordinates>8.1435169,49.37084955,0.0</coordinates>
            </Point>
        </Placemark>
        <Placemark id="2027">
            <name>Eichkehle</name>
            <description>Tiefe: 30–50 cm</description>
            <Point id="2026">
                <coordinates>8.143429298531364,49.371231304107916,0.0</coordinates>
            </Point>
        </Placemark>
        <Placemark id="2029">
            <name>Strohmarkt</name>
            <description>Tiefe: 30–50 cm</description>
            <Point id="2028">
                <coordinates>8.13703185,49.3555965,0.0</coordinates>
            </Point>
        </Placemark>
        <Placemark id="2031">
            <name>Strohmarkt</name>
            <description>Tiefe: 30–50 cm</description>
            <Point id="2030">
                <coordinates>8.137164985762876,49.35555740567315,0.0</coordinates>
            </Point>
        </Placemark>
        <Placemark id="2033">
            <name>Rittergartenstraße</name>
            <description>Tiefe: 50–100 cm</description>
            <Point id="2032">
                <coordinates>8.13612167119714,49.35557499123824,0.0</coordinates>
            </Point>
        </Placemark>
        <Placemark id="2035">
            <name>Martin-Luther-Straße</name>
            <description>Tiefe: 50–100 cm</description>
            <Point id="2034">
                <coordinates>8.15118635,49.3509495,0.0</coordinates>
            </Point>
        </Placemark>
        <Placemark id="2037">
            <name>Martin-Luther-Straße</name>
            <description>Tiefe: 50–100 cm</description>
            <Point id="2036">
                <coordinates>8.15200389813421,49.35130262601364,0.0</coordinates>
            </Point>
        </Placemark>
        <Placemark id="2039">
            <name>Martin-Luther-Straße</name>
            <description>Tiefe: 50–100 cm</description>
            <Point id="2038">
                <coordinates>8.151210595890667,49.35086192874675,0.0</coordinates>
            </Point>
        </Placemark>
        <Placemark id="2041">
            <name>Martin-Luther-Straße</name>
            <description>Tiefe: 50–100 cm</description>
            <Point id="2040">
                <coordinates>8.15118635,49.3509495,0.0</coordinates>
            </Point>
        </Placemark>
        <Placemark id="2043">
            <name>Martin-Luther-Straße</name>
            <description>Tiefe: 50–100 cm</description>
            <Point id="2042">
                <coordinates>8.151159811556527,49.35082362533082,0.0</coordinates>
            </Point>
        </Placemark>
        <Placemark id="2045">
            <name>Landauer Straße</name>
            <description>Tiefe: 30–50 cm</description>
            <Point id="2044">
                <coordinates>8.141486906593212,49.350761202260585,0.0</coordinates>
            </Point>
        </Placemark>
        <Placemark id="2047">
            <name>Landauer Straße</name>
            <description>Tiefe: 30–50 cm</description>
            <Point id="2046">
                <coordinates>8.14232160954374,49.350526586141974,0.0</coordinates>
            </Point>
        </Placemark>
        <Placemark id="2049">
            <name>Hohenzollernstraße</name>
            <description>Tiefe: 30–50 cm</description>
            <Point id="2048">
                <coordinates>8.141710376547714,49.353101109650176,0.0</coordinates>
            </Point>
        </Placemark>
        <Placemark id="2051">
            <name>Talstraße</name>
            <description>Tiefe: 30–50 cm</description>
            <Point id="2050">
                <coordinates>8.13232765,49.351856749999996,0.0</coordinates>
            </Point>
        </Placemark>
        <Placemark id="2053">
            <name>Volksbadstraße</name>
            <description>Tiefe: 50–100 cm</description>
            <Point id="2052">
                <coordinates>8.132317784338289,49.35156159047222,0.0</coordinates>
            </Point>
        </Placemark>
        <Placemark id="2055">
            <name>Volksbadstraße</name>
            <description>Tiefe: 50–100 cm</description>
            <Point id="2054">
                <coordinates>8.132311799000115,49.35086668818663,0.0</coordinates>
            </Point>
        </Placemark>
        <Placemark id="2057">
            <name>Amalienstraße</name>
            <description>Tiefe: 50–100 cm</description>
            <Point id="2056">
                <coordinates>8.133037578138264,49.35049260692688,0.0</coordinates>
            </Point>
        </Placemark>
        <Placemark id="2059">
            <name>Talstraße</name>
            <description>Tiefe: 30–50 cm</description>
            <Point id="2058">
                <coordinates>8.129694341405255,49.35167931069558,0.0</coordinates>
            </Point>
        </Placemark>
        <Placemark id="2061">
            <name>Amalienstraße</name>
            <description>Tiefe: 50–100 cm</description>
            <Point id="2060">
                <coordinates>8.130641499748526,49.35041165935289,0.0</coordinates>
            </Point>
        </Placemark>
        <Placemark id="2063">
            <name>Lincolnstraße</name>
            <description>Tiefe: 30–50 cm</description>
            <Point id="2062">
                <coordinates>8.146649751048313,49.34349570043894,0.0</coordinates>
            </Point>
        </Placemark>
        <Placemark id="2065">
            <name>Maconring</name>
            <description>Tiefe: 30–50 cm</description>
            <Point id="2064">
                <coordinates>8.145369414909837,49.342921101777236,0.0</coordinates>
            </Point>
        </Placemark>
        <Placemark id="2067">
            <name>Lincolnstraße</name>
            <description>Tiefe: 30–50 cm</description>
            <Point id="2066">
                <coordinates>8.14535080889002,49.34237376030371,0.0</coordinates>
            </Point>
        </Placemark>
        <Placemark id="2069">
            <name>Maconring</name>
            <description>Tiefe: 30–50 cm</description>
            <Point id="2068">
                <coordinates>8.14647290470357,49.34234723266193,0.0</coordinates>
            </Point>
        </Placemark>
        <Placemark id="2071">
            <name>Maconring</name>
            <description>Tiefe: 30–50 cm</description>
            <Point id="2070">
                <coordinates>8.143414152402233,49.342896239681465,0.0</coordinates>
            </Point>
        </Placemark>
        <Placemark id="2073">
            <name>Grundwiesenweg</name>
            <description>Tiefe: 30–50 cm</description>
            <Point id="2072">
                <coordinates>8.14245946129551,49.34136174709552,0.0</coordinates>
            </Point>
        </Placemark>
        <Placemark id="2075">
            <name>Maconring</name>
            <description>Tiefe: 30–50 cm</description>
            <Point id="2074">
                <coordinates>8.143375831533527,49.34130590574485,0.0</coordinates>
            </Point>
        </Placemark>
        <Placemark id="2077">
            <name>Lincolnstraße</name>
            <description>Tiefe: 30–50 cm</description>
            <Point id="2076">
                <coordinates>8.144582904422862,49.34158774165861,0.0</coordinates>
            </Point>
        </Placemark>
        <Placemark id="2079">
            <name>Maconring</name>
            <description>Tiefe: 30–50 cm</description>
            <Point id="2078">
                <coordinates>8.14402232188076,49.34116255717878,0.0</coordinates>
            </Point>
        </Placemark>
        <Placemark id="2081">
            <name>Lincolnstraße</name>
            <description>Tiefe: 30–50 cm</description>
            <Point id="2080">
                <coordinates>8.144287464670846,49.34074987559787,0.0</coordinates>
            </Point>
        </Placemark>
        <Placemark id="2083">
            <name>Maconring</name>
            <description>Tiefe: 30–50 cm</description>
            <Point id="2082">
                <coordinates>8.144851390220856,49.3410046619303,0.0</coordinates>
            </Point>
        </Placemark>
        <Placemark id="2085">
            <name>Maconring</name>
            <description>Tiefe: 30–50 cm</description>
            <Point id="2084">
                <coordinates>8.14647290470357,49.34234723266193,0.0</coordinates>
            </Point>
        </Placemark>
        <Placemark id="2087">
            <name>Maconring</name>
            <description>Tiefe: 30–50 cm</description>
            <Point id="2086">
                <coordinates>8.146420204137137,49.34125826595138,0.0</coordinates>
            </Point>
        </Placemark>
        <Placemark id="2089">
            <name>Meerspinnstraße</name>
            <description>Tiefe: 50–100 cm</description>
            <Point id="2088">
                <coordinates>8.15396099139807,49.37586845940114,0.0</coordinates>
            </Point>
        </Placemark>
        <Placemark id="2091">
            <name>Meerspinnstraße</name>
            <description>Tiefe: 50–100 cm</description>
            <Point id="2090">
                <coordinates>8.154311763444985,49.37635513342061,0.0</coordinates>
            </Point>
        </Placemark>
        <Placemark id="2093">
            <name>Gartenstraße</name>
            <description>Tiefe: 50–100 cm</description>
            <Point id="2092">
                <coordinates>8.144481145352437,49.35075062917941,0.0</coordinates>
            </Point>
        </Placemark>
        <Placemark id="2095">
            <name>Gartenstraße</name>
            <description>Tiefe: 50–100 cm</description>
            <Point id="2094">
                <coordinates>8.145514118668268,49.35089647414602,0.0</coordinates>
            </Point>
        </Placemark>
        <Placemark id="2097">
            <name>Gartenstraße</name>
            <description>Tiefe: 50–100 cm</description>
            <Point id="2096">
                <coordinates>8.143563531931784,49.35061739864365,0.0</coordinates>
            </Point>
        </Placemark>
        <Placemark id="2099">
            <name>Weinstraße</name>
            <description>Tiefe: 30–50 cm</description>
            <Point id="2098">
                <coordinates>8.133901619376145,49.340963182499216,0.0</coordinates>
            </Point>
        </Placemark>
        <Placemark id="2101">
            <name>Weinstraße</name>
            <description>Tiefe: 30–50 cm</description>
            <Point id="2100">
                <coordinates>8.134501992139594,49.341668168284905,0.0</coordinates>
            </Point>
        </Placemark>
        <Placemark id="2103">
            <name>Weinstraße</name>
            <description>Tiefe: 30–50 cm</description>
            <Point id="2102">
                <coordinates>8.133901619376145,49.340963182499216,0.0</coordinates>
            </Point>
        </Placemark>
        <Placemark id="2105">
            <name>Weinstraße</name>
            <description>Tiefe: 30–50 cm</description>
            <Point id="2104">
                <coordinates>8.13284633261655,49.3395274594845,0.0</coordinates>
            </Point>
        </Placemark>
        <Placemark id="2107">
            <name>Weinstraße</name>
            <description>Tiefe: 30–50 cm</description>
            <Point id="2106">
                <coordinates>8.13429785530738,49.34107864956344,0.0</coordinates>
            </Point>
        </Placemark>
        <Placemark id="2109">
            <name>Kirchbergweg</name>
            <description>Tiefe: 30–50 cm</description>
            <Point id="2108">
                <coordinates>8.127967587082546,49.335009555331325,0.0</coordinates>
            </Point>
        </Placemark>
        <Placemark id="2111">
            <name>Freiheitstraße</name>
            <description>Tiefe: 50–100 cm</description>
            <Point id="2110">
                <coordinates>8.127945786156902,49.33546007883763,0.0</coordinates>
            </Point>
        </Placemark>
        <Placemark id="2113">
            <name>Freiheitstraße</name>
            <description>Tiefe: 50–100 cm</description>
            <Point id="2112">
                <coordinates>8.128815904044517,49.33515342358471,0.0</coordinates>
            </Point>
        </Placemark>
        <Placemark id="2115">
            <name>Kirchbergweg</name>
            <description>Tiefe: 30–50 cm</description>
            <Point id="2114">
                <coordinates>8.127967587082546,49.335009555331325,0.0</coordinates>
            </Point>
        </Placemark>
        <Placemark id="2117">
            <name>Freiheitstraße</name>
            <description>Tiefe: 50–100 cm</description>
            <Point id="2116">
                <coordinates>8.122733958580133,49.33566051218593,0.0</coordinates>
            </Point>
        </Placemark>
        <Placemark id="2119">
            <name>Freiheitstraße</name>
            <description>Tiefe: 50–100 cm</description>
            <Point id="2118">
                <coordinates>8.124373031943009,49.33610491106945,0.0</coordinates>
            </Point>
        </Placemark>
        <Placemark id="2121">
            <name>Freiheitstraße</name>
            <description>Tiefe: 50–100 cm</description>
            <Point id="2120">
                <coordinates>8.1210349,49.33340395,0.0</coordinates>
            </Point>
        </Placemark>
        <Placemark id="2123">
            <name>Freiheitstraße</name>
            <description>Tiefe: 50–100 cm</description>
            <Point id="2122">
                <coordinates>8.121377763923718,49.33420227866099,0.0</coordinates>
            </Point>
        </Placemark>
        <Placemark id="2125">
            <name>Andergasse</name>
            <description>Tiefe: 50–100 cm</description>
            <Point id="2124">
                <coordinates>8.122486881991547,49.32215056322838,0.0</coordinates>
            </Point>
        </Placemark>
        <Placemark id="2127">
            <name>Käsgasse</name>
            <description>Tiefe: 30–50 cm</description>
            <Point id="2126">
                <coordinates>8.118331350507052,49.32209912440588,0.0</coordinates>
            </Point>
        </Placemark>
        <Placemark id="2129">
            <name>Andergasse</name>
            <description>Tiefe: 50–100 cm</description>
            <Point id="2128">
                <coordinates>8.124854638423715,49.32245972954281,0.0</coordinates>
            </Point>
        </Placemark>
        <Placemark id="2131">
            <name>Andergasse</name>
            <description>Tiefe: 50–100 cm</description>
            <Point id="2130">
                <coordinates>8.122239815375405,49.32109933472685,0.0</coordinates>
            </Point>
        </Placemark>
        <Placemark id="2133">
            <name>Hans-Geiger-Straße</name>
            <description>Tiefe: 50–100 cm</description>
            <Point id="2132">
                <coordinates>8.140174,49.345179099999996,0.0</coordinates>
            </Point>
        </Placemark>
        <Placemark id="2135">
            <name>Hans-Geiger-Straße</name>
            <description>Tiefe: 50–100 cm</description>
            <Point id="2134">
                <coordinates>8.13993415,49.344820999999996,0.0</coordinates>
            </Point>
        </Placemark>
        <Placemark id="2137">
            <name>Hans-Geiger-Straße</name>
            <description>Tiefe: 50–100 cm</description>
            <Point id="2136">
                <coordinates>8.140935997575678,49.34721787145356,0.0</coordinates>
            </Point>
        </Placemark>
        <Placemark id="2139">
            <name>Hans-Geiger-Straße</name>
            <description>Tiefe: 50–100 cm</description>
            <Point id="2138">
                <coordinates>8.140935997575678,49.34721787145356,0.0</coordinates>
            </Point>
        </Placemark>
        <Placemark id="2141">
            <name>Hans-Geiger-Straße</name>
            <description>Tiefe: 50–100 cm</description>
            <Point id="2140">
                <coordinates>8.140505327717044,49.3459021093306,0.0</coordinates>
            </Point>
        </Placemark>
        <Placemark id="2143">
            <name>Hans-Geiger-Straße</name>
            <description>Tiefe: 50–100 cm</description>
            <Point id="2142">
                <coordinates>8.140174,49.345179099999996,0.0</coordinates>
            </Point>
        </Placemark>
        <Placemark id="2145">
            <name>Hans-Geiger-Straße</name>
            <description>Tiefe: 50–100 cm</description>
            <Point id="2144">
                <coordinates>8.1403722,49.345043950000004,0.0</coordinates>
            </Point>
        </Placemark>
        <Placemark id="2147">
            <name>Hans-Geiger-Straße</name>
            <description>Tiefe: 50–100 cm</description>
            <Point id="2146">
                <coordinates>8.140505327717044,49.3459021093306,0.0</coordinates>
            </Point>
        </Placemark>
        <Placemark id="2149">
            <name>Hans-Geiger-Straße</name>
            <description>Tiefe: 50–100 cm</description>
            <Point id="2148">
                <coordinates>8.139808556658947,49.34352078810665,0.0</coordinates>
            </Point>
        </Placemark>
        <Placemark id="2151">
            <name>Weinbergstraße</name>
            <description>Tiefe: 30–50 cm</description>
            <Point id="2150">
                <coordinates>8.14352835,49.34579375,0.0</coordinates>
            </Point>
        </Placemark>
        <Placemark id="2153">
            <name>Weinbergstraße</name>
            <description>Tiefe: 30–50 cm</description>
            <Point id="2152">
                <coordinates>8.1439548,49.345730849999995,0.0</coordinates>
            </Point>
        </Placemark>
        <Placemark id="2155">
            <name>Weinbergstraße</name>
            <description>Tiefe: 30–50 cm</description>
            <Point id="2154">
                <coordinates>8.143863576273217,49.3464620183677,0.0</coordinates>
            </Point>
        </Placemark>
        <Placemark id="2157">
            <name>Weinbergstraße</name>
            <description>Tiefe: 30–50 cm</description>
            <Point id="2156">
                <coordinates>8.14232211900974,49.34287414532199,0.0</coordinates>
            </Point>
        </Placemark>
        <Placemark id="2159">
            <name>Weinbergstraße</name>
            <description>Tiefe: 30–50 cm</description>
            <Point id="2158">
                <coordinates>8.143187456310923,49.34496997012279,0.0</coordinates>
            </Point>
        </Placemark>
        <Placemark id="2161">
            <name>Weinbergstraße</name>
            <description>Tiefe: 30–50 cm</description>
            <Point id="2160">
                <coordinates>8.1439548,49.345730849999995,0.0</coordinates>
            </Point>
        </Placemark>
        <Placemark id="2163">
            <name>Weinbergstraße</name>
            <description>Tiefe: 30–50 cm</description>
            <Point id="2162">
                <coordinates>8.14232211900974,49.34287414532199,0.0</coordinates>
            </Point>
        </Placemark>
        <Placemark id="2165">
            <name>Hans-Geiger-Straße</name>
            <description>Tiefe: 50–100 cm</description>
            <Point id="2164">
                <coordinates>8.13993415,49.344820999999996,0.0</coordinates>
            </Point>
        </Placemark>
        <Placemark id="2167">
            <name>Hans-Geiger-Straße</name>
            <description>Tiefe: 50–100 cm</description>
            <Point id="2166">
                <coordinates>8.139808556658947,49.34352078810665,0.0</coordinates>
            </Point>
        </Placemark>
        <Placemark id="2169">
            <name>Maxburgstraße</name>
            <description>Tiefe: 30–50 cm</description>
            <Point id="2168">
                <coordinates>8.136841700000002,49.3467498,0.0</coordinates>
            </Point>
        </Placemark>
        <Placemark id="2171">
            <name>Maxburgstraße</name>
            <description>Tiefe: 30–50 cm</description>
            <Point id="2170">
                <coordinates>8.136376814275508,49.34559053567931,0.0</coordinates>
            </Point>
        </Placemark>
        <Placemark id="2173">
            <name>Maxburgstraße</name>
            <description>Tiefe: 30–50 cm</description>
            <Point id="2172">
                <coordinates>8.136841700000002,49.3467498,0.0</coordinates>
            </Point>
        </Placemark>
        <Placemark id="2175">
            <name>Maxburgstraße</name>
            <description>Tiefe: 30–50 cm</description>
            <Point id="2174">
                <coordinates>8.136357568234276,49.348198316985915,0.0</coordinates>
            </Point>
        </Placemark>
        <Placemark id="2177">
            <name>Lindenhof</name>
            <description>Tiefe: 30–50 cm</description>
            <Point id="2176">
                <coordinates>8.19040132381569,49.337094702139964,0.0</coordinates>
            </Point>
        </Placemark>
        <Placemark id="2179">
            <name>Speyerdorfer Straße</name>
            <description>Tiefe: 30–50 cm</description>
            <Point id="2178">
                <coordinates>8.184801600803961,49.337387497263485,0.0</coordinates>
            </Point>
        </Placemark>
        <Placemark id="2181">
            <name>Lindenhof</name>
            <description>Tiefe: 30–50 cm</description>
            <Point id="2180">
                <coordinates>8.19040132381569,49.337094702139964,0.0</coordinates>
            </Point>
        </Placemark>
        <Placemark id="2183">
            <name>Lilienthalstraße</name>
            <description>Tiefe: 30–50 cm</description>
            <Point id="2182">
                <coordinates>8.194235741535223,49.33708722104922,0.0</coordinates>
            </Point>
        </Placemark>
        <Placemark id="2185">
            <name>Einlaubstraße</name>
            <description>Tiefe: 50–100 cm</description>
            <Point id="2184">
                <coordinates>8.092448922149993,49.29932029187176,0.0</coordinates>
            </Point>
        </Placemark>
        <Placemark id="2187">
            <name>Eichstraße</name>
            <description>Tiefe: 50–100 cm</description>
            <Point id="2186">
                <coordinates>8.122789481664505,49.32773887710077,0.0</coordinates>
            </Point>
        </Placemark>
        <Placemark id="2189">
            <name>Schloßstraße</name>
            <description>Tiefe: 50–100 cm</description>
            <Point id="2188">
                <coordinates>8.12060939392276,49.3283509973944,0.0</coordinates>
            </Point>
        </Placemark>
        <Placemark id="2191">
            <name>Schloßstraße</name>
            <description>Tiefe: 50–100 cm</description>
            <Point id="2190">
                <coordinates>8.122661670791857,49.327406595290576,0.0</coordinates>
            </Point>
        </Placemark>
        <Placemark id="2193">
            <name>Horstweg</name>
            <description>Tiefe: 30–50 cm</description>
            <Point id="2192">
                <coordinates>8.133336049076098,49.33291250675728,0.0</coordinates>
            </Point>
        </Placemark>
        <Placemark id="2195">
            <name>Horstweg</name>
            <description>Tiefe: 30–50 cm</description>
            <Point id="2194">
                <coordinates>8.132112570238176,49.33331313373763,0.0</coordinates>
            </Point>
        </Placemark>
        <Placemark id="2197">
            <name>Horstweg</name>
            <description>Tiefe: 30–50 cm</description>
            <Point id="2196">
                <coordinates>8.133336049076098,49.33291250675728,0.0</coordinates>
            </Point>
        </Placemark>
        <Placemark id="2199">
            <name>Diedesfelder Weg</name>
            <description>Tiefe: 30–50 cm</description>
            <Point id="2198">
                <coordinates>8.134504137585742,49.333425395619095,0.0</coordinates>
            </Point>
        </Placemark>
        <Placemark id="2201">
            <name>Diedesfelder Weg</name>
            <description>Tiefe: 30–50 cm</description>
            <Point id="2200">
                <coordinates>8.135042014704492,49.33121948759269,0.0</coordinates>
            </Point>
        </Placemark>
        <Placemark id="2203">
            <name>Horstweg</name>
            <description>Tiefe: 30–50 cm</description>
            <Point id="2202">
                <coordinates>8.138541184136328,49.332037923295324,0.0</coordinates>
            </Point>
        </Placemark>
        <Placemark id="2205">
            <name>Haberackerstraße</name>
            <description>Tiefe: 30–50 cm</description>
            <Point id="2204">
                <coordinates>8.15407778542706,49.37667212451973,0.0</coordinates>
            </Point>
        </Placemark>
        <Placemark id="2207">
            <name>Meerspinnstraße</name>
            <description>Tiefe: 50–100 cm</description>
            <Point id="2206">
                <coordinates>8.154814957256196,49.377055341120276,0.0</coordinates>
            </Point>
        </Placemark>
        <Placemark id="2209">
            <name>Peter-Koch-Straße</name>
            <description>Tiefe: 50–100 cm</description>
            <Point id="2208">
                <coordinates>8.153670850000001,49.37673135,0.0</coordinates>
            </Point>
        </Placemark>
        <Placemark id="2211">
            <name>Haberackerstraße</name>
            <description>Tiefe: 30–50 cm</description>
            <Point id="2210">
                <coordinates>8.15407778542706,49.37667212451973,0.0</coordinates>
            </Point>
        </Placemark>
        <Placemark id="2213">
            <name>Peter-Koch-Straße</name>
            <description>Tiefe: 50–100 cm</description>
            <Point id="2212">
                <coordinates>8.154272366486746,49.37736611447439,0.0</coordinates>
            </Point>
        </Placemark>
        <Placemark id="2215">
            <name>Haberackerstraße</name>
            <description>Tiefe: 30–50 cm</description>
            <Point id="2214">
                <coordinates>8.153128799832128,49.37762358293228,0.0</coordinates>
            </Point>
        </Placemark>
        <Placemark id="2217">
            <name>Östliche Luhrbachstraße</name>
            <description>Tiefe: 50–100 cm</description>
            <Point id="2216">
                <coordinates>8.07038995,49.37450245,0.0</coordinates>
            </Point>
        </Placemark>
        <Placemark id="2219">
            <name>Östliche Luhrbachstraße</name>
            <description>Tiefe: 50–100 cm</description>
            <Point id="2218">
                <coordinates>8.07022008023939,49.37581822918791,0.0</coordinates>
            </Point>
        </Placemark>
        <Placemark id="2221">
            <name>Hauptstraße</name>
            <description>Tiefe: 30–50 cm</description>
            <Point id="2220">
                <coordinates>8.09599668482667,49.38739627616334,0.0</coordinates>
            </Point>
        </Placemark>
        <Placemark id="2223">
            <name>Finkenweg</name>
            <description>Tiefe: 50–100 cm</description>
            <Point id="2222">
                <coordinates>8.191347964379336,49.40691677824501,0.0</coordinates>
            </Point>
        </Placemark>
        <Placemark id="2225">
            <name>Kredenburgstraße</name>
            <description>Tiefe: 30–50 cm</description>
            <Point id="2224">
                <coordinates>8.125722960315727,49.310187041892185,0.0</coordinates>
            </Point>
        </Placemark>
        <Placemark id="2227">
            <name>Kredenburgstraße</name>
            <description>Tiefe: 30–50 cm</description>
            <Point id="2226">
                <coordinates>8.12637731221053,49.31090365043235,0.0</coordinates>
            </Point>
        </Placemark>
        <Placemark id="2229">
            <name>Kredenburgstraße</name>
            <description>Tiefe: 30–50 cm</description>
            <Point id="2228">
                <coordinates>8.126058742579582,49.31015358654949,0.0</coordinates>
            </Point>
        </Placemark>
        <Placemark id="2231">
            <name>Hartmannstraße</name>
            <description>Tiefe: 50–100 cm</description>
            <Point id="2230">
                <coordinates>8.12280205588609,49.30849555365267,0.0</coordinates>
            </Point>
        </Placemark>
        <Placemark id="2233">
            <name>Alsterweiler Hauptstraße</name>
            <description>Tiefe: 50–100 cm</description>
            <Point id="2232">
                <coordinates>8.120211733823897,49.3086546941637,0.0</coordinates>
            </Point>
        </Placemark>
        <Placemark id="2235">
            <name>Friedhofstraße</name>
            <description>Tiefe: 30–50 cm</description>
            <Point id="2234">
                <coordinates>8.123252660758334,49.308937829206606,0.0</coordinates>
            </Point>
        </Placemark>
        <Placemark id="2237">
            <name>Weinstraße</name>
            <description>Tiefe: 30–50 cm</description>
            <Point id="2236">
                <coordinates>8.187353541288878,49.40801190547819,0.0</coordinates>
            </Point>
        </Placemark>
        <Placemark id="2239">
            <name>Weinstraße</name>
            <description>Tiefe: 30–50 cm</description>
            <Point id="2238">
                <coordinates>8.187319946218805,49.40773194360395,0.0</coordinates>
            </Point>
        </Placemark>
        <Placemark id="2241">
            <name>Friedhofstraße</name>
            <description>Tiefe: 30–50 cm</description>
            <Point id="2240">
                <coordinates>8.12774615,49.30902315,0.0</coordinates>
            </Point>
        </Placemark>
        <Placemark id="2243">
            <name>Maxburgstraße</name>
            <description>Tiefe: 30–50 cm</description>
            <Point id="2242">
                <coordinates>8.127885464170449,49.30937904859884,0.0</coordinates>
            </Point>
        </Placemark>
        <Placemark id="2245">
            <name>Friedhofstraße</name>
            <description>Tiefe: 30–50 cm</description>
            <Point id="2244">
                <coordinates>8.12876278541952,49.30862775355804,0.0</coordinates>
            </Point>
        </Placemark>
        <Placemark id="2247">
            <name>Theodor-Heuss-Straße</name>
            <description>Tiefe: 50–100 cm</description>
            <Point id="2246">
                <coordinates>8.190322746340007,49.321432669170605,0.0</coordinates>
            </Point>
        </Placemark>
        <Placemark id="2249">
            <name>Grundwiesenweg</name>
            <description>Tiefe: 30–50 cm</description>
            <Point id="2248">
                <coordinates>8.141577769899671,49.34108059697132,0.0</coordinates>
            </Point>
        </Placemark>
        <Placemark id="2251">
            <name>Grundwiesenweg</name>
            <description>Tiefe: 30–50 cm</description>
            <Point id="2250">
                <coordinates>8.14245946129551,49.34136174709552,0.0</coordinates>
            </Point>
        </Placemark>
        <Placemark id="2253">
            <name>Maconring</name>
            <description>Tiefe: 30–50 cm</description>
            <Point id="2252">
                <coordinates>8.143414152402233,49.342896239681465,0.0</coordinates>
            </Point>
        </Placemark>
        <Placemark id="2255">
            <name>Maconring</name>
            <description>Tiefe: 30–50 cm</description>
            <Point id="2254">
                <coordinates>8.145369414909837,49.342921101777236,0.0</coordinates>
            </Point>
        </Placemark>
        <Placemark id="2257">
            <name>Maria-Merian-Straße</name>
            <description>Tiefe: 50–100 cm</description>
            <Point id="2256">
                <coordinates>8.120002383883591,49.34951841748021,0.0</coordinates>
            </Point>
        </Placemark>
        <Placemark id="2259">
            <name>Maria-Merian-Straße</name>
            <description>Tiefe: 50–100 cm</description>
            <Point id="2258">
                <coordinates>8.120002383883591,49.34951841748021,0.0</coordinates>
            </Point>
        </Placemark>
        <Placemark id="2261">
            <name>Schloßwiese</name>
            <description>Tiefe: 30–50 cm</description>
            <Point id="2260">
                <coordinates>8.192710467957774,49.40600581951433,0.0</coordinates>
            </Point>
        </Placemark>
        <Placemark id="2263">
            <name>Bahnstraße</name>
            <description>Tiefe: 30–50 cm</description>
            <Point id="2262">
                <coordinates>8.19322628118738,49.40438261715055,0.0</coordinates>
            </Point>
        </Placemark>
        <Placemark id="2265">
            <name>Bürgermeister-Oberhettinger-Straße</name>
            <description>Tiefe: 30–50 cm</description>
            <Point id="2264">
                <coordinates>8.194971584153686,49.40595644961739,0.0</coordinates>
            </Point>
        </Placemark>
        <Placemark id="2267">
            <name>Bürgermeister-Oberhettinger-Straße</name>
            <description>Tiefe: 30–50 cm</description>
            <Point id="2266">
                <coordinates>8.19680825,49.4059489,0.0</coordinates>
            </Point>
        </Placemark>
        <Placemark id="2269">
            <name>Vogelsang</name>
            <description>Tiefe: 50–100 cm</description>
            <Point id="2268">
                <coordinates>8.196766165750436,49.40580498265936,0.0</coordinates>
            </Point>
        </Placemark>
        <Placemark id="2271">
            <name>Bürgermeister-Oberhettinger-Straße</name>
            <description>Tiefe: 30–50 cm</description>
            <Point id="2270">
                <coordinates>8.194971584153686,49.40595644961739,0.0</coordinates>
            </Point>
        </Placemark>
        <Placemark id="2273">
            <name>Erschigweg</name>
            <description>Tiefe: 30–50 cm</description>
            <Point id="2272">
                <coordinates>8.130044821057977,49.34121286164086,0.0</coordinates>
            </Point>
        </Placemark>
        <Placemark id="2275">
            <name>Mühlweg</name>
            <description>Tiefe: 30–50 cm</description>
            <Point id="2274">
                <coordinates>8.133338049999999,49.3427084,0.0</coordinates>
            </Point>
        </Placemark>
        <Placemark id="2277">
            <name>Mühlweg</name>
            <description>Tiefe: 30–50 cm</description>
            <Point id="2276">
                <coordinates>8.13218955,49.343103299999996,0.0</coordinates>
            </Point>
        </Placemark>
        <Placemark id="2279">
            <name>Weinstraße</name>
            <description>Tiefe: 30–50 cm</description>
            <Point id="2278">
                <coordinates>8.131662575438991,49.338281067104234,0.0</coordinates>
            </Point>
        </Placemark>
        <Placemark id="2281">
            <name>Weinstraße</name>
            <description>Tiefe: 30–50 cm</description>
            <Point id="2280">
                <coordinates>8.13284633261655,49.3395274594845,0.0</coordinates>
            </Point>
        </Placemark>
        <Placemark id="2283">
            <name>Römerweg</name>
            <description>Tiefe: 30–50 cm</description>
            <Point id="2282">
                <coordinates>8.129710455225899,49.33723720445748,0.0</coordinates>
            </Point>
        </Placemark>
        <Placemark id="2285">
            <name>Römerweg</name>
            <description>Tiefe: 30–50 cm</description>
            <Point id="2284">
                <coordinates>8.1288084705695,49.34132348942685,0.0</coordinates>
            </Point>
        </Placemark>
        <Placemark id="2287">
            <name>Römerweg</name>
            <description>Tiefe: 30–50 cm</description>
            <Point id="2286">
                <coordinates>8.127314201146483,49.34341348384723,0.0</coordinates>
            </Point>
        </Placemark>
        <Placemark id="2289">
            <name>In der Almel</name>
            <description>Tiefe: 30–50 cm</description>
            <Point id="2288">
                <coordinates>8.12312495,49.341677700000005,0.0</coordinates>
            </Point>
        </Placemark>
        <Placemark id="2291">
            <name>In der Almel</name>
            <description>Tiefe: 30–50 cm</description>
            <Point id="2290">
                <coordinates>8.122171783768113,49.34145227572858,0.0</coordinates>
            </Point>
        </Placemark>
        <Placemark id="2293">
            <name>Triftbrunnenweg</name>
            <description>Tiefe: 50–100 cm</description>
            <Point id="2292">
                <coordinates>8.120117683059432,49.339858335512915,0.0</coordinates>
            </Point>
        </Placemark>
        <Placemark id="2295">
            <name>Triftbrunnenweg</name>
            <description>Tiefe: 50–100 cm</description>
            <Point id="2294">
                <coordinates>8.11890555059934,49.33961957380811,0.0</coordinates>
            </Point>
        </Placemark>
        <Placemark id="2297">
            <name>Birkenweg</name>
            <description>Tiefe: 30–50 cm</description>
            <Point id="2296">
                <coordinates>8.120706441424444,49.338957643254496,0.0</coordinates>
            </Point>
        </Placemark>
        <Placemark id="2299">
            <name>Triftbrunnenweg</name>
            <description>Tiefe: 50–100 cm</description>
            <Point id="2298">
                <coordinates>8.11890555059934,49.33961957380811,0.0</coordinates>
            </Point>
        </Placemark>
        <Placemark id="2301">
            <name>Triftbrunnenweg</name>
            <description>Tiefe: 50–100 cm</description>
            <Point id="2300">
                <coordinates>8.117721945986178,49.33821508687846,0.0</coordinates>
            </Point>
        </Placemark>
        <Placemark id="2303">
            <name>Birkenweg</name>
            <description>Tiefe: 30–50 cm</description>
            <Point id="2302">
                <coordinates>8.120706441424444,49.338957643254496,0.0</coordinates>
            </Point>
        </Placemark>
        <Placemark id="2305">
            <name>Haagwiesenweg</name>
            <description>Tiefe: 30–50 cm</description>
            <Point id="2304">
                <coordinates>8.120106048836174,49.3381469313838,0.0</coordinates>
            </Point>
        </Placemark>
        <Placemark id="2307">
            <name>Enggasse</name>
            <description>Tiefe: 50–100 cm</description>
            <Point id="2306">
                <coordinates>8.123541548165583,49.337343011294436,0.0</coordinates>
            </Point>
        </Placemark>
        <Placemark id="2309">
            <name>Haagwiesenweg</name>
            <description>Tiefe: 30–50 cm</description>
            <Point id="2308">
                <coordinates>8.120106048836174,49.3381469313838,0.0</coordinates>
            </Point>
        </Placemark>
        <Placemark id="2311">
            <name>Akazienweg</name>
            <description>Tiefe: 30–50 cm</description>
            <Point id="2310">
                <coordinates>8.122746271533746,49.33625367463814,0.0</coordinates>
            </Point>
        </Placemark>
        <Placemark id="2313">
            <name>Akazienweg</name>
            <description>Tiefe: 30–50 cm</description>
            <Point id="2312">
                <coordinates>8.122746271533746,49.33625367463814,0.0</coordinates>
            </Point>
        </Placemark>
        <Placemark id="2315">
            <name>Enggasse</name>
            <description>Tiefe: 50–100 cm</description>
            <Point id="2314">
                <coordinates>8.128077879954548,49.33622216408029,0.0</coordinates>
            </Point>
        </Placemark>
        <Placemark id="2317">
            <name>Enggasse</name>
            <description>Tiefe: 50–100 cm</description>
            <Point id="2316">
                <coordinates>8.126459369449135,49.33604318492451,0.0</coordinates>
            </Point>
        </Placemark>
        <Placemark id="2319">
            <name>Römerweg</name>
            <description>Tiefe: 30–50 cm</description>
            <Point id="2318">
                <coordinates>8.129710455225899,49.33723720445748,0.0</coordinates>
            </Point>
        </Placemark>
        <Placemark id="2321">
            <name>Römerweg</name>
            <description>Tiefe: 30–50 cm</description>
            <Point id="2320">
                <coordinates>8.130218419786743,49.33641574098176,0.0</coordinates>
            </Point>
        </Placemark>
        <Placemark id="2323">
            <name>Maconring</name>
            <description>Tiefe: 30–50 cm</description>
            <Point id="2322">
                <coordinates>8.145660268496199,49.340961282088514,0.0</coordinates>
            </Point>
        </Placemark>
        <Placemark id="2325">
            <name>Maconring</name>
            <description>Tiefe: 30–50 cm</description>
            <Point id="2324">
                <coordinates>8.144851390220856,49.3410046619303,0.0</coordinates>
            </Point>
        </Placemark>
        <Placemark id="2327">
            <name>Lincolnstraße</name>
            <description>Tiefe: 30–50 cm</description>
            <Point id="2326">
                <coordinates>8.144582904422862,49.34158774165861,0.0</coordinates>
            </Point>
        </Placemark>
        <Placemark id="2329">
            <name>Lincolnstraße</name>
            <description>Tiefe: 30–50 cm</description>
            <Point id="2328">
                <coordinates>8.14535080889002,49.34237376030371,0.0</coordinates>
            </Point>
        </Placemark>
        <Placemark id="2331">
            <name>Adolf-Kolping-Straße</name>
            <description>Tiefe: 30–50 cm</description>
            <Point id="2330">
                <coordinates>8.163503052730983,49.34761007953302,0.0</coordinates>
            </Point>
        </Placemark>
        <Placemark id="2333">
            <name>Adolf-Kolping-Straße</name>
            <description>Tiefe: 30–50 cm</description>
            <Point id="2332">
                <coordinates>8.163633612461629,49.348291162554965,0.0</coordinates>
            </Point>
        </Placemark>
        <Placemark id="2335">
            <name>Spitalbachstraße</name>
            <description>Tiefe: 50–100 cm</description>
            <Point id="2334">
                <coordinates>8.162606606717295,49.348130787813794,0.0</coordinates>
            </Point>
        </Placemark>
        <Placemark id="2337">
            <name>Spitalbachstraße</name>
            <description>Tiefe: 50–100 cm</description>
            <Point id="2336">
                <coordinates>8.159038301435778,49.34868520912755,0.0</coordinates>
            </Point>
        </Placemark>
        <Placemark id="2339">
            <name>Spitalbachstraße</name>
            <description>Tiefe: 50–100 cm</description>
            <Point id="2338">
                <coordinates>8.157229751532384,49.34898575888759,0.0</coordinates>
            </Point>
        </Placemark>
        <Placemark id="2341">
            <name>Branchweilerhofstraße</name>
            <description>Tiefe: 50–100 cm</description>
            <Point id="2340">
                <coordinates>8.160157616445685,49.351253110402745,0.0</coordinates>
            </Point>
        </Placemark>
        <Placemark id="2343">
            <name>Branchweilerhofstraße</name>
            <description>Tiefe: 50–100 cm</description>
            <Point id="2342">
                <coordinates>8.158851375353553,49.35163736774124,0.0</coordinates>
            </Point>
        </Placemark>
        <Placemark id="2345">
            <name>Schlachthofstraße</name>
            <description>Tiefe: 30–50 cm</description>
            <Point id="2344">
                <coordinates>8.156068458841123,49.348731293365354,0.0</coordinates>
            </Point>
        </Placemark>
        <Placemark id="2347">
            <name>Schlachthofstraße</name>
            <description>Tiefe: 30–50 cm</description>
            <Point id="2346">
                <coordinates>8.155800539104424,49.347967851399545,0.0</coordinates>
            </Point>
        </Placemark>
        <Placemark id="2349">
            <name>Speyerdorfer Straße</name>
            <description>Tiefe: 30–50 cm</description>
            <Point id="2348">
                <coordinates>8.154444805579619,49.346642711249444,0.0</coordinates>
            </Point>
        </Placemark>
        <Placemark id="2351">
            <name>Schlachthofstraße</name>
            <description>Tiefe: 30–50 cm</description>
            <Point id="2350">
                <coordinates>8.155498276287327,49.34710906391375,0.0</coordinates>
            </Point>
        </Placemark>
        <Placemark id="2353">
            <name>Speyerdorfer Straße</name>
            <description>Tiefe: 30–50 cm</description>
            <Point id="2352">
                <coordinates>8.156162814102927,49.346474055479305,0.0</coordinates>
            </Point>
        </Placemark>
        <Placemark id="2355">
            <name>Schlachthofstraße</name>
            <description>Tiefe: 30–50 cm</description>
            <Point id="2354">
                <coordinates>8.156385272127473,49.34960892361912,0.0</coordinates>
            </Point>
        </Placemark>
        <Placemark id="2357">
            <name>Schlachthofstraße</name>
            <description>Tiefe: 30–50 cm</description>
            <Point id="2356">
                <coordinates>8.156068458841123,49.348731293365354,0.0</coordinates>
            </Point>
        </Placemark>
        <Placemark id="2359">
            <name>Spitalbachstraße</name>
            <description>Tiefe: 50–100 cm</description>
            <Point id="2358">
                <coordinates>8.157229751532384,49.34898575888759,0.0</coordinates>
            </Point>
        </Placemark>
        <Placemark id="2361">
            <name>Spitalbachstraße</name>
            <description>Tiefe: 50–100 cm</description>
            <Point id="2360">
                <coordinates>8.155686705163905,49.34923928479244,0.0</coordinates>
            </Point>
        </Placemark>
        <Placemark id="2363">
            <name>Lachener Straße</name>
            <description>Tiefe: 50–100 cm</description>
            <Point id="2362">
                <coordinates>8.153568502797388,49.34403336415504,0.0</coordinates>
            </Point>
        </Placemark>
        <Placemark id="2365">
            <name>Lachener Straße</name>
            <description>Tiefe: 50–100 cm</description>
            <Point id="2364">
                <coordinates>8.15431726657802,49.343219927458506,0.0</coordinates>
            </Point>
        </Placemark>
        <Placemark id="2367">
            <name>Lachener Straße</name>
            <description>Tiefe: 50–100 cm</description>
            <Point id="2366">
                <coordinates>8.153568502797388,49.34403336415504,0.0</coordinates>
            </Point>
        </Placemark>
        <Placemark id="2369">
            <name>Lachener Straße</name>
            <description>Tiefe: 50–100 cm</description>
            <Point id="2368">
                <coordinates>8.153174489142152,49.34488950659068,0.0</coordinates>
            </Point>
        </Placemark>
        <Placemark id="2371">
            <name>Am Falltor</name>
            <description>Tiefe: 30–50 cm</description>
            <Point id="2370">
                <coordinates>8.211509562145194,49.30063218529947,0.0</coordinates>
            </Point>
        </Placemark>
        <Placemark id="2373">
            <name>Kreuzbergstraße</name>
            <description>Tiefe: 50–100 cm</description>
            <Point id="2372">
                <coordinates>8.214876431071541,49.300924480299614,0.0</coordinates>
            </Point>
        </Placemark>
        <Placemark id="2375">
            <name>Am Falltor</name>
            <description>Tiefe: 30–50 cm</description>
            <Point id="2374">
                <coordinates>8.21170079704897,49.30117560139131,0.0</coordinates>
            </Point>
        </Placemark>
        <Placemark id="2377">
            <name>Achtzehnmorgenpfad</name>
            <description>Tiefe: 30–50 cm</description>
            <Point id="2376">
                <coordinates>8.210818855864131,49.30143766181302,0.0</coordinates>
            </Point>
        </Placemark>
        <Placemark id="2379">
            <name>Am Falltor</name>
            <description>Tiefe: 30–50 cm</description>
            <Point id="2378">
                <coordinates>8.211619480422783,49.29987640952333,0.0</coordinates>
            </Point>
        </Placemark>
        <Placemark id="2381">
            <name>Am Falltor</name>
            <description>Tiefe: 30–50 cm</description>
            <Point id="2380">
                <coordinates>8.211509562145194,49.30063218529947,0.0</coordinates>
            </Point>
        </Placemark>
        <Placemark id="2383">
            <name>Dudostraße</name>
            <description>Tiefe: 30–50 cm</description>
            <Point id="2382">
                <coordinates>8.212694735831786,49.29941557073278,0.0</coordinates>
            </Point>
        </Placemark>
        <Placemark id="2385">
            <name>Dudostraße</name>
            <description>Tiefe: 30–50 cm</description>
            <Point id="2384">
                <coordinates>8.210793801792779,49.29919179219333,0.0</coordinates>
            </Point>
        </Placemark>
        <Placemark id="2387">
            <name>Am Falltor</name>
            <description>Tiefe: 30–50 cm</description>
            <Point id="2386">
                <coordinates>8.211619480422783,49.29987640952333,0.0</coordinates>
            </Point>
        </Placemark>
        <Placemark id="2389">
            <name>Kalkbergstraße</name>
            <description>Tiefe: 50–100 cm</description>
            <Point id="2388">
                <coordinates>8.2182603,49.3008275,0.0</coordinates>
            </Point>
        </Placemark>
        <Placemark id="2391">
            <name>Kreuzbergstraße</name>
            <description>Tiefe: 50–100 cm</description>
            <Point id="2390">
                <coordinates>8.214876431071541,49.300924480299614,0.0</coordinates>
            </Point>
        </Placemark>
        <Placemark id="2393">
            <name>Achtzehnmorgenpfad</name>
            <description>Tiefe: 30–50 cm</description>
            <Point id="2392">
                <coordinates>8.218712152072184,49.30129386038248,0.0</coordinates>
            </Point>
        </Placemark>
        <Placemark id="2395">
            <name>Dudostraße</name>
            <description>Tiefe: 30–50 cm</description>
            <Point id="2394">
                <coordinates>8.217326980319926,49.299564113743614,0.0</coordinates>
            </Point>
        </Placemark>
        <Placemark id="2397">
            <name>Kalkbergstraße</name>
            <description>Tiefe: 50–100 cm</description>
            <Point id="2396">
                <coordinates>8.21837916703185,49.30001842455777,0.0</coordinates>
            </Point>
        </Placemark>
        <Placemark id="2399">
            <name>Baumgartenstraße</name>
            <description>Tiefe: 50–100 cm</description>
            <Point id="2398">
                <coordinates>8.198757338993792,49.31981774953776,0.0</coordinates>
            </Point>
        </Placemark>
        <Placemark id="2401">
            <name>Kirrweilerer Straße</name>
            <description>Tiefe: 50–100 cm</description>
            <Point id="2400">
                <coordinates>8.1927126,49.317968199999996,0.0</coordinates>
            </Point>
        </Placemark>
        <Placemark id="2403">
            <name>Schliedererstraße</name>
            <description>Tiefe: 50–100 cm</description>
            <Point id="2402">
                <coordinates>8.19654376518491,49.32144145189533,0.0</coordinates>
            </Point>
        </Placemark>
        <Placemark id="2405">
            <name>Bauerndoktor-Gros-Straße</name>
            <description>Tiefe: 50–100 cm</description>
            <Point id="2404">
                <coordinates>8.197297801695417,49.32135363087332,0.0</coordinates>
            </Point>
        </Placemark>
        <Placemark id="2407">
            <name>Bauerndoktor-Gros-Straße</name>
            <description>Tiefe: 50–100 cm</description>
            <Point id="2406">
                <coordinates>8.19670227591538,49.3221261203367,0.0</coordinates>
            </Point>
        </Placemark>
        <Placemark id="2409">
            <name>Bauerndoktor-Gros-Straße</name>
            <description>Tiefe: 50–100 cm</description>
            <Point id="2408">
                <coordinates>8.198021117333337,49.32113049727282,0.0</coordinates>
            </Point>
        </Placemark>
        <Placemark id="2411">
            <name>Bauerndoktor-Gros-Straße</name>
            <description>Tiefe: 50–100 cm</description>
            <Point id="2410">
                <coordinates>8.19912853927712,49.32148659586342,0.0</coordinates>
            </Point>
        </Placemark>
        <Placemark id="2413">
            <name>Baumgartenstraße</name>
            <description>Tiefe: 50–100 cm</description>
            <Point id="2412">
                <coordinates>8.198691239139475,49.32077724388566,0.0</coordinates>
            </Point>
        </Placemark>
        <Placemark id="2415">
            <name>Goethestraße</name>
            <description>Tiefe: 50–100 cm</description>
            <Point id="2414">
                <coordinates>8.1998016,49.32177765,0.0</coordinates>
            </Point>
        </Placemark>
        <Placemark id="2417">
            <name>Bauerndoktor-Gros-Straße</name>
            <description>Tiefe: 50–100 cm</description>
            <Point id="2416">
                <coordinates>8.19912853927712,49.32148659586342,0.0</coordinates>
            </Point>
        </Placemark>
        <Placemark id="2419">
            <name>Goethestraße</name>
            <description>Tiefe: 50–100 cm</description>
            <Point id="2418">
                <coordinates>8.199896128347152,49.3215113950655,0.0</coordinates>
            </Point>
        </Placemark>
        <Placemark id="2421">
            <name>Im Ringel</name>
            <description>Tiefe: 30–50 cm</description>
            <Point id="2420">
                <coordinates>8.19613995499601,49.32316831553723,0.0</coordinates>
            </Point>
        </Placemark>
        <Placemark id="2423">
            <name>Bauerndoktor-Gros-Straße</name>
            <description>Tiefe: 50–100 cm</description>
            <Point id="2422">
                <coordinates>8.19670227591538,49.3221261203367,0.0</coordinates>
            </Point>
        </Placemark>
        <Placemark id="2425">
            <name>Theodor-Heuss-Straße</name>
            <description>Tiefe: 50–100 cm</description>
            <Point id="2424">
                <coordinates>8.197563079235593,49.322987645572034,0.0</coordinates>
            </Point>
        </Placemark>
        <Placemark id="2427">
            <name>Theodor-Heuss-Straße</name>
            <description>Tiefe: 50–100 cm</description>
            <Point id="2426">
                <coordinates>8.19443933054644,49.32210011927497,0.0</coordinates>
            </Point>
        </Placemark>
        <Placemark id="2429">
            <name>Im Ringel</name>
            <description>Tiefe: 30–50 cm</description>
            <Point id="2428">
                <coordinates>8.196637264726217,49.32376317182945,0.0</coordinates>
            </Point>
        </Placemark>
        <Placemark id="2431">
            <name>Im Ringel</name>
            <description>Tiefe: 30–50 cm</description>
            <Point id="2430">
                <coordinates>8.195924301242306,49.32387012043119,0.0</coordinates>
            </Point>
        </Placemark>
        <Placemark id="2433">
            <name>Im Ringel</name>
            <description>Tiefe: 30–50 cm</description>
            <Point id="2432">
                <coordinates>8.19613995499601,49.32316831553723,0.0</coordinates>
            </Point>
        </Placemark>
        <Placemark id="2435">
            <name>Im Ringel</name>
            <description>Tiefe: 30–50 cm</description>
            <Point id="2434">
                <coordinates>8.196637264726217,49.32376317182945,0.0</coordinates>
            </Point>
        </Placemark>
        <Placemark id="2437">
            <name>Im Ringel</name>
            <description>Tiefe: 30–50 cm</description>
            <Point id="2436">
                <coordinates>8.195401847568961,49.324030446851765,0.0</coordinates>
            </Point>
        </Placemark>
        <Placemark id="2439">
            <name>Im Ringel</name>
            <description>Tiefe: 30–50 cm</description>
            <Point id="2438">
                <coordinates>8.196151941873017,49.324195593851506,0.0</coordinates>
            </Point>
        </Placemark>
        <Placemark id="2441">
            <name>Im Ringel</name>
            <description>Tiefe: 30–50 cm</description>
            <Point id="2440">
                <coordinates>8.195924301242306,49.32387012043119,0.0</coordinates>
            </Point>
        </Placemark>
        <Placemark id="2443">
            <name>Im Ringel</name>
            <description>Tiefe: 30–50 cm</description>
            <Point id="2442">
                <coordinates>8.196151941873017,49.324195593851506,0.0</coordinates>
            </Point>
        </Placemark>
        <Placemark id="2445">
            <name>Im Ringel</name>
            <description>Tiefe: 30–50 cm</description>
            <Point id="2444">
                <coordinates>8.196746667621941,49.324401895240186,0.0</coordinates>
            </Point>
        </Placemark>
        <Placemark id="2447">
            <name>Im Ringel</name>
            <description>Tiefe: 30–50 cm</description>
            <Point id="2446">
                <coordinates>8.196477084418017,49.324720646326874,0.0</coordinates>
            </Point>
        </Placemark>
        <Placemark id="2449">
            <name>Im Ringel</name>
            <description>Tiefe: 30–50 cm</description>
            <Point id="2448">
                <coordinates>8.196746667621941,49.324401895240186,0.0</coordinates>
            </Point>
        </Placemark>
        <Placemark id="2451">
            <name>Im Ringel</name>
            <description>Tiefe: 30–50 cm</description>
            <Point id="2450">
                <coordinates>8.196297948639812,49.32522886475448,0.0</coordinates>
            </Point>
        </Placemark>
        <Placemark id="2453">
            <name>Im Ringel</name>
            <description>Tiefe: 30–50 cm</description>
            <Point id="2452">
                <coordinates>8.196477084418017,49.324720646326874,0.0</coordinates>
            </Point>
        </Placemark>
        <Placemark id="2455">
            <name>Im Ringel</name>
            <description>Tiefe: 30–50 cm</description>
            <Point id="2454">
                <coordinates>8.195806116074253,49.32548307147603,0.0</coordinates>
            </Point>
        </Placemark>
        <Placemark id="2457">
            <name>Im Ringel</name>
            <description>Tiefe: 30–50 cm</description>
            <Point id="2456">
                <coordinates>8.196297948639812,49.32522886475448,0.0</coordinates>
            </Point>
        </Placemark>
        <Placemark id="2459">
            <name>Im Ringel</name>
            <description>Tiefe: 30–50 cm</description>
            <Point id="2458">
                <coordinates>8.19629643209789,49.32558627935491,0.0</coordinates>
            </Point>
        </Placemark>
        <Placemark id="2461">
            <name>Im Ringel</name>
            <description>Tiefe: 30–50 cm</description>
            <Point id="2460">
                <coordinates>8.194973442516941,49.3255256340114,0.0</coordinates>
            </Point>
        </Placemark>
        <Placemark id="2463">
            <name>Im Ringel</name>
            <description>Tiefe: 30–50 cm</description>
            <Point id="2462">
                <coordinates>8.195806116074253,49.32548307147603,0.0</coordinates>
            </Point>
        </Placemark>
        <Placemark id="2465">
            <name>Im Ringel</name>
            <description>Tiefe: 30–50 cm</description>
            <Point id="2464">
                <coordinates>8.194973442516941,49.3255256340114,0.0</coordinates>
            </Point>
        </Placemark>
        <Placemark id="2467">
            <name>Friedhofstraße</name>
            <description>Tiefe: 30–50 cm</description>
            <Point id="2466">
                <coordinates>8.196405965657924,49.32628232550435,0.0</coordinates>
            </Point>
        </Placemark>
        <Placemark id="2469">
            <name>Friedhofstraße</name>
            <description>Tiefe: 30–50 cm</description>
            <Point id="2468">
                <coordinates>8.198453573903866,49.32639743101064,0.0</coordinates>
            </Point>
        </Placemark>
        <Placemark id="2471">
            <name>Friedhofstraße</name>
            <description>Tiefe: 30–50 cm</description>
            <Point id="2470">
                <coordinates>8.197637863479033,49.32644512519759,0.0</coordinates>
            </Point>
        </Placemark>
        <Placemark id="2473">
            <name>Friedhofstraße</name>
            <description>Tiefe: 30–50 cm</description>
            <Point id="2472">
                <coordinates>8.198453573903866,49.32639743101064,0.0</coordinates>
            </Point>
        </Placemark>
        <Placemark id="2475">
            <name>Goethestraße</name>
            <description>Tiefe: 50–100 cm</description>
            <Point id="2474">
                <coordinates>8.198733759576825,49.325491922705275,0.0</coordinates>
            </Point>
        </Placemark>
        <Placemark id="2477">
            <name>Goethestraße</name>
            <description>Tiefe: 50–100 cm</description>
            <Point id="2476">
                <coordinates>8.199182694973981,49.326887963226554,0.0</coordinates>
            </Point>
        </Placemark>
        <Placemark id="2479">
            <name>Lachener Straße</name>
            <description>Tiefe: 50–100 cm</description>
            <Point id="2478">
                <coordinates>8.15431726657802,49.343219927458506,0.0</coordinates>
            </Point>
        </Placemark>
        <Placemark id="2481">
            <name>Europastraße</name>
            <description>Tiefe: 30–50 cm</description>
            <Point id="2480">
                <coordinates>8.154283356390497,49.342249049604874,0.0</coordinates>
            </Point>
        </Placemark>
        <Placemark id="2483">
            <name>Lachener Straße</name>
            <description>Tiefe: 50–100 cm</description>
            <Point id="2482">
                <coordinates>8.155686057015533,49.342112256837865,0.0</coordinates>
            </Point>
        </Placemark>
        <Placemark id="2485">
            <name>Landauer Straße</name>
            <description>Tiefe: 30–50 cm</description>
            <Point id="2484">
                <coordinates>8.1528879,49.345410799999996,0.0</coordinates>
            </Point>
        </Placemark>
        <Placemark id="2487">
            <name>Landauer Straße</name>
            <description>Tiefe: 30–50 cm</description>
            <Point id="2486">
                <coordinates>8.152868767318038,49.345325977193994,0.0</coordinates>
            </Point>
        </Placemark>
        <Placemark id="2489">
            <name>Weinstraße</name>
            <description>Tiefe: 30–50 cm</description>
            <Point id="2488">
                <coordinates>8.135566979162897,49.3139819067566,0.0</coordinates>
            </Point>
        </Placemark>
        <Placemark id="2491">
            <name>Weinstraße</name>
            <description>Tiefe: 30–50 cm</description>
            <Point id="2490">
                <coordinates>8.135939184692496,49.31958522484089,0.0</coordinates>
            </Point>
        </Placemark>
        <Placemark id="2493">
            <name>Europastraße</name>
            <description>Tiefe: 30–50 cm</description>
            <Point id="2492">
                <coordinates>8.153219207467481,49.34175327527731,0.0</coordinates>
            </Point>
        </Placemark>
        <Placemark id="2495">
            <name>Europastraße</name>
            <description>Tiefe: 30–50 cm</description>
            <Point id="2494">
                <coordinates>8.154283356390497,49.342249049604874,0.0</coordinates>
            </Point>
        </Placemark>
        <Placemark id="2497">
            <name>Europastraße</name>
            <description>Tiefe: 30–50 cm</description>
            <Point id="2496">
                <coordinates>8.153665031900152,49.34069576594603,0.0</coordinates>
            </Point>
        </Placemark>
        <Placemark id="2499">
            <name>Landauer Straße</name>
            <description>Tiefe: 30–50 cm</description>
            <Point id="2498">
                <coordinates>8.151936306561478,49.34218359284597,0.0</coordinates>
            </Point>
        </Placemark>
        <Placemark id="2501">
            <name>Kreuzstraße</name>
            <description>Tiefe: 30–50 cm</description>
            <Point id="2500">
                <coordinates>8.14412669131544,49.32030353056971,0.0</coordinates>
            </Point>
        </Placemark>
        <Placemark id="2503">
            <name>Kreuzstraße</name>
            <description>Tiefe: 30–50 cm</description>
            <Point id="2502">
                <coordinates>8.145498628197167,49.320013187144035,0.0</coordinates>
            </Point>
        </Placemark>
        <Placemark id="2505">
            <name>Kreuzstraße</name>
            <description>Tiefe: 30–50 cm</description>
            <Point id="2504">
                <coordinates>8.14729535424575,49.32097018769997,0.0</coordinates>
            </Point>
        </Placemark>
        <Placemark id="2507">
            <name>Im Drötschgarten</name>
            <description>Tiefe: 30–50 cm</description>
            <Point id="2506">
                <coordinates>8.139496583072143,49.31924258711273,0.0</coordinates>
            </Point>
        </Placemark>
        <Placemark id="2509">
            <name>Von-Dalheim-Straße</name>
            <description>Tiefe: 30–50 cm</description>
            <Point id="2508">
                <coordinates>8.140379186135565,49.32017430147448,0.0</coordinates>
            </Point>
        </Placemark>
        <Placemark id="2511">
            <name>Von-Dalheim-Straße</name>
            <description>Tiefe: 30–50 cm</description>
            <Point id="2510">
                <coordinates>8.141835577344098,49.31595411120394,0.0</coordinates>
            </Point>
        </Placemark>
        <Placemark id="2513">
            <name>Kreuzstraße</name>
            <description>Tiefe: 30–50 cm</description>
            <Point id="2512">
                <coordinates>8.14178780925813,49.32066029911497,0.0</coordinates>
            </Point>
        </Placemark>
        <Placemark id="2515">
            <name>Von-Dalheim-Straße</name>
            <description>Tiefe: 30–50 cm</description>
            <Point id="2514">
                <coordinates>8.140379186135565,49.32017430147448,0.0</coordinates>
            </Point>
        </Placemark>
        <Placemark id="2517">
            <name>Ursulastraße</name>
            <description>Tiefe: 30–50 cm</description>
            <Point id="2516">
                <coordinates>8.140592715883125,49.32145408601362,0.0</coordinates>
            </Point>
        </Placemark>
        <Placemark id="2519">
            <name>Kreuzstraße</name>
            <description>Tiefe: 30–50 cm</description>
            <Point id="2518">
                <coordinates>8.139375193510078,49.321248751551316,0.0</coordinates>
            </Point>
        </Placemark>
        <Placemark id="2521">
            <name>Im Drötschgarten</name>
            <description>Tiefe: 30–50 cm</description>
            <Point id="2520">
                <coordinates>8.139496583072143,49.31924258711273,0.0</coordinates>
            </Point>
        </Placemark>
        <Placemark id="2523">
            <name>Weinstraße</name>
            <description>Tiefe: 30–50 cm</description>
            <Point id="2522">
                <coordinates>8.136018112896497,49.32113806599653,0.0</coordinates>
            </Point>
        </Placemark>
        <Placemark id="2525">
            <name>Weinstraße</name>
            <description>Tiefe: 30–50 cm</description>
            <Point id="2524">
                <coordinates>8.135939184692496,49.31958522484089,0.0</coordinates>
            </Point>
        </Placemark>
        <Placemark id="2527">
            <name>Lachener Straße</name>
            <description>Tiefe: 50–100 cm</description>
            <Point id="2526">
                <coordinates>8.155686057015533,49.342112256837865,0.0</coordinates>
            </Point>
        </Placemark>
        <Placemark id="2529">
            <name>Spitalbachstraße</name>
            <description>Tiefe: 50–100 cm</description>
            <Point id="2528">
                <coordinates>8.155686705163905,49.34923928479244,0.0</coordinates>
            </Point>
        </Placemark>
        <Placemark id="2531">
            <name>Spitalbachstraße</name>
            <description>Tiefe: 50–100 cm</description>
            <Point id="2530">
                <coordinates>8.153889551126053,49.349518782781786,0.0</coordinates>
            </Point>
        </Placemark>
        <Placemark id="2533">
            <name>Kurt-Schumacher-Straße</name>
            <description>Tiefe: 30–50 cm</description>
            <Point id="2532">
                <coordinates>8.155332531692196,49.349793432715806,0.0</coordinates>
            </Point>
        </Placemark>
        <Placemark id="2535">
            <name>Schlachthofstraße</name>
            <description>Tiefe: 30–50 cm</description>
            <Point id="2534">
                <coordinates>8.1566255,49.3502471,0.0</coordinates>
            </Point>
        </Placemark>
        <Placemark id="2537">
            <name>Kurt-Schumacher-Straße</name>
            <description>Tiefe: 30–50 cm</description>
            <Point id="2536">
                <coordinates>8.15606845,49.35013585,0.0</coordinates>
            </Point>
        </Placemark>
        <Placemark id="2539">
            <name>Schlachthofstraße</name>
            <description>Tiefe: 30–50 cm</description>
            <Point id="2538">
                <coordinates>8.156385272127473,49.34960892361912,0.0</coordinates>
            </Point>
        </Placemark>
        <Placemark id="2541">
            <name>Gartenstraße</name>
            <description>Tiefe: 50–100 cm</description>
            <Point id="2540">
                <coordinates>8.143563531931784,49.35061739864365,0.0</coordinates>
            </Point>
        </Placemark>
        <Placemark id="2543">
            <name>Gartenstraße</name>
            <description>Tiefe: 50–100 cm</description>
            <Point id="2542">
                <coordinates>8.144481145352437,49.35075062917941,0.0</coordinates>
            </Point>
        </Placemark>
        <Placemark id="2545">
            <name>Von-der-Tann-Straße</name>
            <description>Tiefe: 30–50 cm</description>
            <Point id="2544">
                <coordinates>8.14664505384527,49.35238219560656,0.0</coordinates>
            </Point>
        </Placemark>
        <Placemark id="2547">
            <name>Von-der-Tann-Straße</name>
            <description>Tiefe: 30–50 cm</description>
            <Point id="2546">
                <coordinates>8.14631744694269,49.35138011623414,0.0</coordinates>
            </Point>
        </Placemark>
        <Placemark id="2549">
            <name>Kirchstraße</name>
            <description>Tiefe: 50–100 cm</description>
            <Point id="2548">
                <coordinates>8.1490255,49.35210535,0.0</coordinates>
            </Point>
        </Placemark>
        <Placemark id="2551">
            <name>Kirchstraße</name>
            <description>Tiefe: 50–100 cm</description>
            <Point id="2550">
                <coordinates>8.149477300000001,49.35288075,0.0</coordinates>
            </Point>
        </Placemark>
        <Placemark id="2553">
            <name>Kirchstraße</name>
            <description>Tiefe: 50–100 cm</description>
            <Point id="2552">
                <coordinates>8.1490255,49.35210535,0.0</coordinates>
            </Point>
        </Placemark>
        <Placemark id="2555">
            <name>Kirchstraße</name>
            <description>Tiefe: 50–100 cm</description>
            <Point id="2554">
                <coordinates>8.149038415161153,49.35166909838956,0.0</coordinates>
            </Point>
        </Placemark>
        <Placemark id="2557">
            <name>Kirchstraße</name>
            <description>Tiefe: 50–100 cm</description>
            <Point id="2556">
                <coordinates>8.149038415161153,49.35166909838956,0.0</coordinates>
            </Point>
        </Placemark>
        <Placemark id="2559">
            <name>Schloßwiese</name>
            <description>Tiefe: 30–50 cm</description>
            <Point id="2558">
                <coordinates>8.192112655839875,49.406450197529324,0.0</coordinates>
            </Point>
        </Placemark>
        <Placemark id="2561">
            <name>Remigiusstraße</name>
            <description>Tiefe: 50–100 cm</description>
            <Point id="2560">
                <coordinates>8.1391680254606,49.32192312160216,0.0</coordinates>
            </Point>
        </Placemark>
        <Placemark id="2563">
            <name>Remigiusstraße</name>
            <description>Tiefe: 50–100 cm</description>
            <Point id="2562">
                <coordinates>8.137322543488603,49.321912212881365,0.0</coordinates>
            </Point>
        </Placemark>
        <Placemark id="2565">
            <name>Remigiusstraße</name>
            <description>Tiefe: 50–100 cm</description>
            <Point id="2564">
                <coordinates>8.138484579200268,49.321559970929435,0.0</coordinates>
            </Point>
        </Placemark>
        <Placemark id="2567">
            <name>Im Döppelter</name>
            <description>Tiefe: 50–100 cm</description>
            <Point id="2566">
                <coordinates>8.1318904563803,49.32179312191354,0.0</coordinates>
            </Point>
        </Placemark>
        <Placemark id="2569">
            <name>Adolf-Kolping-Straße</name>
            <description>Tiefe: 30–50 cm</description>
            <Point id="2568">
                <coordinates>8.163503052730983,49.34761007953302,0.0</coordinates>
            </Point>
        </Placemark>
        <Placemark id="2571">
            <name>Adolf-Kolping-Straße</name>
            <description>Tiefe: 30–50 cm</description>
            <Point id="2570">
                <coordinates>8.163332375735804,49.346759983801796,0.0</coordinates>
            </Point>
        </Placemark>
        <Placemark id="2573">
            <name>Spitalbachstraße</name>
            <description>Tiefe: 50–100 cm</description>
            <Point id="2572">
                <coordinates>8.1613268,49.3483228,0.0</coordinates>
            </Point>
        </Placemark>
        <Placemark id="2575">
            <name>Spitalbachstraße</name>
            <description>Tiefe: 50–100 cm</description>
            <Point id="2574">
                <coordinates>8.160427225715512,49.3484662861723,0.0</coordinates>
            </Point>
        </Placemark>
        <Placemark id="2577">
            <name>Schlachthofstraße</name>
            <description>Tiefe: 30–50 cm</description>
            <Point id="2576">
                <coordinates>8.1566255,49.3502471,0.0</coordinates>
            </Point>
        </Placemark>
        <Placemark id="2579">
            <name>Schlachthofstraße</name>
            <description>Tiefe: 30–50 cm</description>
            <Point id="2578">
                <coordinates>8.15676904153241,49.350696502605345,0.0</coordinates>
            </Point>
        </Placemark>
        <Placemark id="2581">
            <name>Branchweilerhofstraße</name>
            <description>Tiefe: 50–100 cm</description>
            <Point id="2580">
                <coordinates>8.158851375353553,49.35163736774124,0.0</coordinates>
            </Point>
        </Placemark>
        <Placemark id="2583">
            <name>Branchweilerhofstraße</name>
            <description>Tiefe: 50–100 cm</description>
            <Point id="2582">
                <coordinates>8.157618816816166,49.35208102074606,0.0</coordinates>
            </Point>
        </Placemark>
        <Placemark id="2585">
            <name>Branchweilerhofstraße</name>
            <description>Tiefe: 50–100 cm</description>
            <Point id="2584">
                <coordinates>8.166826400000001,49.350784399999995,0.0</coordinates>
            </Point>
        </Placemark>
        <Placemark id="2587">
            <name>Branchweilerhofstraße</name>
            <description>Tiefe: 50–100 cm</description>
            <Point id="2586">
                <coordinates>8.167022943658807,49.35049158821554,0.0</coordinates>
            </Point>
        </Placemark>
        <Placemark id="2589">
            <name>Branchweilerhofstraße</name>
            <description>Tiefe: 50–100 cm</description>
            <Point id="2588">
                <coordinates>8.168084292256667,49.35079865949522,0.0</coordinates>
            </Point>
        </Placemark>
        <Placemark id="2591">
            <name>Branchweilerhofstraße</name>
            <description>Tiefe: 50–100 cm</description>
            <Point id="2590">
                <coordinates>8.167022943658807,49.35049158821554,0.0</coordinates>
            </Point>
        </Placemark>
        <Placemark id="2593">
            <name>Berliner Straße</name>
            <description>Tiefe: 30–50 cm</description>
            <Point id="2592">
                <coordinates>8.167891438720046,49.34961953234602,0.0</coordinates>
            </Point>
        </Placemark>
        <Placemark id="2595">
            <name>Berliner Straße</name>
            <description>Tiefe: 30–50 cm</description>
            <Point id="2594">
                <coordinates>8.166816697107103,49.35020001455608,0.0</coordinates>
            </Point>
        </Placemark>
        <Placemark id="2597">
            <name>Sandfeldweg</name>
            <description>Tiefe: 30–50 cm</description>
            <Point id="2596">
                <coordinates>8.16659445,49.348121649999996,0.0</coordinates>
            </Point>
        </Placemark>
        <Placemark id="2599">
            <name>Berliner Straße</name>
            <description>Tiefe: 30–50 cm</description>
            <Point id="2598">
                <coordinates>8.1672489,49.34831975,0.0</coordinates>
            </Point>
        </Placemark>
        <Placemark id="2601">
            <name>Sandfeldweg</name>
            <description>Tiefe: 30–50 cm</description>
            <Point id="2600">
                <coordinates>8.167572977401804,49.34787735002486,0.0</coordinates>
            </Point>
        </Placemark>
        <Placemark id="2603">
            <name>Heinrich-Strieffler-Straße</name>
            <description>Tiefe: 30–50 cm</description>
            <Point id="2602">
                <coordinates>8.167523953116246,49.34533904468838,0.0</coordinates>
            </Point>
        </Placemark>
        <Placemark id="2605">
            <name>Geschwister-Scholl-Straße</name>
            <description>Tiefe: 30–50 cm</description>
            <Point id="2604">
                <coordinates>8.168492209245057,49.3451973407987,0.0</coordinates>
            </Point>
        </Placemark>
        <Placemark id="2607">
            <name>Geschwister-Scholl-Straße</name>
            <description>Tiefe: 30–50 cm</description>
            <Point id="2606">
                <coordinates>8.169659450000001,49.3447314,0.0</coordinates>
            </Point>
        </Placemark>
        <Placemark id="2609">
            <name>Geschwister-Scholl-Straße</name>
            <description>Tiefe: 30–50 cm</description>
            <Point id="2608">
                <coordinates>8.16980200306253,49.34538945301019,0.0</coordinates>
            </Point>
        </Placemark>
        <Placemark id="2611">
            <name>Geschwister-Scholl-Straße</name>
            <description>Tiefe: 30–50 cm</description>
            <Point id="2610">
                <coordinates>8.170029893674167,49.34497155627131,0.0</coordinates>
            </Point>
        </Placemark>
        <Placemark id="2613">
            <name>Geschwister-Scholl-Straße</name>
            <description>Tiefe: 30–50 cm</description>
            <Point id="2612">
                <coordinates>8.169414183563752,49.345030919084266,0.0</coordinates>
            </Point>
        </Placemark>
        <Placemark id="2615">
            <name>Geschwister-Scholl-Straße</name>
            <description>Tiefe: 30–50 cm</description>
            <Point id="2614">
                <coordinates>8.1689845,49.34510615,0.0</coordinates>
            </Point>
        </Placemark>
        <Placemark id="2617">
            <name>Geschwister-Scholl-Straße</name>
            <description>Tiefe: 30–50 cm</description>
            <Point id="2616">
                <coordinates>8.16889382606162,49.34461228987183,0.0</coordinates>
            </Point>
        </Placemark>
        <Placemark id="2619">
            <name>Geschwister-Scholl-Straße</name>
            <description>Tiefe: 30–50 cm</description>
            <Point id="2618">
                <coordinates>8.168492209245057,49.3451973407987,0.0</coordinates>
            </Point>
        </Placemark>
        <Placemark id="2621">
            <name>Martin-Luther-Straße</name>
            <description>Tiefe: 50–100 cm</description>
            <Point id="2620">
                <coordinates>8.152232900000001,49.3528886,0.0</coordinates>
            </Point>
        </Placemark>
        <Placemark id="2623">
            <name>Martin-Luther-Straße</name>
            <description>Tiefe: 50–100 cm</description>
            <Point id="2622">
                <coordinates>8.1522151106167,49.352387814197755,0.0</coordinates>
            </Point>
        </Placemark>
        <Placemark id="2625">
            <name>Branchweilerhofstraße</name>
            <description>Tiefe: 50–100 cm</description>
            <Point id="2624">
                <coordinates>8.15468556219353,49.3528003679462,0.0</coordinates>
            </Point>
        </Placemark>
        <Placemark id="2627">
            <name>Branchweilerhofstraße</name>
            <description>Tiefe: 50–100 cm</description>
            <Point id="2626">
                <coordinates>8.156012890986199,49.35225426503382,0.0</coordinates>
            </Point>
        </Placemark>
        <Placemark id="2629">
            <name>Weinbachstraße</name>
            <description>Tiefe: 50–100 cm</description>
            <Point id="2628">
                <coordinates>8.178752984088572,49.40632285300985,0.0</coordinates>
            </Point>
        </Placemark>
        <Placemark id="2631">
            <name>Schwimmbadstraße</name>
            <description>Tiefe: 50–100 cm</description>
            <Point id="2630">
                <coordinates>8.17905564292591,49.407022849771565,0.0</coordinates>
            </Point>
        </Placemark>
        <Placemark id="2633">
            <name>Schwimmbadstraße</name>
            <description>Tiefe: 50–100 cm</description>
            <Point id="2632">
                <coordinates>8.177573956684551,49.40699198155092,0.0</coordinates>
            </Point>
        </Placemark>
        <Placemark id="2635">
            <name>Kardinal-Wendel-Straße</name>
            <description>Tiefe: 30–50 cm</description>
            <Point id="2634">
                <coordinates>8.17969823041926,49.40659750979396,0.0</coordinates>
            </Point>
        </Placemark>
        <Placemark id="2637">
            <name>Schwimmbadstraße</name>
            <description>Tiefe: 50–100 cm</description>
            <Point id="2636">
                <coordinates>8.179801460363443,49.4074167992292,0.0</coordinates>
            </Point>
        </Placemark>
        <Placemark id="2639">
            <name>Schwimmbadstraße</name>
            <description>Tiefe: 50–100 cm</description>
            <Point id="2638">
                <coordinates>8.17905564292591,49.407022849771565,0.0</coordinates>
            </Point>
        </Placemark>
        <Placemark id="2641">
            <name>Prälat-Hartz-Straße</name>
            <description>Tiefe: 50–100 cm</description>
            <Point id="2640">
                <coordinates>8.180365040445425,49.40681713212964,0.0</coordinates>
            </Point>
        </Placemark>
        <Placemark id="2643">
            <name>Schwimmbadstraße</name>
            <description>Tiefe: 50–100 cm</description>
            <Point id="2642">
                <coordinates>8.180633523820948,49.407571437597014,0.0</coordinates>
            </Point>
        </Placemark>
        <Placemark id="2645">
            <name>Schwimmbadstraße</name>
            <description>Tiefe: 50–100 cm</description>
            <Point id="2644">
                <coordinates>8.179801460363443,49.4074167992292,0.0</coordinates>
            </Point>
        </Placemark>
        <Placemark id="2647">
            <name>Im Ringgarten</name>
            <description>Tiefe: 50–100 cm</description>
            <Point id="2646">
                <coordinates>8.18127905,49.407642949999996,0.0</coordinates>
            </Point>
        </Placemark>
        <Placemark id="2649">
            <name>Ringstraße</name>
            <description>Tiefe: 50–100 cm</description>
            <Point id="2648">
                <coordinates>8.18105945785769,49.40731420442145,0.0</coordinates>
            </Point>
        </Placemark>
        <Placemark id="2651">
            <name>Schwimmbadstraße</name>
            <description>Tiefe: 50–100 cm</description>
            <Point id="2650">
                <coordinates>8.180633523820948,49.407571437597014,0.0</coordinates>
            </Point>
        </Placemark>
        <Placemark id="2653">
            <name>Franz-Kugler-Straße</name>
            <description>Tiefe: 50–100 cm</description>
            <Point id="2652">
                <coordinates>8.158530521909254,49.388605389199164,0.0</coordinates>
            </Point>
        </Placemark>
        <Placemark id="2655">
            <name>Franz-Kugler-Straße</name>
            <description>Tiefe: 50–100 cm</description>
            <Point id="2654">
                <coordinates>8.161048993453056,49.38924266551902,0.0</coordinates>
            </Point>
        </Placemark>
        <Placemark id="2657">
            <name>Kapellenstraße</name>
            <description>Tiefe: 50–100 cm</description>
            <Point id="2656">
                <coordinates>8.160892749296393,49.390143598327626,0.0</coordinates>
            </Point>
        </Placemark>
        <Placemark id="2659">
            <name>Franz-Kugler-Straße</name>
            <description>Tiefe: 50–100 cm</description>
            <Point id="2658">
                <coordinates>8.161048993453056,49.38924266551902,0.0</coordinates>
            </Point>
        </Placemark>
        <Placemark id="2661">
            <name>Erika-Köth-Straße</name>
            <description>Tiefe: 50–100 cm</description>
            <Point id="2660">
                <coordinates>8.161669844028246,49.390460773686314,0.0</coordinates>
            </Point>
        </Placemark>
        <Placemark id="2663">
            <name>Erika-Köth-Straße</name>
            <description>Tiefe: 50–100 cm</description>
            <Point id="2662">
                <coordinates>8.162251256208963,49.391769806236056,0.0</coordinates>
            </Point>
        </Placemark>
        <Placemark id="2665">
            <name>Erika-Köth-Straße</name>
            <description>Tiefe: 50–100 cm</description>
            <Point id="2664">
                <coordinates>8.161669844028246,49.390460773686314,0.0</coordinates>
            </Point>
        </Placemark>
        <Placemark id="2667">
            <name>Kapellenstraße</name>
            <description>Tiefe: 50–100 cm</description>
            <Point id="2666">
                <coordinates>8.160892749296393,49.390143598327626,0.0</coordinates>
            </Point>
        </Placemark>
        <Placemark id="2669">
            <name>Kirchstraße</name>
            <description>Tiefe: 50–100 cm</description>
            <Point id="2668">
                <coordinates>8.149197344746153,49.35480754626988,0.0</coordinates>
            </Point>
        </Placemark>
        <Placemark id="2671">
            <name>Speyerdorfer Straße</name>
            <description>Tiefe: 30–50 cm</description>
            <Point id="2670">
                <coordinates>8.184801600803961,49.337387497263485,0.0</coordinates>
            </Point>
        </Placemark>
        <Placemark id="2673">
            <name>Speyerdorfer Straße</name>
            <description>Tiefe: 30–50 cm</description>
            <Point id="2672">
                <coordinates>8.177656655317156,49.34113801506287,0.0</coordinates>
            </Point>
        </Placemark>
        <Placemark id="2675">
            <name>Adolf-Kolping-Straße</name>
            <description>Tiefe: 30–50 cm</description>
            <Point id="2674">
                <coordinates>8.16419565,49.35012935,0.0</coordinates>
            </Point>
        </Placemark>
        <Placemark id="2677">
            <name>Berliner Straße</name>
            <description>Tiefe: 30–50 cm</description>
            <Point id="2676">
                <coordinates>8.165408212536294,49.3501128,0.0</coordinates>
            </Point>
        </Placemark>
        <Placemark id="2679">
            <name>Adolf-Kolping-Straße</name>
            <description>Tiefe: 30–50 cm</description>
            <Point id="2678">
                <coordinates>8.164276922236162,49.35047982249673,0.0</coordinates>
            </Point>
        </Placemark>
        <Placemark id="2681">
            <name>Marktstraße</name>
            <description>Tiefe: 50–100 cm</description>
            <Point id="2680">
                <coordinates>8.141672836369366,49.303873929569306,0.0</coordinates>
            </Point>
        </Placemark>
        <Placemark id="2683">
            <name>Sankt-Martiner-Straße</name>
            <description>Tiefe: 50–100 cm</description>
            <Point id="2682">
                <coordinates>8.12955165,49.3048993,0.0</coordinates>
            </Point>
        </Placemark>
        <Placemark id="2685">
            <name>Sankt-Martiner-Straße</name>
            <description>Tiefe: 50–100 cm</description>
            <Point id="2684">
                <coordinates>8.1296754,49.3048833,0.0</coordinates>
            </Point>
        </Placemark>
        <Placemark id="2687">
            <name>Friedhofstraße</name>
            <description>Tiefe: 30–50 cm</description>
            <Point id="2686">
                <coordinates>8.129666743436546,49.30563944377935,0.0</coordinates>
            </Point>
        </Placemark>
        <Placemark id="2689">
            <name>Weinstraße Süd</name>
            <description>Tiefe: 30–50 cm</description>
            <Point id="2688">
                <coordinates>8.130606570220156,49.304054336945825,0.0</coordinates>
            </Point>
        </Placemark>
        <Placemark id="2691">
            <name>Sankt-Martiner-Straße</name>
            <description>Tiefe: 50–100 cm</description>
            <Point id="2690">
                <coordinates>8.130226712933961,49.30479312834998,0.0</coordinates>
            </Point>
        </Placemark>
        <Placemark id="2693">
            <name>Marktstraße</name>
            <description>Tiefe: 50–100 cm</description>
            <Point id="2692">
                <coordinates>8.1321327,49.30466895,0.0</coordinates>
            </Point>
        </Placemark>
        <Placemark id="2695">
            <name>Schulstraße</name>
            <description>Tiefe: 30–50 cm</description>
            <Point id="2694">
                <coordinates>8.13256532518704,49.3053106684401,0.0</coordinates>
            </Point>
        </Placemark>
        <Placemark id="2697">
            <name>Sankt-Martiner-Straße</name>
            <description>Tiefe: 50–100 cm</description>
            <Point id="2696">
                <coordinates>8.128240135926816,49.30477183209843,0.0</coordinates>
            </Point>
        </Placemark>
        <Placemark id="2699">
            <name>Sankt-Martiner-Straße</name>
            <description>Tiefe: 50–100 cm</description>
            <Point id="2698">
                <coordinates>8.12886642126055,49.30492669469639,0.0</coordinates>
            </Point>
        </Placemark>
        <Placemark id="2701">
            <name>Neugasse</name>
            <description>Tiefe: 30–50 cm</description>
            <Point id="2700">
                <coordinates>8.127923640847003,49.304953742989824,0.0</coordinates>
            </Point>
        </Placemark>
        <Placemark id="2703">
            <name>Sauterstraße</name>
            <description>Tiefe: 30–50 cm</description>
            <Point id="2702">
                <coordinates>8.130305080723247,49.35438637396633,0.0</coordinates>
            </Point>
        </Placemark>
        <Placemark id="2705">
            <name>Sauterstraße</name>
            <description>Tiefe: 30–50 cm</description>
            <Point id="2704">
                <coordinates>8.13240102269453,49.35500091752861,0.0</coordinates>
            </Point>
        </Placemark>
        <Placemark id="2707">
            <name>Rathausstraße</name>
            <description>Tiefe: 50–100 cm</description>
            <Point id="2706">
                <coordinates>8.134133940337177,49.35441455662589,0.0</coordinates>
            </Point>
        </Placemark>
        <Placemark id="2709">
            <name>Rathausstraße</name>
            <description>Tiefe: 50–100 cm</description>
            <Point id="2708">
                <coordinates>8.133643409779197,49.35493051113135,0.0</coordinates>
            </Point>
        </Placemark>
        <Placemark id="2711">
            <name>Rittergartenstraße</name>
            <description>Tiefe: 50–100 cm</description>
            <Point id="2710">
                <coordinates>8.134297736688994,49.354782171537686,0.0</coordinates>
            </Point>
        </Placemark>
        <Placemark id="2713">
            <name>Gerichtstraße</name>
            <description>Tiefe: 30–50 cm</description>
            <Point id="2712">
                <coordinates>8.132780839648085,49.354051847451444,0.0</coordinates>
            </Point>
        </Placemark>
        <Placemark id="2715">
            <name>Rathausstraße</name>
            <description>Tiefe: 50–100 cm</description>
            <Point id="2714">
                <coordinates>8.133643409779197,49.35493051113135,0.0</coordinates>
            </Point>
        </Placemark>
        <Placemark id="2717">
            <name>Sauterstraße</name>
            <description>Tiefe: 30–50 cm</description>
            <Point id="2716">
                <coordinates>8.133743246358168,49.355455804442286,0.0</coordinates>
            </Point>
        </Placemark>
        <Placemark id="2719">
            <name>Sauterstraße</name>
            <description>Tiefe: 30–50 cm</description>
            <Point id="2718">
                <coordinates>8.13240102269453,49.35500091752861,0.0</coordinates>
            </Point>
        </Placemark>
        <Placemark id="2721">
            <name>Sauterstraße</name>
            <description>Tiefe: 30–50 cm</description>
            <Point id="2720">
                <coordinates>8.134383006275606,49.35575844283082,0.0</coordinates>
            </Point>
        </Placemark>
        <Placemark id="2723">
            <name>Sauterstraße</name>
            <description>Tiefe: 30–50 cm</description>
            <Point id="2722">
                <coordinates>8.133743246358168,49.355455804442286,0.0</coordinates>
            </Point>
        </Placemark>
        <Placemark id="2725">
            <name>Brunnenstraße</name>
            <description>Tiefe: 50–100 cm</description>
            <Point id="2724">
                <coordinates>8.134777846923052,49.35560181280042,0.0</coordinates>
            </Point>
        </Placemark>
        <Placemark id="2727">
            <name>Rittergartenstraße</name>
            <description>Tiefe: 50–100 cm</description>
            <Point id="2726">
                <coordinates>8.1349032,49.355102849999994,0.0</coordinates>
            </Point>
        </Placemark>
        <Placemark id="2729">
            <name>Rittergartenstraße</name>
            <description>Tiefe: 50–100 cm</description>
            <Point id="2728">
                <coordinates>8.135245556303731,49.35524355436963,0.0</coordinates>
            </Point>
        </Placemark>
        <Placemark id="2731">
            <name>Brunnenstraße</name>
            <description>Tiefe: 50–100 cm</description>
            <Point id="2730">
                <coordinates>8.134777846923052,49.35560181280042,0.0</coordinates>
            </Point>
        </Placemark>
        <Placemark id="2733">
            <name>Sulzwiesenweg</name>
            <description>Tiefe: 50–100 cm</description>
            <Point id="2732">
                <coordinates>8.141834770350895,49.357387889621165,0.0</coordinates>
            </Point>
        </Placemark>
        <Placemark id="2735">
            <name>Sulzwiesenweg</name>
            <description>Tiefe: 50–100 cm</description>
            <Point id="2734">
                <coordinates>8.141885904102944,49.35719603196338,0.0</coordinates>
            </Point>
        </Placemark>
        <Placemark id="2737">
            <name>Sulzwiesenweg</name>
            <description>Tiefe: 50–100 cm</description>
            <Point id="2736">
                <coordinates>8.14046603079172,49.357894117064454,0.0</coordinates>
            </Point>
        </Placemark>
        <Placemark id="2739">
            <name>Sulzwiesenweg</name>
            <description>Tiefe: 50–100 cm</description>
            <Point id="2738">
                <coordinates>8.141834770350895,49.357387889621165,0.0</coordinates>
            </Point>
        </Placemark>
        <Placemark id="2741">
            <name>Sulzwiesenweg</name>
            <description>Tiefe: 50–100 cm</description>
            <Point id="2740">
                <coordinates>8.141426442699514,49.35732839553657,0.0</coordinates>
            </Point>
        </Placemark>
        <Placemark id="2743">
            <name>Villenstraße</name>
            <description>Tiefe: 30–50 cm</description>
            <Point id="2742">
                <coordinates>8.140757644619404,49.3567636509692,0.0</coordinates>
            </Point>
        </Placemark>
        <Placemark id="2745">
            <name>Sauterstraße</name>
            <description>Tiefe: 30–50 cm</description>
            <Point id="2744">
                <coordinates>8.137188958934532,49.35585546343302,0.0</coordinates>
            </Point>
        </Placemark>
        <Placemark id="2747">
            <name>Johann-Casimir-Straße</name>
            <description>Tiefe: 30–50 cm</description>
            <Point id="2746">
                <coordinates>8.1272974,49.3521593,0.0</coordinates>
            </Point>
        </Placemark>
        <Placemark id="2749">
            <name>Johann-Casimir-Straße</name>
            <description>Tiefe: 30–50 cm</description>
            <Point id="2748">
                <coordinates>8.1272974,49.3521593,0.0</coordinates>
            </Point>
        </Placemark>
        <Placemark id="2751">
            <name>Mandelgasse</name>
            <description>Tiefe: 30–50 cm</description>
            <Point id="2750">
                <coordinates>8.1282407,49.3530521,0.0</coordinates>
            </Point>
        </Placemark>
        <Placemark id="2753">
            <name>Mandelgasse</name>
            <description>Tiefe: 30–50 cm</description>
            <Point id="2752">
                <coordinates>8.128614780640854,49.35223394264126,0.0</coordinates>
            </Point>
        </Placemark>
        <Placemark id="2755">
            <name>Sauterstraße</name>
            <description>Tiefe: 30–50 cm</description>
            <Point id="2754">
                <coordinates>8.130305080723247,49.35438637396633,0.0</coordinates>
            </Point>
        </Placemark>
        <Placemark id="2757">
            <name>Sauterstraße</name>
            <description>Tiefe: 30–50 cm</description>
            <Point id="2756">
                <coordinates>8.128780341672252,49.35335033599733,0.0</coordinates>
            </Point>
        </Placemark>
        <Placemark id="2759">
            <name>Ludwigstraße</name>
            <description>Tiefe: 50–100 cm</description>
            <Point id="2758">
                <coordinates>8.129933599538596,49.35229119678571,0.0</coordinates>
            </Point>
        </Placemark>
        <Placemark id="2761">
            <name>Ludwigstraße</name>
            <description>Tiefe: 50–100 cm</description>
            <Point id="2760">
                <coordinates>8.131028258072433,49.35276693981121,0.0</coordinates>
            </Point>
        </Placemark>
        <Placemark id="2763">
            <name>Strohmarkt</name>
            <description>Tiefe: 30–50 cm</description>
            <Point id="2762">
                <coordinates>8.138125762302332,49.35546641619647,0.0</coordinates>
            </Point>
        </Placemark>
        <Placemark id="2765">
            <name>Friedrichstraße</name>
            <description>Tiefe: 30–50 cm</description>
            <Point id="2764">
                <coordinates>8.13847733009174,49.355542587546395,0.0</coordinates>
            </Point>
        </Placemark>
        <Placemark id="2767">
            <name>Strohmarkt</name>
            <description>Tiefe: 30–50 cm</description>
            <Point id="2766">
                <coordinates>8.13703185,49.3555965,0.0</coordinates>
            </Point>
        </Placemark>
        <Placemark id="2769">
            <name>Hohenzollernstraße</name>
            <description>Tiefe: 30–50 cm</description>
            <Point id="2768">
                <coordinates>8.14177105541826,49.35242362288655,0.0</coordinates>
            </Point>
        </Placemark>
        <Placemark id="2771">
            <name>Sulzwiesenweg</name>
            <description>Tiefe: 50–100 cm</description>
            <Point id="2770">
                <coordinates>8.14046603079172,49.357894117064454,0.0</coordinates>
            </Point>
        </Placemark>
        <Placemark id="2773">
            <name>Sulzwiesenweg</name>
            <description>Tiefe: 50–100 cm</description>
            <Point id="2772">
                <coordinates>8.141426442699514,49.35732839553657,0.0</coordinates>
            </Point>
        </Placemark>
        <Placemark id="2775">
            <name>Branchweilerhofstraße</name>
            <description>Tiefe: 50–100 cm</description>
            <Point id="2774">
                <coordinates>8.16214355,49.350997750000005,0.0</coordinates>
            </Point>
        </Placemark>
        <Placemark id="2777">
            <name>Branchweilerhofstraße</name>
            <description>Tiefe: 50–100 cm</description>
            <Point id="2776">
                <coordinates>8.16150432500088,49.35107814900895,0.0</coordinates>
            </Point>
        </Placemark>
        <Placemark id="2779">
            <name>Adolf-Kolping-Straße</name>
            <description>Tiefe: 30–50 cm</description>
            <Point id="2778">
                <coordinates>8.1649143,49.3524664,0.0</coordinates>
            </Point>
        </Placemark>
        <Placemark id="2781">
            <name>Adolf-Kolping-Straße</name>
            <description>Tiefe: 30–50 cm</description>
            <Point id="2780">
                <coordinates>8.164566941010705,49.35162380242123,0.0</coordinates>
            </Point>
        </Placemark>
        <Placemark id="2783">
            <name>Breslauer Straße</name>
            <description>Tiefe: 30–50 cm</description>
            <Point id="2782">
                <coordinates>8.160439043879974,49.34985888227241,0.0</coordinates>
            </Point>
        </Placemark>
        <Placemark id="2785">
            <name>Spitalbachstraße</name>
            <description>Tiefe: 50–100 cm</description>
            <Point id="2784">
                <coordinates>8.160427225715512,49.3484662861723,0.0</coordinates>
            </Point>
        </Placemark>
        <Placemark id="2787">
            <name>Spitalbachstraße</name>
            <description>Tiefe: 50–100 cm</description>
            <Point id="2786">
                <coordinates>8.159038301435778,49.34868520912755,0.0</coordinates>
            </Point>
        </Placemark>
        <Placemark id="2789">
            <name>Breslauer Straße</name>
            <description>Tiefe: 30–50 cm</description>
            <Point id="2788">
                <coordinates>8.160439043879974,49.34985888227241,0.0</coordinates>
            </Point>
        </Placemark>
        <Placemark id="2791">
            <name>Branchweilerhofstraße</name>
            <description>Tiefe: 50–100 cm</description>
            <Point id="2790">
                <coordinates>8.16150432500088,49.35107814900895,0.0</coordinates>
            </Point>
        </Placemark>
        <Placemark id="2793">
            <name>Branchweilerhofstraße</name>
            <description>Tiefe: 50–100 cm</description>
            <Point id="2792">
                <coordinates>8.160157616445685,49.351253110402745,0.0</coordinates>
            </Point>
        </Placemark>
        <Placemark id="2795">
            <name>Stettiner Straße</name>
            <description>Tiefe: 50–100 cm</description>
            <Point id="2794">
                <coordinates>8.162520111695416,49.348744248019415,0.0</coordinates>
            </Point>
        </Placemark>
        <Placemark id="2797">
            <name>Adolf-Kolping-Straße</name>
            <description>Tiefe: 30–50 cm</description>
            <Point id="2796">
                <coordinates>8.16419565,49.35012935,0.0</coordinates>
            </Point>
        </Placemark>
        <Placemark id="2799">
            <name>Adolf-Kolping-Straße</name>
            <description>Tiefe: 30–50 cm</description>
            <Point id="2798">
                <coordinates>8.16410151901323,49.34972815937453,0.0</coordinates>
            </Point>
        </Placemark>
        <Placemark id="2801">
            <name>Adolf-Kolping-Straße</name>
            <description>Tiefe: 30–50 cm</description>
            <Point id="2800">
                <coordinates>8.16374880447995,49.34882546512385,0.0</coordinates>
            </Point>
        </Placemark>
        <Placemark id="2803">
            <name>Adolf-Kolping-Straße</name>
            <description>Tiefe: 30–50 cm</description>
            <Point id="2802">
                <coordinates>8.163885379428802,49.34919372674175,0.0</coordinates>
            </Point>
        </Placemark>
        <Placemark id="2805">
            <name>Adolf-Kolping-Straße</name>
            <description>Tiefe: 30–50 cm</description>
            <Point id="2804">
                <coordinates>8.1636967,49.34862765,0.0</coordinates>
            </Point>
        </Placemark>
        <Placemark id="2807">
            <name>Adolf-Kolping-Straße</name>
            <description>Tiefe: 30–50 cm</description>
            <Point id="2806">
                <coordinates>8.163633612461629,49.348291162554965,0.0</coordinates>
            </Point>
        </Placemark>
        <Placemark id="2809">
            <name>Sandfeldweg</name>
            <description>Tiefe: 30–50 cm</description>
            <Point id="2808">
                <coordinates>8.163959142254456,49.348578042009855,0.0</coordinates>
            </Point>
        </Placemark>
        <Placemark id="2811">
            <name>Adolf-Kolping-Straße</name>
            <description>Tiefe: 30–50 cm</description>
            <Point id="2810">
                <coordinates>8.16701674146619,49.354894369685866,0.0</coordinates>
            </Point>
        </Placemark>
        <Placemark id="2813">
            <name>Adolf-Kolping-Straße</name>
            <description>Tiefe: 30–50 cm</description>
            <Point id="2812">
                <coordinates>8.16537360643647,49.353253350697244,0.0</coordinates>
            </Point>
        </Placemark>
        <Placemark id="2815">
            <name>Branchweilerhofstraße</name>
            <description>Tiefe: 50–100 cm</description>
            <Point id="2814">
                <coordinates>8.166826400000001,49.350784399999995,0.0</coordinates>
            </Point>
        </Placemark>
        <Placemark id="2817">
            <name>Branchweilerhofstraße</name>
            <description>Tiefe: 50–100 cm</description>
            <Point id="2816">
                <coordinates>8.165499581974244,49.35075725593986,0.0</coordinates>
            </Point>
        </Placemark>
        <Placemark id="2819">
            <name>Branchweilerhofstraße</name>
            <description>Tiefe: 50–100 cm</description>
            <Point id="2818">
                <coordinates>8.170356235391239,49.350807783715815,0.0</coordinates>
            </Point>
        </Placemark>
        <Placemark id="2821">
            <name>Branchweilerhofstraße</name>
            <description>Tiefe: 50–100 cm</description>
            <Point id="2820">
                <coordinates>8.168084292256667,49.35079865949522,0.0</coordinates>
            </Point>
        </Placemark>
        <Placemark id="2823">
            <name>Adolf-Kolping-Straße</name>
            <description>Tiefe: 30–50 cm</description>
            <Point id="2822">
                <coordinates>8.16410151901323,49.34972815937453,0.0</coordinates>
            </Point>
        </Placemark>
        <Placemark id="2825">
            <name>Adolf-Kolping-Straße</name>
            <description>Tiefe: 30–50 cm</description>
            <Point id="2824">
                <coordinates>8.163885379428802,49.34919372674175,0.0</coordinates>
            </Point>
        </Placemark>
        <Placemark id="2827">
            <name>Berliner Straße</name>
            <description>Tiefe: 30–50 cm</description>
            <Point id="2826">
                <coordinates>8.1672489,49.34831975,0.0</coordinates>
            </Point>
        </Placemark>
        <Placemark id="2829">
            <name>Berliner Straße</name>
            <description>Tiefe: 30–50 cm</description>
            <Point id="2828">
                <coordinates>8.167891438720046,49.34961953234602,0.0</coordinates>
            </Point>
        </Placemark>
        <Placemark id="2831">
            <name>Berliner Straße</name>
            <description>Tiefe: 30–50 cm</description>
            <Point id="2830">
                <coordinates>8.166816697107103,49.35020001455608,0.0</coordinates>
            </Point>
        </Placemark>
        <Placemark id="2833">
            <name>Berliner Straße</name>
            <description>Tiefe: 30–50 cm</description>
            <Point id="2832">
                <coordinates>8.165408212536294,49.3501128,0.0</coordinates>
            </Point>
        </Placemark>
        <Placemark id="2835">
            <name>Geschwister-Scholl-Straße</name>
            <description>Tiefe: 30–50 cm</description>
            <Point id="2834">
                <coordinates>8.168808949999999,49.3463085,0.0</coordinates>
            </Point>
        </Placemark>
        <Placemark id="2837">
            <name>Geschwister-Scholl-Straße</name>
            <description>Tiefe: 30–50 cm</description>
            <Point id="2836">
                <coordinates>8.168808949999999,49.3463085,0.0</coordinates>
            </Point>
        </Placemark>
        <Placemark id="2839">
            <name>Geschwister-Scholl-Straße</name>
            <description>Tiefe: 30–50 cm</description>
            <Point id="2838">
                <coordinates>8.169574599833396,49.34605158476552,0.0</coordinates>
            </Point>
        </Placemark>
        <Placemark id="2841">
            <name>Geschwister-Scholl-Straße</name>
            <description>Tiefe: 30–50 cm</description>
            <Point id="2840">
                <coordinates>8.1693187028883,49.346687879900934,0.0</coordinates>
            </Point>
        </Placemark>
        <Placemark id="2843">
            <name>Geschwister-Scholl-Straße</name>
            <description>Tiefe: 30–50 cm</description>
            <Point id="2842">
                <coordinates>8.1693187028883,49.346687879900934,0.0</coordinates>
            </Point>
        </Placemark>
        <Placemark id="2845">
            <name>Geschwister-Scholl-Straße</name>
            <description>Tiefe: 30–50 cm</description>
            <Point id="2844">
                <coordinates>8.170029893674167,49.34497155627131,0.0</coordinates>
            </Point>
        </Placemark>
        <Placemark id="2847">
            <name>Geschwister-Scholl-Straße</name>
            <description>Tiefe: 30–50 cm</description>
            <Point id="2846">
                <coordinates>8.169183188677493,49.34568708015916,0.0</coordinates>
            </Point>
        </Placemark>
        <Placemark id="2849">
            <name>Geschwister-Scholl-Straße</name>
            <description>Tiefe: 30–50 cm</description>
            <Point id="2848">
                <coordinates>8.16980200306253,49.34538945301019,0.0</coordinates>
            </Point>
        </Placemark>
        <Placemark id="2851">
            <name>Geschwister-Scholl-Straße</name>
            <description>Tiefe: 30–50 cm</description>
            <Point id="2850">
                <coordinates>8.169574599833396,49.34605158476552,0.0</coordinates>
            </Point>
        </Placemark>
        <Placemark id="2853">
            <name>Geschwister-Scholl-Straße</name>
            <description>Tiefe: 30–50 cm</description>
            <Point id="2852">
                <coordinates>8.1689845,49.34510615,0.0</coordinates>
            </Point>
        </Placemark>
        <Placemark id="2855">
            <name>Geschwister-Scholl-Straße</name>
            <description>Tiefe: 30–50 cm</description>
            <Point id="2854">
                <coordinates>8.169183188677493,49.34568708015916,0.0</coordinates>
            </Point>
        </Placemark>
        <Placemark id="2857">
            <name>Geschwister-Scholl-Straße</name>
            <description>Tiefe: 30–50 cm</description>
            <Point id="2856">
                <coordinates>8.169414183563752,49.345030919084266,0.0</coordinates>
            </Point>
        </Placemark>
        <Placemark id="2859">
            <name>Geschwister-Scholl-Straße</name>
            <description>Tiefe: 30–50 cm</description>
            <Point id="2858">
                <coordinates>8.1697813,49.344429000000005,0.0</coordinates>
            </Point>
        </Placemark>
        <Placemark id="2861">
            <name>Geschwister-Scholl-Straße</name>
            <description>Tiefe: 30–50 cm</description>
            <Point id="2860">
                <coordinates>8.169659450000001,49.3447314,0.0</coordinates>
            </Point>
        </Placemark>
        <Placemark id="2863">
            <name>Geschwister-Scholl-Straße</name>
            <description>Tiefe: 30–50 cm</description>
            <Point id="2862">
                <coordinates>8.16889382606162,49.34461228987183,0.0</coordinates>
            </Point>
        </Placemark>
        <Placemark id="2865">
            <name>Geschwister-Scholl-Straße</name>
            <description>Tiefe: 30–50 cm</description>
            <Point id="2864">
                <coordinates>8.1697813,49.344429000000005,0.0</coordinates>
            </Point>
        </Placemark>
        <Placemark id="2867">
            <name>Heinrich-Strieffler-Straße</name>
            <description>Tiefe: 30–50 cm</description>
            <Point id="2866">
                <coordinates>8.164404026008093,49.34674290824757,0.0</coordinates>
            </Point>
        </Placemark>
        <Placemark id="2869">
            <name>Heinrich-Strieffler-Straße</name>
            <description>Tiefe: 30–50 cm</description>
            <Point id="2868">
                <coordinates>8.164767993485553,49.345712687112886,0.0</coordinates>
            </Point>
        </Placemark>
        <Placemark id="2871">
            <name>Heinrich-Strieffler-Straße</name>
            <description>Tiefe: 30–50 cm</description>
            <Point id="2870">
                <coordinates>8.164404026008093,49.34674290824757,0.0</coordinates>
            </Point>
        </Placemark>
        <Placemark id="2873">
            <name>Heinrich-Strieffler-Straße</name>
            <description>Tiefe: 30–50 cm</description>
            <Point id="2872">
                <coordinates>8.164228299569194,49.3457179353647,0.0</coordinates>
            </Point>
        </Placemark>
        <Placemark id="2875">
            <name>Heinrich-Strieffler-Straße</name>
            <description>Tiefe: 30–50 cm</description>
            <Point id="2874">
                <coordinates>8.165052750000001,49.34538365,0.0</coordinates>
            </Point>
        </Placemark>
        <Placemark id="2877">
            <name>Heinrich-Strieffler-Straße</name>
            <description>Tiefe: 30–50 cm</description>
            <Point id="2876">
                <coordinates>8.165591744770998,49.3455419687505,0.0</coordinates>
            </Point>
        </Placemark>
        <Placemark id="2879">
            <name>Heinrich-Strieffler-Straße</name>
            <description>Tiefe: 30–50 cm</description>
            <Point id="2878">
                <coordinates>8.164767993485553,49.345712687112886,0.0</coordinates>
            </Point>
        </Placemark>
        <Placemark id="2881">
            <name>Heinrich-Strieffler-Straße</name>
            <description>Tiefe: 30–50 cm</description>
            <Point id="2880">
                <coordinates>8.167523953116246,49.34533904468838,0.0</coordinates>
            </Point>
        </Placemark>
        <Placemark id="2883">
            <name>Heinrich-Strieffler-Straße</name>
            <description>Tiefe: 30–50 cm</description>
            <Point id="2882">
                <coordinates>8.166514933810927,49.34544087991339,0.0</coordinates>
            </Point>
        </Placemark>
        <Placemark id="2885">
            <name>Heinrich-Strieffler-Straße</name>
            <description>Tiefe: 30–50 cm</description>
            <Point id="2884">
                <coordinates>8.166868903024266,49.34513584022544,0.0</coordinates>
            </Point>
        </Placemark>
        <Placemark id="2887">
            <name>Otto-Dill-Straße</name>
            <description>Tiefe: 30–50 cm</description>
            <Point id="2886">
                <coordinates>8.167027922619251,49.34570833539493,0.0</coordinates>
            </Point>
        </Placemark>
        <Placemark id="2889">
            <name>Heinrich-Strieffler-Straße</name>
            <description>Tiefe: 30–50 cm</description>
            <Point id="2888">
                <coordinates>8.164228299569194,49.3457179353647,0.0</coordinates>
            </Point>
        </Placemark>
        <Placemark id="2891">
            <name>Heinrich-Strieffler-Straße</name>
            <description>Tiefe: 30–50 cm</description>
            <Point id="2890">
                <coordinates>8.165052750000001,49.34538365,0.0</coordinates>
            </Point>
        </Placemark>
        <Placemark id="2893">
            <name>Heinrich-Strieffler-Straße</name>
            <description>Tiefe: 30–50 cm</description>
            <Point id="2892">
                <coordinates>8.166868903024266,49.34513584022544,0.0</coordinates>
            </Point>
        </Placemark>
        <Placemark id="2895">
            <name>Sandfeldweg</name>
            <description>Tiefe: 30–50 cm</description>
            <Point id="2894">
                <coordinates>8.16659445,49.348121649999996,0.0</coordinates>
            </Point>
        </Placemark>
        <Placemark id="2897">
            <name>Sandfeldweg</name>
            <description>Tiefe: 30–50 cm</description>
            <Point id="2896">
                <coordinates>8.165180244078368,49.34844382722964,0.0</coordinates>
            </Point>
        </Placemark>
        <Placemark id="2899">
            <name>Otto-Dill-Straße</name>
            <description>Tiefe: 30–50 cm</description>
            <Point id="2898">
                <coordinates>8.165998870205323,49.34792893918401,0.0</coordinates>
            </Point>
        </Placemark>
        <Placemark id="2901">
            <name>Otto-Dill-Straße</name>
            <description>Tiefe: 30–50 cm</description>
            <Point id="2900">
                <coordinates>8.167225841913424,49.34719234261865,0.0</coordinates>
            </Point>
        </Placemark>
        <Placemark id="2903">
            <name>Otto-Dill-Straße</name>
            <description>Tiefe: 30–50 cm</description>
            <Point id="2902">
                <coordinates>8.165998870205323,49.34792893918401,0.0</coordinates>
            </Point>
        </Placemark>
        <Placemark id="2905">
            <name>Otto-Dill-Straße</name>
            <description>Tiefe: 30–50 cm</description>
            <Point id="2904">
                <coordinates>8.167027922619251,49.34570833539493,0.0</coordinates>
            </Point>
        </Placemark>
        <Placemark id="2907">
            <name>Otto-Dill-Straße</name>
            <description>Tiefe: 30–50 cm</description>
            <Point id="2906">
                <coordinates>8.167225841913424,49.34719234261865,0.0</coordinates>
            </Point>
        </Placemark>
        <Placemark id="2909">
            <name>Adolf-Kolping-Straße</name>
            <description>Tiefe: 30–50 cm</description>
            <Point id="2908">
                <coordinates>8.162007709754437,49.34212350912844,0.0</coordinates>
            </Point>
        </Placemark>
        <Placemark id="2911">
            <name>Adolf-Kolping-Straße</name>
            <description>Tiefe: 30–50 cm</description>
            <Point id="2910">
                <coordinates>8.162222203370563,49.34256353290693,0.0</coordinates>
            </Point>
        </Placemark>
        <Placemark id="2913">
            <name>Europastraße</name>
            <description>Tiefe: 30–50 cm</description>
            <Point id="2912">
                <coordinates>8.15320105,49.3397843,0.0</coordinates>
            </Point>
        </Placemark>
        <Placemark id="2915">
            <name>Europastraße</name>
            <description>Tiefe: 30–50 cm</description>
            <Point id="2914">
                <coordinates>8.1536389,49.339715049999995,0.0</coordinates>
            </Point>
        </Placemark>
        <Placemark id="2917">
            <name>Europastraße</name>
            <description>Tiefe: 30–50 cm</description>
            <Point id="2916">
                <coordinates>8.153665031900152,49.34069576594603,0.0</coordinates>
            </Point>
        </Placemark>
        <Placemark id="2919">
            <name>Europastraße</name>
            <description>Tiefe: 30–50 cm</description>
            <Point id="2918">
                <coordinates>8.1536389,49.339715049999995,0.0</coordinates>
            </Point>
        </Placemark>
        <Placemark id="2921">
            <name>Europastraße</name>
            <description>Tiefe: 30–50 cm</description>
            <Point id="2920">
                <coordinates>8.154274716822414,49.339604395609655,0.0</coordinates>
            </Point>
        </Placemark>
        <Placemark id="2923">
            <name>Europastraße</name>
            <description>Tiefe: 30–50 cm</description>
            <Point id="2922">
                <coordinates>8.154163835333838,49.33971881956864,0.0</coordinates>
            </Point>
        </Placemark>
        <Placemark id="2925">
            <name>Europastraße</name>
            <description>Tiefe: 30–50 cm</description>
            <Point id="2924">
                <coordinates>8.15320105,49.3397843,0.0</coordinates>
            </Point>
        </Placemark>
        <Placemark id="2927">
            <name>Europastraße</name>
            <description>Tiefe: 30–50 cm</description>
            <Point id="2926">
                <coordinates>8.152711098756512,49.339759944908934,0.0</coordinates>
            </Point>
        </Placemark>
        <Placemark id="2929">
            <name>Europastraße</name>
            <description>Tiefe: 30–50 cm</description>
            <Point id="2928">
                <coordinates>8.152711098756512,49.339759944908934,0.0</coordinates>
            </Point>
        </Placemark>
        <Placemark id="2931">
            <name>Adolf-Kolping-Straße</name>
            <description>Tiefe: 30–50 cm</description>
            <Point id="2930">
                <coordinates>8.163332375735804,49.346759983801796,0.0</coordinates>
            </Point>
        </Placemark>
        <Placemark id="2933">
            <name>Adolf-Kolping-Straße</name>
            <description>Tiefe: 30–50 cm</description>
            <Point id="2932">
                <coordinates>8.163171437516803,49.34594052411086,0.0</coordinates>
            </Point>
        </Placemark>
        <Placemark id="2935">
            <name>Kurt-Schumacher-Straße</name>
            <description>Tiefe: 30–50 cm</description>
            <Point id="2934">
                <coordinates>8.156437,49.3510128,0.0</coordinates>
            </Point>
        </Placemark>
        <Placemark id="2937">
            <name>Schlachthofstraße</name>
            <description>Tiefe: 30–50 cm</description>
            <Point id="2936">
                <coordinates>8.156862273041899,49.35136724283577,0.0</coordinates>
            </Point>
        </Placemark>
        <Placemark id="2939">
            <name>Schlachthofstraße</name>
            <description>Tiefe: 30–50 cm</description>
            <Point id="2938">
                <coordinates>8.15676904153241,49.350696502605345,0.0</coordinates>
            </Point>
        </Placemark>
        <Placemark id="2941">
            <name>Kurt-Schumacher-Straße</name>
            <description>Tiefe: 30–50 cm</description>
            <Point id="2940">
                <coordinates>8.156437,49.3510128,0.0</coordinates>
            </Point>
        </Placemark>
        <Placemark id="2943">
            <name>Kurt-Schumacher-Straße</name>
            <description>Tiefe: 30–50 cm</description>
            <Point id="2942">
                <coordinates>8.1548812139257,49.35077044064709,0.0</coordinates>
            </Point>
        </Placemark>
        <Placemark id="2945">
            <name>Kurt-Schumacher-Straße</name>
            <description>Tiefe: 30–50 cm</description>
            <Point id="2944">
                <coordinates>8.155820569851976,49.35063252536995,0.0</coordinates>
            </Point>
        </Placemark>
        <Placemark id="2947">
            <name>Kurt-Schumacher-Straße</name>
            <description>Tiefe: 30–50 cm</description>
            <Point id="2946">
                <coordinates>8.1548812139257,49.35077044064709,0.0</coordinates>
            </Point>
        </Placemark>
        <Placemark id="2949">
            <name>Kurt-Schumacher-Straße</name>
            <description>Tiefe: 30–50 cm</description>
            <Point id="2948">
                <coordinates>8.15606845,49.35013585,0.0</coordinates>
            </Point>
        </Placemark>
        <Placemark id="2951">
            <name>Kurt-Schumacher-Straße</name>
            <description>Tiefe: 30–50 cm</description>
            <Point id="2950">
                <coordinates>8.155332531692196,49.349793432715806,0.0</coordinates>
            </Point>
        </Placemark>
        <Placemark id="2953">
            <name>Kurt-Schumacher-Straße</name>
            <description>Tiefe: 30–50 cm</description>
            <Point id="2952">
                <coordinates>8.155820569851976,49.35063252536995,0.0</coordinates>
            </Point>
        </Placemark>
        <Placemark id="2955">
            <name>Martin-Luther-Straße</name>
            <description>Tiefe: 50–100 cm</description>
            <Point id="2954">
                <coordinates>8.15195115,49.359240549999996,0.0</coordinates>
            </Point>
        </Placemark>
        <Placemark id="2957">
            <name>Martin-Luther-Straße</name>
            <description>Tiefe: 50–100 cm</description>
            <Point id="2956">
                <coordinates>8.152403,49.3595621,0.0</coordinates>
            </Point>
        </Placemark>
        <Placemark id="2959">
            <name>Martin-Luther-Straße</name>
            <description>Tiefe: 50–100 cm</description>
            <Point id="2958">
                <coordinates>8.15253055,49.35821935,0.0</coordinates>
            </Point>
        </Placemark>
        <Placemark id="2961">
            <name>Martin-Luther-Straße</name>
            <description>Tiefe: 50–100 cm</description>
            <Point id="2960">
                <coordinates>8.1520638,49.35787675,0.0</coordinates>
            </Point>
        </Placemark>
        <Placemark id="2963">
            <name>Martin-Luther-Straße</name>
            <description>Tiefe: 50–100 cm</description>
            <Point id="2962">
                <coordinates>8.1520638,49.35787675,0.0</coordinates>
            </Point>
        </Placemark>
        <Placemark id="2965">
            <name>Adalbert-Stifter-Straße</name>
            <description>Tiefe: 50–100 cm</description>
            <Point id="2964">
                <coordinates>8.1530072,49.3583267,0.0</coordinates>
            </Point>
        </Placemark>
        <Placemark id="2967">
            <name>Martin-Luther-Straße</name>
            <description>Tiefe: 50–100 cm</description>
            <Point id="2966">
                <coordinates>8.15253055,49.35821935,0.0</coordinates>
            </Point>
        </Placemark>
        <Placemark id="2969">
            <name>Adalbert-Stifter-Straße</name>
            <description>Tiefe: 50–100 cm</description>
            <Point id="2968">
                <coordinates>8.15306415498926,49.35807255656498,0.0</coordinates>
            </Point>
        </Placemark>
        <Placemark id="2971">
            <name>Adalbert-Stifter-Straße</name>
            <description>Tiefe: 50–100 cm</description>
            <Point id="2970">
                <coordinates>8.15306415498926,49.35807255656498,0.0</coordinates>
            </Point>
        </Placemark>
        <Placemark id="2973">
            <name>Adalbert-Stifter-Straße</name>
            <description>Tiefe: 50–100 cm</description>
            <Point id="2972">
                <coordinates>8.15321475,49.35898025,0.0</coordinates>
            </Point>
        </Placemark>
        <Placemark id="2975">
            <name>Am Knappengraben</name>
            <description>Tiefe: 30–50 cm</description>
            <Point id="2974">
                <coordinates>8.157066769738899,49.36045228361503,0.0</coordinates>
            </Point>
        </Placemark>
        <Placemark id="2977">
            <name>Am Knappengraben</name>
            <description>Tiefe: 30–50 cm</description>
            <Point id="2976">
                <coordinates>8.158407569185693,49.35974153583651,0.0</coordinates>
            </Point>
        </Placemark>
        <Placemark id="2979">
            <name>Am Knappengraben</name>
            <description>Tiefe: 30–50 cm</description>
            <Point id="2978">
                <coordinates>8.158843004544977,49.35984824418791,0.0</coordinates>
            </Point>
        </Placemark>
        <Placemark id="2981">
            <name>Am Knappengraben</name>
            <description>Tiefe: 30–50 cm</description>
            <Point id="2980">
                <coordinates>8.158407569185693,49.35974153583651,0.0</coordinates>
            </Point>
        </Placemark>
        <Placemark id="2983">
            <name>Am Knappengraben</name>
            <description>Tiefe: 30–50 cm</description>
            <Point id="2982">
                <coordinates>8.159277425007357,49.35921782135623,0.0</coordinates>
            </Point>
        </Placemark>
        <Placemark id="2985">
            <name>Am Knappengraben</name>
            <description>Tiefe: 30–50 cm</description>
            <Point id="2984">
                <coordinates>8.158843004544977,49.35984824418791,0.0</coordinates>
            </Point>
        </Placemark>
        <Placemark id="2987">
            <name>Winzinger Straße</name>
            <description>Tiefe: 30–50 cm</description>
            <Point id="2986">
                <coordinates>8.150377601765983,49.35257808065326,0.0</coordinates>
            </Point>
        </Placemark>
        <Placemark id="2989">
            <name>Martin-Luther-Straße</name>
            <description>Tiefe: 50–100 cm</description>
            <Point id="2988">
                <coordinates>8.152232900000001,49.3528886,0.0</coordinates>
            </Point>
        </Placemark>
        <Placemark id="2991">
            <name>Martin-Luther-Straße</name>
            <description>Tiefe: 50–100 cm</description>
            <Point id="2990">
                <coordinates>8.152243412537828,49.35328141671029,0.0</coordinates>
            </Point>
        </Placemark>
        <Placemark id="2993">
            <name>Kirchstraße</name>
            <description>Tiefe: 50–100 cm</description>
            <Point id="2992">
                <coordinates>8.149411742831235,49.35383385247492,0.0</coordinates>
            </Point>
        </Placemark>
        <Placemark id="2995">
            <name>Winzinger Straße</name>
            <description>Tiefe: 30–50 cm</description>
            <Point id="2994">
                <coordinates>8.15080176680508,49.35150352942638,0.0</coordinates>
            </Point>
        </Placemark>
        <Placemark id="2997">
            <name>Martin-Luther-Straße</name>
            <description>Tiefe: 50–100 cm</description>
            <Point id="2996">
                <coordinates>8.15200389813421,49.35130262601364,0.0</coordinates>
            </Point>
        </Placemark>
        <Placemark id="2999">
            <name>Martin-Luther-Straße</name>
            <description>Tiefe: 50–100 cm</description>
            <Point id="2998">
                <coordinates>8.1522151106167,49.352387814197755,0.0</coordinates>
            </Point>
        </Placemark>
        <Placemark id="3001">
            <name>Wiesenstraße</name>
            <description>Tiefe: 50–100 cm</description>
            <Point id="3000">
                <coordinates>8.145843717568038,49.35449352879565,0.0</coordinates>
            </Point>
        </Placemark>
        <Placemark id="3003">
            <name>Wallgasse</name>
            <description>Tiefe: 50–100 cm</description>
            <Point id="3002">
                <coordinates>8.143772215549017,49.354111906081535,0.0</coordinates>
            </Point>
        </Placemark>
        <Placemark id="3005">
            <name>Wiesenstraße</name>
            <description>Tiefe: 50–100 cm</description>
            <Point id="3004">
                <coordinates>8.14520417764955,49.35531943932446,0.0</coordinates>
            </Point>
        </Placemark>
        <Placemark id="3007">
            <name>Wallgasse</name>
            <description>Tiefe: 50–100 cm</description>
            <Point id="3006">
                <coordinates>8.14229230773474,49.35382542114854,0.0</coordinates>
            </Point>
        </Placemark>
        <Placemark id="3009">
            <name>Wallgasse</name>
            <description>Tiefe: 50–100 cm</description>
            <Point id="3008">
                <coordinates>8.14229230773474,49.35382542114854,0.0</coordinates>
            </Point>
        </Placemark>
        <Placemark id="3011">
            <name>Wallgasse</name>
            <description>Tiefe: 50–100 cm</description>
            <Point id="3010">
                <coordinates>8.143772215549017,49.354111906081535,0.0</coordinates>
            </Point>
        </Placemark>
        <Placemark id="3013">
            <name>Gartenstraße</name>
            <description>Tiefe: 50–100 cm</description>
            <Point id="3012">
                <coordinates>8.148378099999999,49.350714749999995,0.0</coordinates>
            </Point>
        </Placemark>
        <Placemark id="3015">
            <name>Gartenstraße</name>
            <description>Tiefe: 50–100 cm</description>
            <Point id="3014">
                <coordinates>8.147817871644609,49.35060496109031,0.0</coordinates>
            </Point>
        </Placemark>
        <Placemark id="3017">
            <name>Gartenstraße</name>
            <description>Tiefe: 50–100 cm</description>
            <Point id="3016">
                <coordinates>8.148500396721483,49.350302093054054,0.0</coordinates>
            </Point>
        </Placemark>
        <Placemark id="3019">
            <name>Gartenstraße</name>
            <description>Tiefe: 50–100 cm</description>
            <Point id="3018">
                <coordinates>8.146798048737116,49.35078042840902,0.0</coordinates>
            </Point>
        </Placemark>
        <Placemark id="3021">
            <name>Gartenstraße</name>
            <description>Tiefe: 50–100 cm</description>
            <Point id="3020">
                <coordinates>8.147817871644609,49.35060496109031,0.0</coordinates>
            </Point>
        </Placemark>
        <Placemark id="3023">
            <name>Von-der-Tann-Straße</name>
            <description>Tiefe: 30–50 cm</description>
            <Point id="3022">
                <coordinates>8.1461249023222,49.350180978831666,0.0</coordinates>
            </Point>
        </Placemark>
        <Placemark id="3025">
            <name>Von-der-Tann-Straße</name>
            <description>Tiefe: 30–50 cm</description>
            <Point id="3024">
                <coordinates>8.14631744694269,49.35138011623414,0.0</coordinates>
            </Point>
        </Placemark>
        <Placemark id="3027">
            <name>Gartenstraße</name>
            <description>Tiefe: 50–100 cm</description>
            <Point id="3026">
                <coordinates>8.145514118668268,49.35089647414602,0.0</coordinates>
            </Point>
        </Placemark>
        <Placemark id="3029">
            <name>Gartenstraße</name>
            <description>Tiefe: 50–100 cm</description>
            <Point id="3028">
                <coordinates>8.146798048737116,49.35078042840902,0.0</coordinates>
            </Point>
        </Placemark>
        <Placemark id="3031">
            <name>Gartenstraße</name>
            <description>Tiefe: 50–100 cm</description>
            <Point id="3030">
                <coordinates>8.148378099999999,49.350714749999995,0.0</coordinates>
            </Point>
        </Placemark>
        <Placemark id="3033">
            <name>Gartenstraße</name>
            <description>Tiefe: 50–100 cm</description>
            <Point id="3032">
                <coordinates>8.14892585,49.350411050000005,0.0</coordinates>
            </Point>
        </Placemark>
        <Placemark id="3035">
            <name>Von-der-Tann-Straße</name>
            <description>Tiefe: 30–50 cm</description>
            <Point id="3034">
                <coordinates>8.1461249023222,49.350180978831666,0.0</coordinates>
            </Point>
        </Placemark>
        <Placemark id="3037">
            <name>Von-der-Tann-Straße</name>
            <description>Tiefe: 30–50 cm</description>
            <Point id="3036">
                <coordinates>8.14562986402544,49.34965069964419,0.0</coordinates>
            </Point>
        </Placemark>
        <Placemark id="3039">
            <name>Exterstraße</name>
            <description>Tiefe: 30–50 cm</description>
            <Point id="3038">
                <coordinates>8.141026657662634,49.35524397101716,0.0</coordinates>
            </Point>
        </Placemark>
        <Placemark id="3041">
            <name>Wallgasse</name>
            <description>Tiefe: 50–100 cm</description>
            <Point id="3040">
                <coordinates>8.13982603508381,49.35534391833239,0.0</coordinates>
            </Point>
        </Placemark>
        <Placemark id="3043">
            <name>Exterstraße</name>
            <description>Tiefe: 30–50 cm</description>
            <Point id="3042">
                <coordinates>8.140770240589584,49.35428010082421,0.0</coordinates>
            </Point>
        </Placemark>
        <Placemark id="3045">
            <name>Käsgasse</name>
            <description>Tiefe: 30–50 cm</description>
            <Point id="3044">
                <coordinates>8.118331350507052,49.32209912440588,0.0</coordinates>
            </Point>
        </Placemark>
        <Placemark id="3047">
            <name>Goethestraße</name>
            <description>Tiefe: 50–100 cm</description>
            <Point id="3046">
                <coordinates>8.20107335,49.3296705,0.0</coordinates>
            </Point>
        </Placemark>
        <Placemark id="3049">
            <name>Flugplatzstraße</name>
            <description>Tiefe: 50–100 cm</description>
            <Point id="3048">
                <coordinates>8.201780904006293,49.329528480198505,0.0</coordinates>
            </Point>
        </Placemark>
        <Placemark id="3051">
            <name>Flugplatzstraße</name>
            <description>Tiefe: 50–100 cm</description>
            <Point id="3050">
                <coordinates>8.201570875453028,49.33036188614008,0.0</coordinates>
            </Point>
        </Placemark>
        <Placemark id="3053">
            <name>Lilienthalstraße</name>
            <description>Tiefe: 30–50 cm</description>
            <Point id="3052">
                <coordinates>8.194235741535223,49.33708722104922,0.0</coordinates>
            </Point>
        </Placemark>
        <Placemark id="3055">
            <name>Lilienthalstraße</name>
            <description>Tiefe: 30–50 cm</description>
            <Point id="3054">
                <coordinates>8.19876179061682,49.33763309474288,0.0</coordinates>
            </Point>
        </Placemark>
        <Placemark id="3057">
            <name>Königsgartenstraße</name>
            <description>Tiefe: 50–100 cm</description>
            <Point id="3056">
                <coordinates>8.183921842989458,49.405612419750994,0.0</coordinates>
            </Point>
        </Placemark>
        <Placemark id="3059">
            <name>Weinbergstraße</name>
            <description>Tiefe: 30–50 cm</description>
            <Point id="3058">
                <coordinates>8.182947384225757,49.40523835353617,0.0</coordinates>
            </Point>
        </Placemark>
        <Placemark id="3061">
            <name>Habergartenstraße</name>
            <description>Tiefe: 50–100 cm</description>
            <Point id="3060">
                <coordinates>8.182919474208306,49.40560164713667,0.0</coordinates>
            </Point>
        </Placemark>
        <Placemark id="3063">
            <name>Bahnhofstraße</name>
            <description>Tiefe: 30–50 cm</description>
            <Point id="3062">
                <coordinates>8.188349903533775,49.408294418221466,0.0</coordinates>
            </Point>
        </Placemark>
        <Placemark id="3065">
            <name>Bahnhofstraße</name>
            <description>Tiefe: 30–50 cm</description>
            <Point id="3064">
                <coordinates>8.189043968384507,49.40797365763098,0.0</coordinates>
            </Point>
        </Placemark>
        <Placemark id="3067">
            <name>Robert-Stolz-Straße</name>
            <description>Tiefe: 50–100 cm</description>
            <Point id="3066">
                <coordinates>8.16134395386377,49.35886127979619,0.0</coordinates>
            </Point>
        </Placemark>
        <Placemark id="3069">
            <name>Mandelring</name>
            <description>Tiefe: 50–100 cm</description>
            <Point id="3068">
                <coordinates>8.138951336634161,49.360530550132964,0.0</coordinates>
            </Point>
        </Placemark>
        <Placemark id="3071">
            <name>Eckstraße</name>
            <description>Tiefe: 50–100 cm</description>
            <Point id="3070">
                <coordinates>8.13781777504966,49.360163551820264,0.0</coordinates>
            </Point>
        </Placemark>
        <Placemark id="3073">
            <name>Mandelring</name>
            <description>Tiefe: 50–100 cm</description>
            <Point id="3072">
                <coordinates>8.13837831849537,49.36051428544517,0.0</coordinates>
            </Point>
        </Placemark>
        <Placemark id="3075">
            <name>Kredenburgstraße</name>
            <description>Tiefe: 30–50 cm</description>
            <Point id="3074">
                <coordinates>8.124672909271343,49.30960324364467,0.0</coordinates>
            </Point>
        </Placemark>
        <Placemark id="3077">
            <name>Friedhofstraße</name>
            <description>Tiefe: 30–50 cm</description>
            <Point id="3076">
                <coordinates>8.123252660758334,49.308937829206606,0.0</coordinates>
            </Point>
        </Placemark>
        <Placemark id="3079">
            <name>Friedhofstraße</name>
            <description>Tiefe: 30–50 cm</description>
            <Point id="3078">
                <coordinates>8.124923343921237,49.309241207364686,0.0</coordinates>
            </Point>
        </Placemark>
        <Placemark id="3081">
            <name>Friedhofstraße</name>
            <description>Tiefe: 30–50 cm</description>
            <Point id="3080">
                <coordinates>8.12627565,49.309152,0.0</coordinates>
            </Point>
        </Placemark>
        <Placemark id="3083">
            <name>Friedhofstraße</name>
            <description>Tiefe: 30–50 cm</description>
            <Point id="3082">
                <coordinates>8.127175999999999,49.3090745,0.0</coordinates>
            </Point>
        </Placemark>
        <Placemark id="3085">
            <name>Massastraße</name>
            <description>Tiefe: 50–100 cm</description>
            <Point id="3084">
                <coordinates>8.1261926,49.3083528,0.0</coordinates>
            </Point>
        </Placemark>
        <Placemark id="3087">
            <name>Hartmannstraße</name>
            <description>Tiefe: 50–100 cm</description>
            <Point id="3086">
                <coordinates>8.12596255,49.307512450000004,0.0</coordinates>
            </Point>
        </Placemark>
        <Placemark id="3089">
            <name>Hartmannstraße</name>
            <description>Tiefe: 50–100 cm</description>
            <Point id="3088">
                <coordinates>8.12439958845349,49.30798154351316,0.0</coordinates>
            </Point>
        </Placemark>
        <Placemark id="3091">
            <name>Hartmannstraße</name>
            <description>Tiefe: 50–100 cm</description>
            <Point id="3090">
                <coordinates>8.12670635,49.3072914,0.0</coordinates>
            </Point>
        </Placemark>
        <Placemark id="3093">
            <name>Hartmannstraße</name>
            <description>Tiefe: 50–100 cm</description>
            <Point id="3092">
                <coordinates>8.12596255,49.307512450000004,0.0</coordinates>
            </Point>
        </Placemark>
        <Placemark id="3095">
            <name>Weiherstraße</name>
            <description>Tiefe: 50–100 cm</description>
            <Point id="3094">
                <coordinates>8.126162101668918,49.307291730596106,0.0</coordinates>
            </Point>
        </Placemark>
        <Placemark id="3097">
            <name>Weiherstraße</name>
            <description>Tiefe: 50–100 cm</description>
            <Point id="3096">
                <coordinates>8.126497012340387,49.30668881124992,0.0</coordinates>
            </Point>
        </Placemark>
        <Placemark id="3099">
            <name>Weiherstraße</name>
            <description>Tiefe: 50–100 cm</description>
            <Point id="3098">
                <coordinates>8.126162101668918,49.307291730596106,0.0</coordinates>
            </Point>
        </Placemark>
        <Placemark id="3101">
            <name>Burgunderweg</name>
            <description>Tiefe: 30–50 cm</description>
            <Point id="3100">
                <coordinates>8.12596660896285,49.30695796309041,0.0</coordinates>
            </Point>
        </Placemark>
        <Placemark id="3103">
            <name>Klausengasse</name>
            <description>Tiefe: 30–50 cm</description>
            <Point id="3102">
                <coordinates>8.134161169251719,49.354011692151296,0.0</coordinates>
            </Point>
        </Placemark>
        <Placemark id="3105">
            <name>Klausengasse</name>
            <description>Tiefe: 30–50 cm</description>
            <Point id="3104">
                <coordinates>8.134153446003657,49.353368459016046,0.0</coordinates>
            </Point>
        </Placemark>
        <Placemark id="3107">
            <name>Ludwigstraße</name>
            <description>Tiefe: 50–100 cm</description>
            <Point id="3106">
                <coordinates>8.134560320986832,49.353823334398115,0.0</coordinates>
            </Point>
        </Placemark>
        <Placemark id="3109">
            <name>Ludwigstraße</name>
            <description>Tiefe: 50–100 cm</description>
            <Point id="3108">
                <coordinates>8.13288318122672,49.35338149877625,0.0</coordinates>
            </Point>
        </Placemark>
        <Placemark id="3111">
            <name>Rathausstraße</name>
            <description>Tiefe: 50–100 cm</description>
            <Point id="3110">
                <coordinates>8.135105412701881,49.35401620025501,0.0</coordinates>
            </Point>
        </Placemark>
        <Placemark id="3113">
            <name>Manfred-Vetter-Straße</name>
            <description>Tiefe: 30–50 cm</description>
            <Point id="3112">
                <coordinates>8.13522599604222,49.35461538359421,0.0</coordinates>
            </Point>
        </Placemark>
        <Placemark id="3115">
            <name>Rathausstraße</name>
            <description>Tiefe: 50–100 cm</description>
            <Point id="3114">
                <coordinates>8.1346563025149,49.35414126039749,0.0</coordinates>
            </Point>
        </Placemark>
        <Placemark id="3117">
            <name>Rathausstraße</name>
            <description>Tiefe: 50–100 cm</description>
            <Point id="3116">
                <coordinates>8.135105412701881,49.35401620025501,0.0</coordinates>
            </Point>
        </Placemark>
        <Placemark id="3119">
            <name>Ludwigstraße</name>
            <description>Tiefe: 50–100 cm</description>
            <Point id="3118">
                <coordinates>8.134560320986832,49.353823334398115,0.0</coordinates>
            </Point>
        </Placemark>
        <Placemark id="3121">
            <name>Bahnhofstraße</name>
            <description>Tiefe: 30–50 cm</description>
            <Point id="3120">
                <coordinates>8.142257573632177,49.30642815766611,0.0</coordinates>
            </Point>
        </Placemark>
        <Placemark id="3123">
            <name>Hauptstraße</name>
            <description>Tiefe: 30–50 cm</description>
            <Point id="3122">
                <coordinates>8.143236778103896,49.30630714076601,0.0</coordinates>
            </Point>
        </Placemark>
        <Placemark id="3125">
            <name>Marktstraße</name>
            <description>Tiefe: 50–100 cm</description>
            <Point id="3124">
                <coordinates>8.13759565,49.30420805,0.0</coordinates>
            </Point>
        </Placemark>
        <Placemark id="3127">
            <name>Marktstraße</name>
            <description>Tiefe: 50–100 cm</description>
            <Point id="3126">
                <coordinates>8.135647990112929,49.304326755407345,0.0</coordinates>
            </Point>
        </Placemark>
        <Placemark id="3129">
            <name>Oberer Schnetzweg</name>
            <description>Tiefe: 30–50 cm</description>
            <Point id="3128">
                <coordinates>8.136959725178466,49.30486014234305,0.0</coordinates>
            </Point>
        </Placemark>
        <Placemark id="3131">
            <name>Oberer Schnetzweg</name>
            <description>Tiefe: 30–50 cm</description>
            <Point id="3130">
                <coordinates>8.136959725178466,49.30486014234305,0.0</coordinates>
            </Point>
        </Placemark>
        <Placemark id="3133">
            <name>Immengartenstraße</name>
            <description>Tiefe: 30–50 cm</description>
            <Point id="3132">
                <coordinates>8.134255860304112,49.30348537806953,0.0</coordinates>
            </Point>
        </Placemark>
        <Placemark id="3135">
            <name>Immengartenstraße</name>
            <description>Tiefe: 30–50 cm</description>
            <Point id="3134">
                <coordinates>8.13563438358243,49.303456018063166,0.0</coordinates>
            </Point>
        </Placemark>
        <Placemark id="3137">
            <name>Schwimmbadstraße</name>
            <description>Tiefe: 50–100 cm</description>
            <Point id="3136">
                <coordinates>8.134890618406526,49.30250954244915,0.0</coordinates>
            </Point>
        </Placemark>
        <Placemark id="3139">
            <name>Marktstraße</name>
            <description>Tiefe: 50–100 cm</description>
            <Point id="3138">
                <coordinates>8.13759565,49.30420805,0.0</coordinates>
            </Point>
        </Placemark>
        <Placemark id="3141">
            <name>Immengartenstraße</name>
            <description>Tiefe: 30–50 cm</description>
            <Point id="3140">
                <coordinates>8.137828762017197,49.30368576327032,0.0</coordinates>
            </Point>
        </Placemark>
        <Placemark id="3143">
            <name>Marktstraße</name>
            <description>Tiefe: 50–100 cm</description>
            <Point id="3142">
                <coordinates>8.139667701253453,49.304084873723355,0.0</coordinates>
            </Point>
        </Placemark>
        <Placemark id="3145">
            <name>Schwimmbadstraße</name>
            <description>Tiefe: 50–100 cm</description>
            <Point id="3144">
                <coordinates>8.131363801650075,49.301493243650036,0.0</coordinates>
            </Point>
        </Placemark>
        <Placemark id="3147">
            <name>Weinstraße Süd</name>
            <description>Tiefe: 30–50 cm</description>
            <Point id="3146">
                <coordinates>8.13106469260927,49.30082625035588,0.0</coordinates>
            </Point>
        </Placemark>
        <Placemark id="3149">
            <name>Weinstraße Süd</name>
            <description>Tiefe: 30–50 cm</description>
            <Point id="3148">
                <coordinates>8.130815178141146,49.301841313480445,0.0</coordinates>
            </Point>
        </Placemark>
        <Placemark id="3151">
            <name>An der Südumgehung</name>
            <description>Tiefe: 50–100 cm</description>
            <Point id="3150">
                <coordinates>8.132020064947541,49.29887790579907,0.0</coordinates>
            </Point>
        </Placemark>
        <Placemark id="3153">
            <name>Weideweg</name>
            <description>Tiefe: 30–50 cm</description>
            <Point id="3152">
                <coordinates>8.12826925,49.301276099999995,0.0</coordinates>
            </Point>
        </Placemark>
        <Placemark id="3155">
            <name>Weideweg</name>
            <description>Tiefe: 30–50 cm</description>
            <Point id="3154">
                <coordinates>8.128692749999999,49.3014468,0.0</coordinates>
            </Point>
        </Placemark>
        <Placemark id="3157">
            <name>Gartenstraße</name>
            <description>Tiefe: 50–100 cm</description>
            <Point id="3156">
                <coordinates>8.128173648299713,49.29996564242617,0.0</coordinates>
            </Point>
        </Placemark>
        <Placemark id="3159">
            <name>Gartenstraße</name>
            <description>Tiefe: 50–100 cm</description>
            <Point id="3158">
                <coordinates>8.12721737989644,49.299261052134106,0.0</coordinates>
            </Point>
        </Placemark>
        <Placemark id="3161">
            <name>Sankt-Martiner-Straße</name>
            <description>Tiefe: 50–100 cm</description>
            <Point id="3160">
                <coordinates>8.125381657514978,49.30190521257102,0.0</coordinates>
            </Point>
        </Placemark>
        <Placemark id="3163">
            <name>Stiftstraße</name>
            <description>Tiefe: 30–50 cm</description>
            <Point id="3162">
                <coordinates>8.14981815,49.34708415,0.0</coordinates>
            </Point>
        </Placemark>
        <Placemark id="3165">
            <name>Stiftstraße</name>
            <description>Tiefe: 30–50 cm</description>
            <Point id="3164">
                <coordinates>8.149770843850517,49.34761225938739,0.0</coordinates>
            </Point>
        </Placemark>
        <Placemark id="3167">
            <name>Stiftstraße</name>
            <description>Tiefe: 30–50 cm</description>
            <Point id="3166">
                <coordinates>8.149770843850517,49.34761225938739,0.0</coordinates>
            </Point>
        </Placemark>
        <Placemark id="3169">
            <name>Landauer Straße</name>
            <description>Tiefe: 30–50 cm</description>
            <Point id="3168">
                <coordinates>8.148351800660052,49.348598664609675,0.0</coordinates>
            </Point>
        </Placemark>
        <Placemark id="3171">
            <name>Landauer Straße</name>
            <description>Tiefe: 30–50 cm</description>
            <Point id="3170">
                <coordinates>8.150409746522001,49.34785262468269,0.0</coordinates>
            </Point>
        </Placemark>
        <Placemark id="3173">
            <name>Stiftstraße</name>
            <description>Tiefe: 30–50 cm</description>
            <Point id="3172">
                <coordinates>8.14981815,49.34708415,0.0</coordinates>
            </Point>
        </Placemark>
        <Placemark id="3175">
            <name>Stiftstraße</name>
            <description>Tiefe: 30–50 cm</description>
            <Point id="3174">
                <coordinates>8.148435405634675,49.34696389110437,0.0</coordinates>
            </Point>
        </Placemark>
        <Placemark id="3177">
            <name>Stiftstraße</name>
            <description>Tiefe: 30–50 cm</description>
            <Point id="3176">
                <coordinates>8.150326746997415,49.34714832473102,0.0</coordinates>
            </Point>
        </Placemark>
        <Placemark id="3179">
            <name>Diedesfelder Straße</name>
            <description>Tiefe: 30–50 cm</description>
            <Point id="3178">
                <coordinates>8.13216135,49.3077962,0.0</coordinates>
            </Point>
        </Placemark>
        <Placemark id="3181">
            <name>Im Kirchenstück</name>
            <description>Tiefe: 30–50 cm</description>
            <Point id="3180">
                <coordinates>8.132854784156796,49.30751211442449,0.0</coordinates>
            </Point>
        </Placemark>
        <Placemark id="3183">
            <name>Diedesfelder Straße</name>
            <description>Tiefe: 30–50 cm</description>
            <Point id="3182">
                <coordinates>8.132778726248421,49.30816411952626,0.0</coordinates>
            </Point>
        </Placemark>
        <Placemark id="3185">
            <name>Diedesfelder Straße</name>
            <description>Tiefe: 30–50 cm</description>
            <Point id="3184">
                <coordinates>8.13021431882244,49.30785940531612,0.0</coordinates>
            </Point>
        </Placemark>
        <Placemark id="3187">
            <name>Friedhofstraße</name>
            <description>Tiefe: 30–50 cm</description>
            <Point id="3186">
                <coordinates>8.12876278541952,49.30862775355804,0.0</coordinates>
            </Point>
        </Placemark>
        <Placemark id="3189">
            <name>Friedhofstraße</name>
            <description>Tiefe: 30–50 cm</description>
            <Point id="3188">
                <coordinates>8.12627565,49.309152,0.0</coordinates>
            </Point>
        </Placemark>
        <Placemark id="3191">
            <name>Friedhofstraße</name>
            <description>Tiefe: 30–50 cm</description>
            <Point id="3190">
                <coordinates>8.124923343921237,49.309241207364686,0.0</coordinates>
            </Point>
        </Placemark>
        <Placemark id="3193">
            <name>Hartmannstraße</name>
            <description>Tiefe: 50–100 cm</description>
            <Point id="3192">
                <coordinates>8.12439958845349,49.30798154351316,0.0</coordinates>
            </Point>
        </Placemark>
        <Placemark id="3195">
            <name>Hartmannstraße</name>
            <description>Tiefe: 50–100 cm</description>
            <Point id="3194">
                <coordinates>8.12280205588609,49.30849555365267,0.0</coordinates>
            </Point>
        </Placemark>
        <Placemark id="3197">
            <name>Mühlstraße</name>
            <description>Tiefe: 50–100 cm</description>
            <Point id="3196">
                <coordinates>8.122938411115836,49.30796145096757,0.0</coordinates>
            </Point>
        </Placemark>
        <Placemark id="3199">
            <name>Mühlstraße</name>
            <description>Tiefe: 50–100 cm</description>
            <Point id="3198">
                <coordinates>8.12269626670289,49.30641527382915,0.0</coordinates>
            </Point>
        </Placemark>
        <Placemark id="3201">
            <name>Neugasse</name>
            <description>Tiefe: 30–50 cm</description>
            <Point id="3200">
                <coordinates>8.122917288554094,49.305259880155624,0.0</coordinates>
            </Point>
        </Placemark>
        <Placemark id="3203">
            <name>Mühlstraße</name>
            <description>Tiefe: 50–100 cm</description>
            <Point id="3202">
                <coordinates>8.122900362464799,49.30360505780911,0.0</coordinates>
            </Point>
        </Placemark>
        <Placemark id="3205">
            <name>Weideweg</name>
            <description>Tiefe: 30–50 cm</description>
            <Point id="3204">
                <coordinates>8.12922465,49.3016706,0.0</coordinates>
            </Point>
        </Placemark>
        <Placemark id="3207">
            <name>Weideweg</name>
            <description>Tiefe: 30–50 cm</description>
            <Point id="3206">
                <coordinates>8.1301201592858,49.3020523793387,0.0</coordinates>
            </Point>
        </Placemark>
        <Placemark id="3209">
            <name>Immengartenstraße</name>
            <description>Tiefe: 30–50 cm</description>
            <Point id="3208">
                <coordinates>8.133190992078061,49.303399517345554,0.0</coordinates>
            </Point>
        </Placemark>
        <Placemark id="3211">
            <name>Immengartenstraße</name>
            <description>Tiefe: 30–50 cm</description>
            <Point id="3210">
                <coordinates>8.134255860304112,49.30348537806953,0.0</coordinates>
            </Point>
        </Placemark>
        <Placemark id="3213">
            <name>Blumenstraße</name>
            <description>Tiefe: 30–50 cm</description>
            <Point id="3212">
                <coordinates>8.1340287210981,49.303977453261055,0.0</coordinates>
            </Point>
        </Placemark>
        <Placemark id="3215">
            <name>Marktstraße</name>
            <description>Tiefe: 50–100 cm</description>
            <Point id="3214">
                <coordinates>8.133929850000001,49.30446155,0.0</coordinates>
            </Point>
        </Placemark>
        <Placemark id="3217">
            <name>Marktstraße</name>
            <description>Tiefe: 50–100 cm</description>
            <Point id="3216">
                <coordinates>8.13444235,49.30440365,0.0</coordinates>
            </Point>
        </Placemark>
        <Placemark id="3219">
            <name>Blumenstraße</name>
            <description>Tiefe: 30–50 cm</description>
            <Point id="3218">
                <coordinates>8.1340287210981,49.303977453261055,0.0</coordinates>
            </Point>
        </Placemark>
        <Placemark id="3221">
            <name>Diedesfelder Weg</name>
            <description>Tiefe: 30–50 cm</description>
            <Point id="3220">
                <coordinates>8.134935220048211,49.33455981907923,0.0</coordinates>
            </Point>
        </Placemark>
        <Placemark id="3223">
            <name>Diedesfelder Weg</name>
            <description>Tiefe: 30–50 cm</description>
            <Point id="3222">
                <coordinates>8.134504137585742,49.333425395619095,0.0</coordinates>
            </Point>
        </Placemark>
        <Placemark id="3225">
            <name>Maconring</name>
            <description>Tiefe: 30–50 cm</description>
            <Point id="3224">
                <coordinates>8.146420204137137,49.34125826595138,0.0</coordinates>
            </Point>
        </Placemark>
        <Placemark id="3227">
            <name>Maconring</name>
            <description>Tiefe: 30–50 cm</description>
            <Point id="3226">
                <coordinates>8.145660268496199,49.340961282088514,0.0</coordinates>
            </Point>
        </Placemark>
        <Placemark id="3229">
            <name>Hainstraße</name>
            <description>Tiefe: 50–100 cm</description>
            <Point id="3228">
                <coordinates>8.150466604886722,49.374999941311266,0.0</coordinates>
            </Point>
        </Placemark>
        <Placemark id="3231">
            <name>Probstgasse</name>
            <description>Tiefe: 50–100 cm</description>
            <Point id="3230">
                <coordinates>8.144989694520904,49.36407789723646,0.0</coordinates>
            </Point>
        </Placemark>
        <Placemark id="3233">
            <name>Probstgasse</name>
            <description>Tiefe: 50–100 cm</description>
            <Point id="3232">
                <coordinates>8.139421049650373,49.36565911388945,0.0</coordinates>
            </Point>
        </Placemark>
        <Placemark id="3235">
            <name>Am Bürgergarten</name>
            <description>Tiefe: 30–50 cm</description>
            <Point id="3234">
                <coordinates>8.140265466902603,49.364809139844205,0.0</coordinates>
            </Point>
        </Placemark>
        <Placemark id="3237">
            <name>Gimmeldinger Straße</name>
            <description>Tiefe: 30–50 cm</description>
            <Point id="3236">
                <coordinates>8.149933392112148,49.36178997401564,0.0</coordinates>
            </Point>
        </Placemark>
        <Placemark id="3239">
            <name>Gimmeldinger Straße</name>
            <description>Tiefe: 30–50 cm</description>
            <Point id="3238">
                <coordinates>8.150801203980501,49.36384662902789,0.0</coordinates>
            </Point>
        </Placemark>
        <Placemark id="3241">
            <name>Probstgasse</name>
            <description>Tiefe: 50–100 cm</description>
            <Point id="3240">
                <coordinates>8.150006932862915,49.363319213601564,0.0</coordinates>
            </Point>
        </Placemark>
        <Placemark id="3243">
            <name>Loblocherstraße</name>
            <description>Tiefe: 50–100 cm</description>
            <Point id="3242">
                <coordinates>8.158426782168071,49.373246110791094,0.0</coordinates>
            </Point>
        </Placemark>
        <Placemark id="3245">
            <name>Loblocherstraße</name>
            <description>Tiefe: 50–100 cm</description>
            <Point id="3244">
                <coordinates>8.160994318044999,49.372925040833344,0.0</coordinates>
            </Point>
        </Placemark>
        <Placemark id="3247">
            <name>Gienanthstraße</name>
            <description>Tiefe: 50–100 cm</description>
            <Point id="3246">
                <coordinates>8.15986633099862,49.37259715359096,0.0</coordinates>
            </Point>
        </Placemark>
        <Placemark id="3249">
            <name>Gienanthstraße</name>
            <description>Tiefe: 50–100 cm</description>
            <Point id="3248">
                <coordinates>8.15986633099862,49.37259715359096,0.0</coordinates>
            </Point>
        </Placemark>
        <Placemark id="3251">
            <name>Rohgasse</name>
            <description>Tiefe: 50–100 cm</description>
            <Point id="3250">
                <coordinates>8.161812604254736,49.374059396940034,0.0</coordinates>
            </Point>
        </Placemark>
        <Placemark id="3253">
            <name>Kurpfalzstraße</name>
            <description>Tiefe: 30–50 cm</description>
            <Point id="3252">
                <coordinates>8.16179914655396,49.37331265295252,0.0</coordinates>
            </Point>
        </Placemark>
        <Placemark id="3255">
            <name>Kurpfalzstraße</name>
            <description>Tiefe: 30–50 cm</description>
            <Point id="3254">
                <coordinates>8.158578715542331,49.37378947685681,0.0</coordinates>
            </Point>
        </Placemark>
        <Placemark id="3257">
            <name>Rohgasse</name>
            <description>Tiefe: 50–100 cm</description>
            <Point id="3256">
                <coordinates>8.161812604254736,49.374059396940034,0.0</coordinates>
            </Point>
        </Placemark>
        <Placemark id="3259">
            <name>Hahnenweg</name>
            <description>Tiefe: 50–100 cm</description>
            <Point id="3258">
                <coordinates>8.162930512676754,49.372306568039825,0.0</coordinates>
            </Point>
        </Placemark>
        <Placemark id="3261">
            <name>Kurpfalzstraße</name>
            <description>Tiefe: 30–50 cm</description>
            <Point id="3260">
                <coordinates>8.164060001006288,49.3728168794357,0.0</coordinates>
            </Point>
        </Placemark>
        <Placemark id="3263">
            <name>Kurpfalzstraße</name>
            <description>Tiefe: 30–50 cm</description>
            <Point id="3262">
                <coordinates>8.162505482295101,49.37309191936807,0.0</coordinates>
            </Point>
        </Placemark>
        <Placemark id="3265">
            <name>Am Altenweg</name>
            <description>Tiefe: 50–100 cm</description>
            <Point id="3264">
                <coordinates>8.164455842273481,49.37186010523343,0.0</coordinates>
            </Point>
        </Placemark>
        <Placemark id="3267">
            <name>Kurpfalzstraße</name>
            <description>Tiefe: 30–50 cm</description>
            <Point id="3266">
                <coordinates>8.165542507764716,49.37244903346512,0.0</coordinates>
            </Point>
        </Placemark>
        <Placemark id="3269">
            <name>Kurpfalzstraße</name>
            <description>Tiefe: 30–50 cm</description>
            <Point id="3268">
                <coordinates>8.164060001006288,49.3728168794357,0.0</coordinates>
            </Point>
        </Placemark>
        <Placemark id="3271">
            <name>Kurpfalzstraße</name>
            <description>Tiefe: 30–50 cm</description>
            <Point id="3270">
                <coordinates>8.16620095,49.372185849999994,0.0</coordinates>
            </Point>
        </Placemark>
        <Placemark id="3273">
            <name>Am Weißen Haus</name>
            <description>Tiefe: 30–50 cm</description>
            <Point id="3272">
                <coordinates>8.165549073131487,49.3715741810447,0.0</coordinates>
            </Point>
        </Placemark>
        <Placemark id="3275">
            <name>Kurpfalzstraße</name>
            <description>Tiefe: 30–50 cm</description>
            <Point id="3274">
                <coordinates>8.165542507764716,49.37244903346512,0.0</coordinates>
            </Point>
        </Placemark>
        <Placemark id="3277">
            <name>Hahnenweg</name>
            <description>Tiefe: 50–100 cm</description>
            <Point id="3276">
                <coordinates>8.162930512676754,49.372306568039825,0.0</coordinates>
            </Point>
        </Placemark>
        <Placemark id="3279">
            <name>Am Weißen Haus</name>
            <description>Tiefe: 30–50 cm</description>
            <Point id="3278">
                <coordinates>8.164510878912509,49.37098874212236,0.0</coordinates>
            </Point>
        </Placemark>
        <Placemark id="3281">
            <name>Am Altenweg</name>
            <description>Tiefe: 50–100 cm</description>
            <Point id="3280">
                <coordinates>8.164455842273481,49.37186010523343,0.0</coordinates>
            </Point>
        </Placemark>
        <Placemark id="3283">
            <name>Röhrweidenweg</name>
            <description>Tiefe: 50–100 cm</description>
            <Point id="3282">
                <coordinates>8.164611831059783,49.3688253975867,0.0</coordinates>
            </Point>
        </Placemark>
        <Placemark id="3285">
            <name>Am Weißen Haus</name>
            <description>Tiefe: 30–50 cm</description>
            <Point id="3284">
                <coordinates>8.164510878912509,49.37098874212236,0.0</coordinates>
            </Point>
        </Placemark>
        <Placemark id="3287">
            <name>Am Weißen Haus</name>
            <description>Tiefe: 30–50 cm</description>
            <Point id="3286">
                <coordinates>8.165549073131487,49.3715741810447,0.0</coordinates>
            </Point>
        </Placemark>
        <Placemark id="3289">
            <name>Am Weißen Haus</name>
            <description>Tiefe: 30–50 cm</description>
            <Point id="3288">
                <coordinates>8.165640100054507,49.3705736692234,0.0</coordinates>
            </Point>
        </Placemark>
        <Placemark id="3291">
            <name>Am Weißen Haus</name>
            <description>Tiefe: 30–50 cm</description>
            <Point id="3290">
                <coordinates>8.165640100054507,49.3705736692234,0.0</coordinates>
            </Point>
        </Placemark>
        <Placemark id="3293">
            <name>Kurpfalzstraße</name>
            <description>Tiefe: 30–50 cm</description>
            <Point id="3292">
                <coordinates>8.170483308020179,49.372667824414194,0.0</coordinates>
            </Point>
        </Placemark>
        <Placemark id="3295">
            <name>Kurpfalzstraße</name>
            <description>Tiefe: 30–50 cm</description>
            <Point id="3294">
                <coordinates>8.170483308020179,49.372667824414194,0.0</coordinates>
            </Point>
        </Placemark>
        <Placemark id="3297">
            <name>Kurpfalzstraße</name>
            <description>Tiefe: 30–50 cm</description>
            <Point id="3296">
                <coordinates>8.168952027428183,49.370491338908174,0.0</coordinates>
            </Point>
        </Placemark>
        <Placemark id="3299">
            <name>Kurpfalzstraße</name>
            <description>Tiefe: 30–50 cm</description>
            <Point id="3298">
                <coordinates>8.166951329320074,49.37157907438999,0.0</coordinates>
            </Point>
        </Placemark>
        <Placemark id="3301">
            <name>Schulstraße</name>
            <description>Tiefe: 30–50 cm</description>
            <Point id="3300">
                <coordinates>8.169740710623525,49.3709070025241,0.0</coordinates>
            </Point>
        </Placemark>
        <Placemark id="3303">
            <name>An der Eselshaut</name>
            <description>Tiefe: 50–100 cm</description>
            <Point id="3302">
                <coordinates>8.174635013728896,49.37007686793417,0.0</coordinates>
            </Point>
        </Placemark>
        <Placemark id="3305">
            <name>An der Eselshaut</name>
            <description>Tiefe: 50–100 cm</description>
            <Point id="3304">
                <coordinates>8.174994472697765,49.376064019222234,0.0</coordinates>
            </Point>
        </Placemark>
        <Placemark id="3307">
            <name>Schulstraße</name>
            <description>Tiefe: 30–50 cm</description>
            <Point id="3306">
                <coordinates>8.171405100000001,49.3703725,0.0</coordinates>
            </Point>
        </Placemark>
        <Placemark id="3309">
            <name>Schulstraße</name>
            <description>Tiefe: 30–50 cm</description>
            <Point id="3308">
                <coordinates>8.170777724801773,49.37053028993331,0.0</coordinates>
            </Point>
        </Placemark>
        <Placemark id="3311">
            <name>Schulstraße</name>
            <description>Tiefe: 30–50 cm</description>
            <Point id="3310">
                <coordinates>8.171405100000001,49.3703725,0.0</coordinates>
            </Point>
        </Placemark>
        <Placemark id="3313">
            <name>Schulstraße</name>
            <description>Tiefe: 30–50 cm</description>
            <Point id="3312">
                <coordinates>8.171982289609577,49.370350953570785,0.0</coordinates>
            </Point>
        </Placemark>
        <Placemark id="3315">
            <name>Schulstraße</name>
            <description>Tiefe: 30–50 cm</description>
            <Point id="3314">
                <coordinates>8.171351965806357,49.36998038721508,0.0</coordinates>
            </Point>
        </Placemark>
        <Placemark id="3317">
            <name>Schulstraße</name>
            <description>Tiefe: 30–50 cm</description>
            <Point id="3316">
                <coordinates>8.171982289609577,49.370350953570785,0.0</coordinates>
            </Point>
        </Placemark>
        <Placemark id="3319">
            <name>Herrenhofstraße</name>
            <description>Tiefe: 30–50 cm</description>
            <Point id="3318">
                <coordinates>8.171457637227984,49.368464465474574,0.0</coordinates>
            </Point>
        </Placemark>
        <Placemark id="3321">
            <name>Fritzengasse</name>
            <description>Tiefe: 50–100 cm</description>
            <Point id="3320">
                <coordinates>8.17228885,49.3678253,0.0</coordinates>
            </Point>
        </Placemark>
        <Placemark id="3323">
            <name>Schießmauer</name>
            <description>Tiefe: 30–50 cm</description>
            <Point id="3322">
                <coordinates>8.1715725,49.3642057,0.0</coordinates>
            </Point>
        </Placemark>
        <Placemark id="3325">
            <name>Schießmauer</name>
            <description>Tiefe: 30–50 cm</description>
            <Point id="3324">
                <coordinates>8.1717452,49.3645226,0.0</coordinates>
            </Point>
        </Placemark>
        <Placemark id="3327">
            <name>Zum Ordenswald</name>
            <description>Tiefe: 50–100 cm</description>
            <Point id="3326">
                <coordinates>8.172579532397354,49.36105279527728,0.0</coordinates>
            </Point>
        </Placemark>
        <Placemark id="3329">
            <name>Zum Ordenswald</name>
            <description>Tiefe: 50–100 cm</description>
            <Point id="3328">
                <coordinates>8.17332383625159,49.36025078987647,0.0</coordinates>
            </Point>
        </Placemark>
        <Placemark id="3331">
            <name>Maconring</name>
            <description>Tiefe: 30–50 cm</description>
            <Point id="3330">
                <coordinates>8.14356625,49.34118995,0.0</coordinates>
            </Point>
        </Placemark>
        <Placemark id="3333">
            <name>Maconring</name>
            <description>Tiefe: 30–50 cm</description>
            <Point id="3332">
                <coordinates>8.1434373,49.3409993,0.0</coordinates>
            </Point>
        </Placemark>
        <Placemark id="3335">
            <name>Maconring</name>
            <description>Tiefe: 30–50 cm</description>
            <Point id="3334">
                <coordinates>8.14305909057082,49.340905765810746,0.0</coordinates>
            </Point>
        </Placemark>
        <Placemark id="3337">
            <name>Maconring</name>
            <description>Tiefe: 30–50 cm</description>
            <Point id="3336">
                <coordinates>8.1434373,49.3409993,0.0</coordinates>
            </Point>
        </Placemark>
        <Placemark id="3339">
            <name>Raiffeisenstraße</name>
            <description>Tiefe: 50–100 cm</description>
            <Point id="3338">
                <coordinates>8.1615064,49.385572249999996,0.0</coordinates>
            </Point>
        </Placemark>
        <Placemark id="3341">
            <name>Raiffeisenstraße</name>
            <description>Tiefe: 50–100 cm</description>
            <Point id="3340">
                <coordinates>8.161612609860665,49.38525373193124,0.0</coordinates>
            </Point>
        </Placemark>
        <Placemark id="3343">
            <name>Rolandsberg</name>
            <description>Tiefe: 30–50 cm</description>
            <Point id="3342">
                <coordinates>8.162221051834408,49.38555472607338,0.0</coordinates>
            </Point>
        </Placemark>
        <Placemark id="3345">
            <name>Rolandsberg</name>
            <description>Tiefe: 30–50 cm</description>
            <Point id="3344">
                <coordinates>8.162221051834408,49.38555472607338,0.0</coordinates>
            </Point>
        </Placemark>
        <Placemark id="3347">
            <name>Neubergstraße</name>
            <description>Tiefe: 30–50 cm</description>
            <Point id="3346">
                <coordinates>8.15786555,49.3848845,0.0</coordinates>
            </Point>
        </Placemark>
        <Placemark id="3349">
            <name>Neubergstraße</name>
            <description>Tiefe: 30–50 cm</description>
            <Point id="3348">
                <coordinates>8.15860797727236,49.38505408194612,0.0</coordinates>
            </Point>
        </Placemark>
        <Placemark id="3351">
            <name>Neubergstraße</name>
            <description>Tiefe: 30–50 cm</description>
            <Point id="3350">
                <coordinates>8.158499437636248,49.384649902017316,0.0</coordinates>
            </Point>
        </Placemark>
        <Placemark id="3353">
            <name>Neubergstraße</name>
            <description>Tiefe: 30–50 cm</description>
            <Point id="3352">
                <coordinates>8.1587081,49.38525825000001,0.0</coordinates>
            </Point>
        </Placemark>
        <Placemark id="3355">
            <name>Neubergstraße</name>
            <description>Tiefe: 30–50 cm</description>
            <Point id="3354">
                <coordinates>8.158252182691655,49.38536673966798,0.0</coordinates>
            </Point>
        </Placemark>
        <Placemark id="3357">
            <name>Neubergstraße</name>
            <description>Tiefe: 30–50 cm</description>
            <Point id="3356">
                <coordinates>8.158926207432534,49.38553612968683,0.0</coordinates>
            </Point>
        </Placemark>
        <Placemark id="3359">
            <name>Neubergstraße</name>
            <description>Tiefe: 30–50 cm</description>
            <Point id="3358">
                <coordinates>8.1588323,49.3860077,0.0</coordinates>
            </Point>
        </Placemark>
        <Placemark id="3361">
            <name>Neubergstraße</name>
            <description>Tiefe: 30–50 cm</description>
            <Point id="3360">
                <coordinates>8.160216629896965,49.386067246515026,0.0</coordinates>
            </Point>
        </Placemark>
        <Placemark id="3363">
            <name>Neubergstraße</name>
            <description>Tiefe: 30–50 cm</description>
            <Point id="3362">
                <coordinates>8.158926207432534,49.38553612968683,0.0</coordinates>
            </Point>
        </Placemark>
        <Placemark id="3365">
            <name>Raiffeisenstraße</name>
            <description>Tiefe: 50–100 cm</description>
            <Point id="3364">
                <coordinates>8.161397348673946,49.38592697523661,0.0</coordinates>
            </Point>
        </Placemark>
        <Placemark id="3367">
            <name>Raiffeisenstraße</name>
            <description>Tiefe: 50–100 cm</description>
            <Point id="3366">
                <coordinates>8.160780623795212,49.386692927372486,0.0</coordinates>
            </Point>
        </Placemark>
        <Placemark id="3369">
            <name>Neubergstraße</name>
            <description>Tiefe: 30–50 cm</description>
            <Point id="3368">
                <coordinates>8.160216629896965,49.386067246515026,0.0</coordinates>
            </Point>
        </Placemark>
        <Placemark id="3371">
            <name>Neubergstraße</name>
            <description>Tiefe: 30–50 cm</description>
            <Point id="3370">
                <coordinates>8.161800084704378,49.3861897981799,0.0</coordinates>
            </Point>
        </Placemark>
        <Placemark id="3373">
            <name>Neubergstraße</name>
            <description>Tiefe: 30–50 cm</description>
            <Point id="3372">
                <coordinates>8.1591882,49.385127100000005,0.0</coordinates>
            </Point>
        </Placemark>
        <Placemark id="3375">
            <name>Im Jesuitengarten</name>
            <description>Tiefe: 50–100 cm</description>
            <Point id="3374">
                <coordinates>8.159636870763231,49.384720839936826,0.0</coordinates>
            </Point>
        </Placemark>
        <Placemark id="3377">
            <name>Im Jesuitengarten</name>
            <description>Tiefe: 50–100 cm</description>
            <Point id="3376">
                <coordinates>8.160469255882656,49.385573468041194,0.0</coordinates>
            </Point>
        </Placemark>
        <Placemark id="3379">
            <name>Herzogstraße</name>
            <description>Tiefe: 30–50 cm</description>
            <Point id="3378">
                <coordinates>8.159024850000002,49.384410149999994,0.0</coordinates>
            </Point>
        </Placemark>
        <Placemark id="3381">
            <name>Im Jesuitengarten</name>
            <description>Tiefe: 50–100 cm</description>
            <Point id="3380">
                <coordinates>8.159636870763231,49.384720839936826,0.0</coordinates>
            </Point>
        </Placemark>
        <Placemark id="3383">
            <name>Herzogstraße</name>
            <description>Tiefe: 30–50 cm</description>
            <Point id="3382">
                <coordinates>8.159994299944337,49.38439658924384,0.0</coordinates>
            </Point>
        </Placemark>
        <Placemark id="3385">
            <name>Moosbrunnenweg</name>
            <description>Tiefe: 30–50 cm</description>
            <Point id="3384">
                <coordinates>8.160851790107172,49.38502863731768,0.0</coordinates>
            </Point>
        </Placemark>
        <Placemark id="3387">
            <name>Herzogstraße</name>
            <description>Tiefe: 30–50 cm</description>
            <Point id="3386">
                <coordinates>8.159994299944337,49.38439658924384,0.0</coordinates>
            </Point>
        </Placemark>
        <Placemark id="3389">
            <name>Herzogstraße</name>
            <description>Tiefe: 30–50 cm</description>
            <Point id="3388">
                <coordinates>8.16110796243772,49.38420571507321,0.0</coordinates>
            </Point>
        </Placemark>
        <Placemark id="3391">
            <name>Neubergstraße</name>
            <description>Tiefe: 30–50 cm</description>
            <Point id="3390">
                <coordinates>8.158252182691655,49.38536673966798,0.0</coordinates>
            </Point>
        </Placemark>
        <Placemark id="3393">
            <name>Neubergstraße</name>
            <description>Tiefe: 30–50 cm</description>
            <Point id="3392">
                <coordinates>8.15786555,49.3848845,0.0</coordinates>
            </Point>
        </Placemark>
        <Placemark id="3395">
            <name>Neubergstraße</name>
            <description>Tiefe: 30–50 cm</description>
            <Point id="3394">
                <coordinates>8.1591882,49.385127100000005,0.0</coordinates>
            </Point>
        </Placemark>
        <Placemark id="3397">
            <name>Neubergstraße</name>
            <description>Tiefe: 30–50 cm</description>
            <Point id="3396">
                <coordinates>8.1587081,49.38525825000001,0.0</coordinates>
            </Point>
        </Placemark>
        <Placemark id="3399">
            <name>Neubergstraße</name>
            <description>Tiefe: 30–50 cm</description>
            <Point id="3398">
                <coordinates>8.15860797727236,49.38505408194612,0.0</coordinates>
            </Point>
        </Placemark>
        <Placemark id="3401">
            <name>Neubergstraße</name>
            <description>Tiefe: 30–50 cm</description>
            <Point id="3400">
                <coordinates>8.158355872828986,49.38405454842143,0.0</coordinates>
            </Point>
        </Placemark>
        <Placemark id="3403">
            <name>Neubergstraße</name>
            <description>Tiefe: 30–50 cm</description>
            <Point id="3402">
                <coordinates>8.157702253179737,49.38331985789461,0.0</coordinates>
            </Point>
        </Placemark>
        <Placemark id="3405">
            <name>Bordmühlweg</name>
            <description>Tiefe: 30–50 cm</description>
            <Point id="3404">
                <coordinates>8.147884113581082,49.304296646700074,0.0</coordinates>
            </Point>
        </Placemark>
        <Placemark id="3407">
            <name>Bordmühlweg</name>
            <description>Tiefe: 30–50 cm</description>
            <Point id="3406">
                <coordinates>8.149546966756235,49.304903031977815,0.0</coordinates>
            </Point>
        </Placemark>
        <Placemark id="3409">
            <name>Bordmühlweg</name>
            <description>Tiefe: 30–50 cm</description>
            <Point id="3408">
                <coordinates>8.149369892838596,49.304988535947885,0.0</coordinates>
            </Point>
        </Placemark>
        <Placemark id="3411">
            <name>Bordmühlweg</name>
            <description>Tiefe: 30–50 cm</description>
            <Point id="3410">
                <coordinates>8.14191086287098,49.302964231982706,0.0</coordinates>
            </Point>
        </Placemark>
        <Placemark id="3413">
            <name>Herzogstraße</name>
            <description>Tiefe: 30–50 cm</description>
            <Point id="3412">
                <coordinates>8.159024850000002,49.384410149999994,0.0</coordinates>
            </Point>
        </Placemark>
        <Placemark id="3415">
            <name>Neubergstraße</name>
            <description>Tiefe: 30–50 cm</description>
            <Point id="3414">
                <coordinates>8.158355872828986,49.38405454842143,0.0</coordinates>
            </Point>
        </Placemark>
        <Placemark id="3417">
            <name>Neubergstraße</name>
            <description>Tiefe: 30–50 cm</description>
            <Point id="3416">
                <coordinates>8.158499437636248,49.384649902017316,0.0</coordinates>
            </Point>
        </Placemark>
        <Placemark id="3419">
            <name>Herzogstraße</name>
            <description>Tiefe: 30–50 cm</description>
            <Point id="3418">
                <coordinates>8.157724444138525,49.384414419273696,0.0</coordinates>
            </Point>
        </Placemark>
        <Placemark id="3421">
            <name>Stabenbergstraße</name>
            <description>Tiefe: 50–100 cm</description>
            <Point id="3420">
                <coordinates>8.154635842057022,49.3853956082473,0.0</coordinates>
            </Point>
        </Placemark>
        <Placemark id="3423">
            <name>Stabenbergstraße</name>
            <description>Tiefe: 50–100 cm</description>
            <Point id="3422">
                <coordinates>8.154635842057022,49.3853956082473,0.0</coordinates>
            </Point>
        </Placemark>
        <Placemark id="3425">
            <name>Stabenbergstraße</name>
            <description>Tiefe: 50–100 cm</description>
            <Point id="3424">
                <coordinates>8.154598048445587,49.38616290641381,0.0</coordinates>
            </Point>
        </Placemark>
        <Placemark id="3427">
            <name>Stabenbergstraße</name>
            <description>Tiefe: 50–100 cm</description>
            <Point id="3426">
                <coordinates>8.156011207895276,49.38593710255553,0.0</coordinates>
            </Point>
        </Placemark>
        <Placemark id="3429">
            <name>Stabenbergstraße</name>
            <description>Tiefe: 50–100 cm</description>
            <Point id="3428">
                <coordinates>8.15728995,49.3860581,0.0</coordinates>
            </Point>
        </Placemark>
        <Placemark id="3431">
            <name>Hirschhornring</name>
            <description>Tiefe: 50–100 cm</description>
            <Point id="3430">
                <coordinates>8.157318055750528,49.38674038950567,0.0</coordinates>
            </Point>
        </Placemark>
        <Placemark id="3433">
            <name>Stabenbergstraße</name>
            <description>Tiefe: 50–100 cm</description>
            <Point id="3432">
                <coordinates>8.156011207895276,49.38593710255553,0.0</coordinates>
            </Point>
        </Placemark>
        <Placemark id="3435">
            <name>Herzogstraße</name>
            <description>Tiefe: 30–50 cm</description>
            <Point id="3434">
                <coordinates>8.162230574548932,49.383738725183704,0.0</coordinates>
            </Point>
        </Placemark>
        <Placemark id="3437">
            <name>Herzogstraße</name>
            <description>Tiefe: 30–50 cm</description>
            <Point id="3436">
                <coordinates>8.162910980210365,49.383560001784176,0.0</coordinates>
            </Point>
        </Placemark>
        <Placemark id="3439">
            <name>Goethestraße</name>
            <description>Tiefe: 50–100 cm</description>
            <Point id="3438">
                <coordinates>8.20036858325349,49.32069249899357,0.0</coordinates>
            </Point>
        </Placemark>
        <Placemark id="3441">
            <name>Goethestraße</name>
            <description>Tiefe: 50–100 cm</description>
            <Point id="3440">
                <coordinates>8.200748156052471,49.31966053881265,0.0</coordinates>
            </Point>
        </Placemark>
        <Placemark id="3443">
            <name>Grundwiesenweg</name>
            <description>Tiefe: 30–50 cm</description>
            <Point id="3442">
                <coordinates>8.14099592156594,49.34069138528131,0.0</coordinates>
            </Point>
        </Placemark>
        <Placemark id="3445">
            <name>Grundwiesenweg</name>
            <description>Tiefe: 30–50 cm</description>
            <Point id="3444">
                <coordinates>8.140199596376842,49.34015130270562,0.0</coordinates>
            </Point>
        </Placemark>
        <Placemark id="3447">
            <name>Winzinger Straße</name>
            <description>Tiefe: 30–50 cm</description>
            <Point id="3446">
                <coordinates>8.1512918,49.35066245,0.0</coordinates>
            </Point>
        </Placemark>
        <Placemark id="3449">
            <name>Winzinger Straße</name>
            <description>Tiefe: 30–50 cm</description>
            <Point id="3448">
                <coordinates>8.1516891874927,49.35020655856144,0.0</coordinates>
            </Point>
        </Placemark>
        <Placemark id="3451">
            <name>Heinrich-Strieffler-Straße</name>
            <description>Tiefe: 30–50 cm</description>
            <Point id="3450">
                <coordinates>8.165975,49.3452563,0.0</coordinates>
            </Point>
        </Placemark>
        <Placemark id="3453">
            <name>Heinrich-Strieffler-Straße</name>
            <description>Tiefe: 30–50 cm</description>
            <Point id="3452">
                <coordinates>8.165975,49.3452563,0.0</coordinates>
            </Point>
        </Placemark>
        <Placemark id="3455">
            <name>Heinrich-Strieffler-Straße</name>
            <description>Tiefe: 30–50 cm</description>
            <Point id="3454">
                <coordinates>8.166514933810927,49.34544087991339,0.0</coordinates>
            </Point>
        </Placemark>
        <Placemark id="3457">
            <name>Heinrich-Strieffler-Straße</name>
            <description>Tiefe: 30–50 cm</description>
            <Point id="3456">
                <coordinates>8.165591744770998,49.3455419687505,0.0</coordinates>
            </Point>
        </Placemark>
        <Placemark id="3459">
            <name>Martin-Luther-Straße</name>
            <description>Tiefe: 50–100 cm</description>
            <Point id="3458">
                <coordinates>8.15245275,49.35895465,0.0</coordinates>
            </Point>
        </Placemark>
        <Placemark id="3461">
            <name>Martin-Luther-Straße</name>
            <description>Tiefe: 50–100 cm</description>
            <Point id="3460">
                <coordinates>8.1519984,49.3587507,0.0</coordinates>
            </Point>
        </Placemark>
        <Placemark id="3463">
            <name>Martin-Luther-Straße</name>
            <description>Tiefe: 50–100 cm</description>
            <Point id="3462">
                <coordinates>8.151848808737732,49.35893096196138,0.0</coordinates>
            </Point>
        </Placemark>
        <Placemark id="3465">
            <name>Rilkestraße</name>
            <description>Tiefe: 50–100 cm</description>
            <Point id="3464">
                <coordinates>8.153831270190299,49.358787791990075,0.0</coordinates>
            </Point>
        </Placemark>
        <Placemark id="3467">
            <name>Rathausstraße</name>
            <description>Tiefe: 50–100 cm</description>
            <Point id="3466">
                <coordinates>8.1346563025149,49.35414126039749,0.0</coordinates>
            </Point>
        </Placemark>
        <Placemark id="3469">
            <name>Rathausstraße</name>
            <description>Tiefe: 50–100 cm</description>
            <Point id="3468">
                <coordinates>8.134133940337177,49.35441455662589,0.0</coordinates>
            </Point>
        </Placemark>
        <Placemark id="3471">
            <name>Mandelgasse</name>
            <description>Tiefe: 30–50 cm</description>
            <Point id="3470">
                <coordinates>8.1282407,49.3530521,0.0</coordinates>
            </Point>
        </Placemark>
        <Placemark id="3473">
            <name>Sauterstraße</name>
            <description>Tiefe: 30–50 cm</description>
            <Point id="3472">
                <coordinates>8.128780341672252,49.35335033599733,0.0</coordinates>
            </Point>
        </Placemark>
        <Placemark id="3475">
            <name>Sauterstraße</name>
            <description>Tiefe: 30–50 cm</description>
            <Point id="3474">
                <coordinates>8.12761953143582,49.35316871395569,0.0</coordinates>
            </Point>
        </Placemark>
        <Placemark id="3477">
            <name>Strohmarkt</name>
            <description>Tiefe: 30–50 cm</description>
            <Point id="3476">
                <coordinates>8.138125762302332,49.35546641619647,0.0</coordinates>
            </Point>
        </Placemark>
        <Placemark id="3479">
            <name>Strohmarkt</name>
            <description>Tiefe: 30–50 cm</description>
            <Point id="3478">
                <coordinates>8.137579903069293,49.35551083878375,0.0</coordinates>
            </Point>
        </Placemark>
        <Placemark id="3481">
            <name>Strohmarkt</name>
            <description>Tiefe: 30–50 cm</description>
            <Point id="3480">
                <coordinates>8.137691157484497,49.35521124086135,0.0</coordinates>
            </Point>
        </Placemark>
        <Placemark id="3483">
            <name>Mandelring</name>
            <description>Tiefe: 50–100 cm</description>
            <Point id="3482">
                <coordinates>8.146624815120484,49.36867880138827,0.0</coordinates>
            </Point>
        </Placemark>
        <Placemark id="3485">
            <name>Mandelring</name>
            <description>Tiefe: 50–100 cm</description>
            <Point id="3484">
                <coordinates>8.1505143841309,49.367328997063346,0.0</coordinates>
            </Point>
        </Placemark>
        <Placemark id="3487">
            <name>Am Herzel</name>
            <description>Tiefe: 30–50 cm</description>
            <Point id="3486">
                <coordinates>8.147806987214466,49.369305331894225,0.0</coordinates>
            </Point>
        </Placemark>
        <Placemark id="3489">
            <name>Am Herzel</name>
            <description>Tiefe: 30–50 cm</description>
            <Point id="3488">
                <coordinates>8.14638315,49.370074349999996,0.0</coordinates>
            </Point>
        </Placemark>
        <Placemark id="3491">
            <name>Am Herzel</name>
            <description>Tiefe: 30–50 cm</description>
            <Point id="3490">
                <coordinates>8.1460713,49.369582,0.0</coordinates>
            </Point>
        </Placemark>
        <Placemark id="3493">
            <name>Am Herzel</name>
            <description>Tiefe: 30–50 cm</description>
            <Point id="3492">
                <coordinates>8.147806987214466,49.369305331894225,0.0</coordinates>
            </Point>
        </Placemark>
        <Placemark id="3495">
            <name>Am Herzel</name>
            <description>Tiefe: 30–50 cm</description>
            <Point id="3494">
                <coordinates>8.14424875,49.370110499999996,0.0</coordinates>
            </Point>
        </Placemark>
        <Placemark id="3497">
            <name>Am Herzel</name>
            <description>Tiefe: 30–50 cm</description>
            <Point id="3496">
                <coordinates>8.143745792079471,49.37030024499008,0.0</coordinates>
            </Point>
        </Placemark>
        <Placemark id="3499">
            <name>Eichkehle</name>
            <description>Tiefe: 30–50 cm</description>
            <Point id="3498">
                <coordinates>8.1435169,49.37084955,0.0</coordinates>
            </Point>
        </Placemark>
        <Placemark id="3501">
            <name>Eichkehle</name>
            <description>Tiefe: 30–50 cm</description>
            <Point id="3500">
                <coordinates>8.143069233891026,49.37009286622377,0.0</coordinates>
            </Point>
        </Placemark>
        <Placemark id="3503">
            <name>Am Herzel</name>
            <description>Tiefe: 30–50 cm</description>
            <Point id="3502">
                <coordinates>8.143745792079471,49.37030024499008,0.0</coordinates>
            </Point>
        </Placemark>
        <Placemark id="3505">
            <name>Mandelring</name>
            <description>Tiefe: 50–100 cm</description>
            <Point id="3504">
                <coordinates>8.143236093209206,49.36956595011944,0.0</coordinates>
            </Point>
        </Placemark>
        <Placemark id="3507">
            <name>Mandelring</name>
            <description>Tiefe: 50–100 cm</description>
            <Point id="3506">
                <coordinates>8.144576478557221,49.36927323023014,0.0</coordinates>
            </Point>
        </Placemark>
        <Placemark id="3509">
            <name>Am Herzel</name>
            <description>Tiefe: 30–50 cm</description>
            <Point id="3508">
                <coordinates>8.14424875,49.370110499999996,0.0</coordinates>
            </Point>
        </Placemark>
        <Placemark id="3511">
            <name>Am Herzel</name>
            <description>Tiefe: 30–50 cm</description>
            <Point id="3510">
                <coordinates>8.14518062393953,49.369826689754476,0.0</coordinates>
            </Point>
        </Placemark>
        <Placemark id="3513">
            <name>Am Herzel</name>
            <description>Tiefe: 30–50 cm</description>
            <Point id="3512">
                <coordinates>8.14638315,49.370074349999996,0.0</coordinates>
            </Point>
        </Placemark>
        <Placemark id="3515">
            <name>Hetzelstraße</name>
            <description>Tiefe: 30–50 cm</description>
            <Point id="3514">
                <coordinates>8.13504755,49.35271625,0.0</coordinates>
            </Point>
        </Placemark>
        <Placemark id="3517">
            <name>Hetzelstraße</name>
            <description>Tiefe: 30–50 cm</description>
            <Point id="3516">
                <coordinates>8.13468666538902,49.35284990396899,0.0</coordinates>
            </Point>
        </Placemark>
        <Placemark id="3519">
            <name>Peter-Koch-Straße</name>
            <description>Tiefe: 50–100 cm</description>
            <Point id="3518">
                <coordinates>8.151886435067556,49.37641014264637,0.0</coordinates>
            </Point>
        </Placemark>
        <Placemark id="3521">
            <name>Holzmühlstraße</name>
            <description>Tiefe: 50–100 cm</description>
            <Point id="3520">
                <coordinates>8.150509033046449,49.376738925900646,0.0</coordinates>
            </Point>
        </Placemark>
        <Placemark id="3523">
            <name>Talwiesenstraße</name>
            <description>Tiefe: 30–50 cm</description>
            <Point id="3522">
                <coordinates>8.148896206592038,49.37609566849216,0.0</coordinates>
            </Point>
        </Placemark>
        <Placemark id="3525">
            <name>Holzmühlstraße</name>
            <description>Tiefe: 50–100 cm</description>
            <Point id="3524">
                <coordinates>8.150509033046449,49.376738925900646,0.0</coordinates>
            </Point>
        </Placemark>
        <Placemark id="3527">
            <name>Talwiesenstraße</name>
            <description>Tiefe: 30–50 cm</description>
            <Point id="3526">
                <coordinates>8.148808483745489,49.376568334096234,0.0</coordinates>
            </Point>
        </Placemark>
        <Placemark id="3529">
            <name>Bahnhofstraße</name>
            <description>Tiefe: 30–50 cm</description>
            <Point id="3528">
                <coordinates>8.140338029903516,49.35046014562072,0.0</coordinates>
            </Point>
        </Placemark>
        <Placemark id="3531">
            <name>Bahnhofstraße</name>
            <description>Tiefe: 30–50 cm</description>
            <Point id="3530">
                <coordinates>8.189043968384507,49.40797365763098,0.0</coordinates>
            </Point>
        </Placemark>
        <Placemark id="3533">
            <name>Bahnhofstraße</name>
            <description>Tiefe: 30–50 cm</description>
            <Point id="3532">
                <coordinates>8.190397664096585,49.40763061133281,0.0</coordinates>
            </Point>
        </Placemark>
        <Placemark id="3535">
            <name>Friedhofstraße</name>
            <description>Tiefe: 30–50 cm</description>
            <Point id="3534">
                <coordinates>8.10500605,49.30041035,0.0</coordinates>
            </Point>
        </Placemark>
        <Placemark id="3537">
            <name>Friedhofstraße</name>
            <description>Tiefe: 30–50 cm</description>
            <Point id="3536">
                <coordinates>8.104895390563712,49.29994283903551,0.0</coordinates>
            </Point>
        </Placemark>
        <Placemark id="3539">
            <name>Maikammerer Straße</name>
            <description>Tiefe: 50–100 cm</description>
            <Point id="3538">
                <coordinates>8.10504845,49.2994293,0.0</coordinates>
            </Point>
        </Placemark>
        <Placemark id="3541">
            <name>Maikammerer Straße</name>
            <description>Tiefe: 50–100 cm</description>
            <Point id="3540">
                <coordinates>8.103962274066882,49.29966487053986,0.0</coordinates>
            </Point>
        </Placemark>
        <Placemark id="3543">
            <name>Friedhofstraße</name>
            <description>Tiefe: 30–50 cm</description>
            <Point id="3542">
                <coordinates>8.104895390563712,49.29994283903551,0.0</coordinates>
            </Point>
        </Placemark>
        <Placemark id="3545">
            <name>Gimmeldinger Straße</name>
            <description>Tiefe: 30–50 cm</description>
            <Point id="3544">
                <coordinates>8.149933392112148,49.36178997401564,0.0</coordinates>
            </Point>
        </Placemark>
        <Placemark id="3547">
            <name>Gimmeldinger Straße</name>
            <description>Tiefe: 30–50 cm</description>
            <Point id="3546">
                <coordinates>8.148903329525503,49.35994014808777,0.0</coordinates>
            </Point>
        </Placemark>
        <Placemark id="3549">
            <name>An der Südumgehung</name>
            <description>Tiefe: 50–100 cm</description>
            <Point id="3548">
                <coordinates>8.139517171704318,49.299185912826076,0.0</coordinates>
            </Point>
        </Placemark>
        <Placemark id="3551">
            <name>Schwimmbadstraße</name>
            <description>Tiefe: 50–100 cm</description>
            <Point id="3550">
                <coordinates>8.132070599999999,49.30167765,0.0</coordinates>
            </Point>
        </Placemark>
        <Placemark id="3553">
            <name>Schwimmbadstraße</name>
            <description>Tiefe: 50–100 cm</description>
            <Point id="3552">
                <coordinates>8.131363801650075,49.301493243650036,0.0</coordinates>
            </Point>
        </Placemark>
        <Placemark id="3555">
            <name>Johannes-Damm-Straße</name>
            <description>Tiefe: 30–50 cm</description>
            <Point id="3554">
                <coordinates>8.131697094430871,49.30212262093531,0.0</coordinates>
            </Point>
        </Placemark>
        <Placemark id="3557">
            <name>Johannes-Damm-Straße</name>
            <description>Tiefe: 30–50 cm</description>
            <Point id="3556">
                <coordinates>8.131975449999999,49.303006499999995,0.0</coordinates>
            </Point>
        </Placemark>
        <Placemark id="3559">
            <name>Immengartenstraße</name>
            <description>Tiefe: 30–50 cm</description>
            <Point id="3558">
                <coordinates>8.132180135329078,49.30314009787489,0.0</coordinates>
            </Point>
        </Placemark>
        <Placemark id="3561">
            <name>Immengartenstraße</name>
            <description>Tiefe: 30–50 cm</description>
            <Point id="3560">
                <coordinates>8.131418779418006,49.302843929608976,0.0</coordinates>
            </Point>
        </Placemark>
        <Placemark id="3563">
            <name>Wiesenstraße</name>
            <description>Tiefe: 50–100 cm</description>
            <Point id="3562">
                <coordinates>8.132813490359984,49.301021372732336,0.0</coordinates>
            </Point>
        </Placemark>
        <Placemark id="3565">
            <name>Schwimmbadstraße</name>
            <description>Tiefe: 50–100 cm</description>
            <Point id="3564">
                <coordinates>8.132070599999999,49.30167765,0.0</coordinates>
            </Point>
        </Placemark>
        <Placemark id="3567">
            <name>Schwimmbadstraße</name>
            <description>Tiefe: 50–100 cm</description>
            <Point id="3566">
                <coordinates>8.13270535,49.30186325,0.0</coordinates>
            </Point>
        </Placemark>
        <Placemark id="3569">
            <name>Wiesenstraße</name>
            <description>Tiefe: 50–100 cm</description>
            <Point id="3568">
                <coordinates>8.132813490359984,49.301021372732336,0.0</coordinates>
            </Point>
        </Placemark>
        <Placemark id="3571">
            <name>Schwimmbadstraße</name>
            <description>Tiefe: 50–100 cm</description>
            <Point id="3570">
                <coordinates>8.13270535,49.30186325,0.0</coordinates>
            </Point>
        </Placemark>
        <Placemark id="3573">
            <name>Schwimmbadstraße</name>
            <description>Tiefe: 50–100 cm</description>
            <Point id="3572">
                <coordinates>8.133290850000002,49.302042900000004,0.0</coordinates>
            </Point>
        </Placemark>
        <Placemark id="3575">
            <name>Spreisselgasse</name>
            <description>Tiefe: 30–50 cm</description>
            <Point id="3574">
                <coordinates>8.132960686236244,49.302219636347544,0.0</coordinates>
            </Point>
        </Placemark>
        <Placemark id="3577">
            <name>Schwimmbadstraße</name>
            <description>Tiefe: 50–100 cm</description>
            <Point id="3576">
                <coordinates>8.1337005,49.302163500000006,0.0</coordinates>
            </Point>
        </Placemark>
        <Placemark id="3579">
            <name>Schwimmbadstraße</name>
            <description>Tiefe: 50–100 cm</description>
            <Point id="3578">
                <coordinates>8.134890618406526,49.30250954244915,0.0</coordinates>
            </Point>
        </Placemark>
        <Placemark id="3581">
            <name>Langwiesenweg</name>
            <description>Tiefe: 50–100 cm</description>
            <Point id="3580">
                <coordinates>8.200982724644296,49.322236670679445,0.0</coordinates>
            </Point>
        </Placemark>
        <Placemark id="3583">
            <name>Kirschgartenstraße</name>
            <description>Tiefe: 30–50 cm</description>
            <Point id="3582">
                <coordinates>8.1885863,49.4067816,0.0</coordinates>
            </Point>
        </Placemark>
        <Placemark id="3585">
            <name>Wassergasse</name>
            <description>Tiefe: 50–100 cm</description>
            <Point id="3584">
                <coordinates>8.187988319952472,49.40656273514188,0.0</coordinates>
            </Point>
        </Placemark>
        <Placemark id="3587">
            <name>Fasanenweg</name>
            <description>Tiefe: 50–100 cm</description>
            <Point id="3586">
                <coordinates>8.189362246711372,49.40618426235235,0.0</coordinates>
            </Point>
        </Placemark>
        <Placemark id="3589">
            <name>Wassergasse</name>
            <description>Tiefe: 50–100 cm</description>
            <Point id="3588">
                <coordinates>8.187988319952472,49.40656273514188,0.0</coordinates>
            </Point>
        </Placemark>
        <Placemark id="3591">
            <name>Wassergasse</name>
            <description>Tiefe: 50–100 cm</description>
            <Point id="3590">
                <coordinates>8.1872033606246,49.40674057131984,0.0</coordinates>
            </Point>
        </Placemark>
        <Placemark id="3593">
            <name>Brühlweg</name>
            <description>Tiefe: 30–50 cm</description>
            <Point id="3592">
                <coordinates>8.16881585306796,49.300669120656565,0.0</coordinates>
            </Point>
        </Placemark>
        <Placemark id="3595">
            <name>Brühlweg</name>
            <description>Tiefe: 30–50 cm</description>
            <Point id="3594">
                <coordinates>8.167834635768294,49.30029519695859,0.0</coordinates>
            </Point>
        </Placemark>
        <Placemark id="3597">
            <name>Wohlfeil</name>
            <description>Tiefe: 50–100 cm</description>
            <Point id="3596">
                <coordinates>8.167630875089179,49.30103214164017,0.0</coordinates>
            </Point>
        </Placemark>
        <Placemark id="3599">
            <name>Brühlweg</name>
            <description>Tiefe: 30–50 cm</description>
            <Point id="3598">
                <coordinates>8.169353786417142,49.30079900250101,0.0</coordinates>
            </Point>
        </Placemark>
        <Placemark id="3601">
            <name>Marktstraße</name>
            <description>Tiefe: 50–100 cm</description>
            <Point id="3600">
                <coordinates>8.133929850000001,49.30446155,0.0</coordinates>
            </Point>
        </Placemark>
        <Placemark id="3603">
            <name>Marktstraße</name>
            <description>Tiefe: 50–100 cm</description>
            <Point id="3602">
                <coordinates>8.133169472973163,49.304566065429704,0.0</coordinates>
            </Point>
        </Placemark>
        <Placemark id="3605">
            <name>Poststraße</name>
            <description>Tiefe: 30–50 cm</description>
            <Point id="3604">
                <coordinates>8.134455158981329,49.30546181631896,0.0</coordinates>
            </Point>
        </Placemark>
        <Placemark id="3607">
            <name>Bleichstraße</name>
            <description>Tiefe: 50–100 cm</description>
            <Point id="3606">
                <coordinates>8.184598793442659,49.406360778289645,0.0</coordinates>
            </Point>
        </Placemark>
        <Placemark id="3609">
            <name>Bennstraße</name>
            <description>Tiefe: 50–100 cm</description>
            <Point id="3608">
                <coordinates>8.183674528408115,49.40732810024304,0.0</coordinates>
            </Point>
        </Placemark>
        <Placemark id="3611">
            <name>Heumarktstraße</name>
            <description>Tiefe: 50–100 cm</description>
            <Point id="3610">
                <coordinates>8.184097697940608,49.40715292141349,0.0</coordinates>
            </Point>
        </Placemark>
        <Placemark id="3613">
            <name>Deichelgasse</name>
            <description>Tiefe: 50–100 cm</description>
            <Point id="3612">
                <coordinates>8.183038640959003,49.406932174695186,0.0</coordinates>
            </Point>
        </Placemark>
        <Placemark id="3615">
            <name>Bennstraße</name>
            <description>Tiefe: 50–100 cm</description>
            <Point id="3614">
                <coordinates>8.183674528408115,49.40732810024304,0.0</coordinates>
            </Point>
        </Placemark>
        <Placemark id="3617">
            <name>Bennstraße</name>
            <description>Tiefe: 50–100 cm</description>
            <Point id="3616">
                <coordinates>8.183002422100893,49.407503702516706,0.0</coordinates>
            </Point>
        </Placemark>
        <Placemark id="3619">
            <name>Friedhofweg</name>
            <description>Tiefe: 30–50 cm</description>
            <Point id="3618">
                <coordinates>8.1822889,49.4073082,0.0</coordinates>
            </Point>
        </Placemark>
        <Placemark id="3621">
            <name>Friedhofweg</name>
            <description>Tiefe: 30–50 cm</description>
            <Point id="3620">
                <coordinates>8.182382350000001,49.407555349999996,0.0</coordinates>
            </Point>
        </Placemark>
        <Placemark id="3623">
            <name>Im Ringgarten</name>
            <description>Tiefe: 50–100 cm</description>
            <Point id="3622">
                <coordinates>8.181916895006157,49.407665657666676,0.0</coordinates>
            </Point>
        </Placemark>
        <Placemark id="3625">
            <name>Goethestraße</name>
            <description>Tiefe: 50–100 cm</description>
            <Point id="3624">
                <coordinates>8.19951345,49.32745435,0.0</coordinates>
            </Point>
        </Placemark>
        <Placemark id="3627">
            <name>Goethestraße</name>
            <description>Tiefe: 50–100 cm</description>
            <Point id="3626">
                <coordinates>8.200078139812053,49.32831239804966,0.0</coordinates>
            </Point>
        </Placemark>
        <Placemark id="3629">
            <name>Heinrichstraße</name>
            <description>Tiefe: 50–100 cm</description>
            <Point id="3628">
                <coordinates>8.19672585,49.3278721,0.0</coordinates>
            </Point>
        </Placemark>
        <Placemark id="3631">
            <name>Heinrichstraße</name>
            <description>Tiefe: 50–100 cm</description>
            <Point id="3630">
                <coordinates>8.197542599999998,49.32576685,0.0</coordinates>
            </Point>
        </Placemark>
        <Placemark id="3633">
            <name>Heinrichstraße</name>
            <description>Tiefe: 50–100 cm</description>
            <Point id="3632">
                <coordinates>8.19719235,49.32671405,0.0</coordinates>
            </Point>
        </Placemark>
        <Placemark id="3635">
            <name>Friedhofstraße</name>
            <description>Tiefe: 30–50 cm</description>
            <Point id="3634">
                <coordinates>8.197637863479033,49.32644512519759,0.0</coordinates>
            </Point>
        </Placemark>
        <Placemark id="3637">
            <name>Friedhofstraße</name>
            <description>Tiefe: 30–50 cm</description>
            <Point id="3636">
                <coordinates>8.196405965657924,49.32628232550435,0.0</coordinates>
            </Point>
        </Placemark>
        <Placemark id="3639">
            <name>Heinrichstraße</name>
            <description>Tiefe: 50–100 cm</description>
            <Point id="3638">
                <coordinates>8.197542599999998,49.32576685,0.0</coordinates>
            </Point>
        </Placemark>
        <Placemark id="3641">
            <name>Heinrichstraße</name>
            <description>Tiefe: 50–100 cm</description>
            <Point id="3640">
                <coordinates>8.1980679547124,49.32462244971071,0.0</coordinates>
            </Point>
        </Placemark>
        <Placemark id="3643">
            <name>Heinrichstraße</name>
            <description>Tiefe: 50–100 cm</description>
            <Point id="3642">
                <coordinates>8.19701545,49.3272134,0.0</coordinates>
            </Point>
        </Placemark>
        <Placemark id="3645">
            <name>Heinrichstraße</name>
            <description>Tiefe: 50–100 cm</description>
            <Point id="3644">
                <coordinates>8.19672585,49.3278721,0.0</coordinates>
            </Point>
        </Placemark>
        <Placemark id="3647">
            <name>Heinrichstraße</name>
            <description>Tiefe: 50–100 cm</description>
            <Point id="3646">
                <coordinates>8.19719235,49.32671405,0.0</coordinates>
            </Point>
        </Placemark>
        <Placemark id="3649">
            <name>Heinrichstraße</name>
            <description>Tiefe: 50–100 cm</description>
            <Point id="3648">
                <coordinates>8.19701545,49.3272134,0.0</coordinates>
            </Point>
        </Placemark>
        <Placemark id="3651">
            <name>Dudostraße</name>
            <description>Tiefe: 30–50 cm</description>
            <Point id="3650">
                <coordinates>8.203784144577273,49.299393842819136,0.0</coordinates>
            </Point>
        </Placemark>
        <Placemark id="3653">
            <name>Dudostraße</name>
            <description>Tiefe: 30–50 cm</description>
            <Point id="3652">
                <coordinates>8.207837826434336,49.29931154780937,0.0</coordinates>
            </Point>
        </Placemark>
        <Placemark id="3655">
            <name>Burggarten</name>
            <description>Tiefe: 30–50 cm</description>
            <Point id="3654">
                <coordinates>8.213625070094654,49.29905339372233,0.0</coordinates>
            </Point>
        </Placemark>
        <Placemark id="3657">
            <name>Dudostraße</name>
            <description>Tiefe: 30–50 cm</description>
            <Point id="3656">
                <coordinates>8.212694735831786,49.29941557073278,0.0</coordinates>
            </Point>
        </Placemark>
        <Placemark id="3659">
            <name>Dudostraße</name>
            <description>Tiefe: 30–50 cm</description>
            <Point id="3658">
                <coordinates>8.21414449572495,49.299463458855605,0.0</coordinates>
            </Point>
        </Placemark>
        <Placemark id="3661">
            <name>Burggarten</name>
            <description>Tiefe: 30–50 cm</description>
            <Point id="3660">
                <coordinates>8.213625070094654,49.29905339372233,0.0</coordinates>
            </Point>
        </Placemark>
        <Placemark id="3663">
            <name>Goethestraße</name>
            <description>Tiefe: 50–100 cm</description>
            <Point id="3662">
                <coordinates>8.19951345,49.32745435,0.0</coordinates>
            </Point>
        </Placemark>
        <Placemark id="3665">
            <name>Goethestraße</name>
            <description>Tiefe: 50–100 cm</description>
            <Point id="3664">
                <coordinates>8.199182694973981,49.326887963226554,0.0</coordinates>
            </Point>
        </Placemark>
        <Placemark id="3667">
            <name>Erika-Köth-Straße</name>
            <description>Tiefe: 50–100 cm</description>
            <Point id="3666">
                <coordinates>8.162251256208963,49.391769806236056,0.0</coordinates>
            </Point>
        </Placemark>
        <Placemark id="3669">
            <name>Remigiusstraße</name>
            <description>Tiefe: 50–100 cm</description>
            <Point id="3668">
                <coordinates>8.140060649999999,49.321789949999996,0.0</coordinates>
            </Point>
        </Placemark>
        <Placemark id="3671">
            <name>Remigiusstraße</name>
            <description>Tiefe: 50–100 cm</description>
            <Point id="3670">
                <coordinates>8.1391680254606,49.32192312160216,0.0</coordinates>
            </Point>
        </Placemark>
        <Placemark id="3673">
            <name>Weinstraße</name>
            <description>Tiefe: 30–50 cm</description>
            <Point id="3672">
                <coordinates>8.135708293222418,49.32226667605593,0.0</coordinates>
            </Point>
        </Placemark>
        <Placemark id="3675">
            <name>Weinstraße</name>
            <description>Tiefe: 30–50 cm</description>
            <Point id="3674">
                <coordinates>8.135803758092369,49.32286964130972,0.0</coordinates>
            </Point>
        </Placemark>
        <Placemark id="3677">
            <name>Jahnplatz</name>
            <description>Tiefe: 30–50 cm</description>
            <Point id="3676">
                <coordinates>8.199908798639882,49.32997124655069,0.0</coordinates>
            </Point>
        </Placemark>
        <Placemark id="3679">
            <name>Goethestraße</name>
            <description>Tiefe: 50–100 cm</description>
            <Point id="3678">
                <coordinates>8.20107335,49.3296705,0.0</coordinates>
            </Point>
        </Placemark>
        <Placemark id="3681">
            <name>Jahnplatz</name>
            <description>Tiefe: 30–50 cm</description>
            <Point id="3680">
                <coordinates>8.199908798639882,49.32997124655069,0.0</coordinates>
            </Point>
        </Placemark>
        <Placemark id="3683">
            <name>Goethestraße</name>
            <description>Tiefe: 50–100 cm</description>
            <Point id="3682">
                <coordinates>8.200845324510537,49.32936065638914,0.0</coordinates>
            </Point>
        </Placemark>
        <Placemark id="3685">
            <name>Am Schenkwiesenweg</name>
            <description>Tiefe: 30–50 cm</description>
            <Point id="3684">
                <coordinates>8.19183765,49.32344275,0.0</coordinates>
            </Point>
        </Placemark>
        <Placemark id="3687">
            <name>Im Schloßgarten</name>
            <description>Tiefe: 30–50 cm</description>
            <Point id="3686">
                <coordinates>8.192691005614016,49.322604432358524,0.0</coordinates>
            </Point>
        </Placemark>
        <Placemark id="3689">
            <name>Im Schloßgarten</name>
            <description>Tiefe: 30–50 cm</description>
            <Point id="3688">
                <coordinates>8.192691005614016,49.322604432358524,0.0</coordinates>
            </Point>
        </Placemark>
        <Placemark id="3691">
            <name>Im Ringel</name>
            <description>Tiefe: 30–50 cm</description>
            <Point id="3690">
                <coordinates>8.193260377904926,49.324244443501094,0.0</coordinates>
            </Point>
        </Placemark>
        <Placemark id="3693">
            <name>Im Ringel</name>
            <description>Tiefe: 30–50 cm</description>
            <Point id="3692">
                <coordinates>8.19400545,49.32408945,0.0</coordinates>
            </Point>
        </Placemark>
        <Placemark id="3695">
            <name>Im Ringel</name>
            <description>Tiefe: 30–50 cm</description>
            <Point id="3694">
                <coordinates>8.194513411761504,49.324048866831944,0.0</coordinates>
            </Point>
        </Placemark>
        <Placemark id="3697">
            <name>Im Ringel</name>
            <description>Tiefe: 30–50 cm</description>
            <Point id="3696">
                <coordinates>8.194605350523215,49.32465260952871,0.0</coordinates>
            </Point>
        </Placemark>
        <Placemark id="3699">
            <name>Im Ringel</name>
            <description>Tiefe: 30–50 cm</description>
            <Point id="3698">
                <coordinates>8.19400545,49.32408945,0.0</coordinates>
            </Point>
        </Placemark>
        <Placemark id="3701">
            <name>Im Ringel</name>
            <description>Tiefe: 30–50 cm</description>
            <Point id="3700">
                <coordinates>8.1936865,49.3241315,0.0</coordinates>
            </Point>
        </Placemark>
        <Placemark id="3703">
            <name>Am Schenkwiesenweg</name>
            <description>Tiefe: 30–50 cm</description>
            <Point id="3702">
                <coordinates>8.19183765,49.32344275,0.0</coordinates>
            </Point>
        </Placemark>
        <Placemark id="3705">
            <name>Am Schenkwiesenweg</name>
            <description>Tiefe: 30–50 cm</description>
            <Point id="3704">
                <coordinates>8.191618949999999,49.3237135,0.0</coordinates>
            </Point>
        </Placemark>
        <Placemark id="3707">
            <name>Am Schenkwiesenweg</name>
            <description>Tiefe: 30–50 cm</description>
            <Point id="3706">
                <coordinates>8.191605849999998,49.32409534999999,0.0</coordinates>
            </Point>
        </Placemark>
        <Placemark id="3709">
            <name>Am Schenkwiesenweg</name>
            <description>Tiefe: 30–50 cm</description>
            <Point id="3708">
                <coordinates>8.191430650000001,49.324337099999994,0.0</coordinates>
            </Point>
        </Placemark>
        <Placemark id="3711">
            <name>Am Schenkwiesenweg</name>
            <description>Tiefe: 30–50 cm</description>
            <Point id="3710">
                <coordinates>8.192611400461905,49.325138765214064,0.0</coordinates>
            </Point>
        </Placemark>
        <Placemark id="3713">
            <name>Am Schenkwiesenweg</name>
            <description>Tiefe: 30–50 cm</description>
            <Point id="3712">
                <coordinates>8.192611400461905,49.325138765214064,0.0</coordinates>
            </Point>
        </Placemark>
        <Placemark id="3715">
            <name>Am Schenkwiesenweg</name>
            <description>Tiefe: 30–50 cm</description>
            <Point id="3714">
                <coordinates>8.191618949999999,49.3237135,0.0</coordinates>
            </Point>
        </Placemark>
        <Placemark id="3717">
            <name>Am Schenkwiesenweg</name>
            <description>Tiefe: 30–50 cm</description>
            <Point id="3716">
                <coordinates>8.191605849999998,49.32409534999999,0.0</coordinates>
            </Point>
        </Placemark>
        <Placemark id="3719">
            <name>Am Schenkwiesenweg</name>
            <description>Tiefe: 30–50 cm</description>
            <Point id="3718">
                <coordinates>8.19118405,49.32388365,0.0</coordinates>
            </Point>
        </Placemark>
        <Placemark id="3721">
            <name>Am Schenkwiesenweg</name>
            <description>Tiefe: 30–50 cm</description>
            <Point id="3720">
                <coordinates>8.191430650000001,49.324337099999994,0.0</coordinates>
            </Point>
        </Placemark>
        <Placemark id="3723">
            <name>Flugplatzstraße</name>
            <description>Tiefe: 50–100 cm</description>
            <Point id="3722">
                <coordinates>8.201780904006293,49.329528480198505,0.0</coordinates>
            </Point>
        </Placemark>
        <Placemark id="3725">
            <name>Flugplatzstraße</name>
            <description>Tiefe: 50–100 cm</description>
            <Point id="3724">
                <coordinates>8.214610610665986,49.32450652614185,0.0</coordinates>
            </Point>
        </Placemark>
        <Placemark id="3727">
            <name>Kirrweilerer Straße</name>
            <description>Tiefe: 50–100 cm</description>
            <Point id="3726">
                <coordinates>8.1927126,49.317968199999996,0.0</coordinates>
            </Point>
        </Placemark>
        <Placemark id="3729">
            <name>Karl-Ohler-Straße</name>
            <description>Tiefe: 50–100 cm</description>
            <Point id="3728">
                <coordinates>8.192621484433309,49.31944483950666,0.0</coordinates>
            </Point>
        </Placemark>
        <Placemark id="3731">
            <name>Kirrweilerer Straße</name>
            <description>Tiefe: 50–100 cm</description>
            <Point id="3730">
                <coordinates>8.195965445102471,49.318568007506194,0.0</coordinates>
            </Point>
        </Placemark>
        <Placemark id="3733">
            <name>Eichstraße</name>
            <description>Tiefe: 50–100 cm</description>
            <Point id="3732">
                <coordinates>8.12460458489903,49.32749511830714,0.0</coordinates>
            </Point>
        </Placemark>
        <Placemark id="3735">
            <name>Schloßstraße</name>
            <description>Tiefe: 50–100 cm</description>
            <Point id="3734">
                <coordinates>8.12648552260573,49.32744526278078,0.0</coordinates>
            </Point>
        </Placemark>
        <Placemark id="3737">
            <name>Schloßstraße</name>
            <description>Tiefe: 50–100 cm</description>
            <Point id="3736">
                <coordinates>8.122661670791857,49.327406595290576,0.0</coordinates>
            </Point>
        </Placemark>
        <Placemark id="3739">
            <name>Eichstraße</name>
            <description>Tiefe: 50–100 cm</description>
            <Point id="3738">
                <coordinates>8.12460458489903,49.32749511830714,0.0</coordinates>
            </Point>
        </Placemark>
        <Placemark id="3741">
            <name>Eichstraße</name>
            <description>Tiefe: 50–100 cm</description>
            <Point id="3740">
                <coordinates>8.122789481664505,49.32773887710077,0.0</coordinates>
            </Point>
        </Placemark>
        <Placemark id="3743">
            <name>Eichstraße</name>
            <description>Tiefe: 50–100 cm</description>
            <Point id="3742">
                <coordinates>8.125781082901161,49.32811111606318,0.0</coordinates>
            </Point>
        </Placemark>
        <Placemark id="3745">
            <name>Hauptstraße</name>
            <description>Tiefe: 30–50 cm</description>
            <Point id="3744">
                <coordinates>8.1613569,49.3023497,0.0</coordinates>
            </Point>
        </Placemark>
        <Placemark id="3747">
            <name>Hauptstraße</name>
            <description>Tiefe: 30–50 cm</description>
            <Point id="3746">
                <coordinates>8.162224947518967,49.302301008071986,0.0</coordinates>
            </Point>
        </Placemark>
        <Placemark id="3749">
            <name>Deidesheimer Straße</name>
            <description>Tiefe: 50–100 cm</description>
            <Point id="3748">
                <coordinates>8.163327686469382,49.38719218608408,0.0</coordinates>
            </Point>
        </Placemark>
        <Placemark id="3751">
            <name>Deidesheimer Straße</name>
            <description>Tiefe: 50–100 cm</description>
            <Point id="3750">
                <coordinates>8.170328223185537,49.38765485353695,0.0</coordinates>
            </Point>
        </Placemark>
        <Placemark id="3753">
            <name>Heumarktstraße</name>
            <description>Tiefe: 50–100 cm</description>
            <Point id="3752">
                <coordinates>8.186454699131637,49.4076766138165,0.0</coordinates>
            </Point>
        </Placemark>
        <Placemark id="3755">
            <name>Weinstraße</name>
            <description>Tiefe: 30–50 cm</description>
            <Point id="3754">
                <coordinates>8.18703612519024,49.407222848186734,0.0</coordinates>
            </Point>
        </Placemark>
        <Placemark id="3757">
            <name>Weinstraße</name>
            <description>Tiefe: 30–50 cm</description>
            <Point id="3756">
                <coordinates>8.187319946218805,49.40773194360395,0.0</coordinates>
            </Point>
        </Placemark>
        <Placemark id="3759">
            <name>Heumarktstraße</name>
            <description>Tiefe: 50–100 cm</description>
            <Point id="3758">
                <coordinates>8.186454699131637,49.4076766138165,0.0</coordinates>
            </Point>
        </Placemark>
        <Placemark id="3761">
            <name>Heumarktstraße</name>
            <description>Tiefe: 50–100 cm</description>
            <Point id="3760">
                <coordinates>8.185004596550035,49.407473023177936,0.0</coordinates>
            </Point>
        </Placemark>
        <Placemark id="3763">
            <name>Heumarktstraße</name>
            <description>Tiefe: 50–100 cm</description>
            <Point id="3762">
                <coordinates>8.184097697940608,49.40715292141349,0.0</coordinates>
            </Point>
        </Placemark>
        <Placemark id="3765">
            <name>Neugasse</name>
            <description>Tiefe: 30–50 cm</description>
            <Point id="3764">
                <coordinates>8.126519157005122,49.305046492063205,0.0</coordinates>
            </Point>
        </Placemark>
        <Placemark id="3767">
            <name>Neugasse</name>
            <description>Tiefe: 30–50 cm</description>
            <Point id="3766">
                <coordinates>8.127923640847003,49.304953742989824,0.0</coordinates>
            </Point>
        </Placemark>
        <Placemark id="3769">
            <name>Querstraße</name>
            <description>Tiefe: 30–50 cm</description>
            <Point id="3768">
                <coordinates>8.127651332445506,49.305347167092975,0.0</coordinates>
            </Point>
        </Placemark>
        <Placemark id="3771">
            <name>Weiherstraße</name>
            <description>Tiefe: 50–100 cm</description>
            <Point id="3770">
                <coordinates>8.1285994006664,49.30526482847733,0.0</coordinates>
            </Point>
        </Placemark>
        <Placemark id="3773">
            <name>Weiherstraße</name>
            <description>Tiefe: 50–100 cm</description>
            <Point id="3772">
                <coordinates>8.127311820387186,49.30592669781919,0.0</coordinates>
            </Point>
        </Placemark>
        <Placemark id="3775">
            <name>Querstraße</name>
            <description>Tiefe: 30–50 cm</description>
            <Point id="3774">
                <coordinates>8.127651332445506,49.305347167092975,0.0</coordinates>
            </Point>
        </Placemark>
        <Placemark id="3777">
            <name>Eichkehle</name>
            <description>Tiefe: 30–50 cm</description>
            <Point id="3776">
                <coordinates>8.142271011080222,49.371492668922656,0.0</coordinates>
            </Point>
        </Placemark>
        <Placemark id="3779">
            <name>Eichkehle</name>
            <description>Tiefe: 30–50 cm</description>
            <Point id="3778">
                <coordinates>8.142944679808936,49.370951417469335,0.0</coordinates>
            </Point>
        </Placemark>
        <Placemark id="3781">
            <name>Eichkehle</name>
            <description>Tiefe: 30–50 cm</description>
            <Point id="3780">
                <coordinates>8.143429298531364,49.371231304107916,0.0</coordinates>
            </Point>
        </Placemark>
        <Placemark id="3783">
            <name>Eichkehle</name>
            <description>Tiefe: 30–50 cm</description>
            <Point id="3782">
                <coordinates>8.142271011080222,49.371492668922656,0.0</coordinates>
            </Point>
        </Placemark>
        <Placemark id="3785">
            <name>Eichkehle</name>
            <description>Tiefe: 30–50 cm</description>
            <Point id="3784">
                <coordinates>8.142944679808936,49.370951417469335,0.0</coordinates>
            </Point>
        </Placemark>
        <Placemark id="3787">
            <name>Am Wassergraben</name>
            <description>Tiefe: 50–100 cm</description>
            <Point id="3786">
                <coordinates>8.19903405,49.396051650000004,0.0</coordinates>
            </Point>
        </Placemark>
        <Placemark id="3789">
            <name>Hauptstraße</name>
            <description>Tiefe: 30–50 cm</description>
            <Point id="3788">
                <coordinates>8.162224947518967,49.302301008071986,0.0</coordinates>
            </Point>
        </Placemark>
        <Placemark id="3791">
            <name>Hauptstraße</name>
            <description>Tiefe: 30–50 cm</description>
            <Point id="3790">
                <coordinates>8.163738213582507,49.30220194793136,0.0</coordinates>
            </Point>
        </Placemark>
        <Placemark id="3793">
            <name>Stangenbrunnengasse</name>
            <description>Tiefe: 30–50 cm</description>
            <Point id="3792">
                <coordinates>8.137257191660908,49.35227451786724,0.0</coordinates>
            </Point>
        </Placemark>
        <Placemark id="3795">
            <name>Triftbrunnenweg</name>
            <description>Tiefe: 50–100 cm</description>
            <Point id="3794">
                <coordinates>8.118889835190782,49.33574652542543,0.0</coordinates>
            </Point>
        </Placemark>
        <Placemark id="3797">
            <name>Triftbrunnenweg</name>
            <description>Tiefe: 50–100 cm</description>
            <Point id="3796">
                <coordinates>8.120476498207793,49.33360217799408,0.0</coordinates>
            </Point>
        </Placemark>
        <Placemark id="3799">
            <name>Freiheitstraße</name>
            <description>Tiefe: 50–100 cm</description>
            <Point id="3798">
                <coordinates>8.121377763923718,49.33420227866099,0.0</coordinates>
            </Point>
        </Placemark>
        <Placemark id="3801">
            <name>Freiheitstraße</name>
            <description>Tiefe: 50–100 cm</description>
            <Point id="3800">
                <coordinates>8.122733958580133,49.33566051218593,0.0</coordinates>
            </Point>
        </Placemark>
        <Placemark id="3803">
            <name>Totenkopfstraße</name>
            <description>Tiefe: 50–100 cm</description>
            <Point id="3802">
                <coordinates>8.072730347374037,49.30547181002066,0.0</coordinates>
            </Point>
        </Placemark>
        <Placemark id="3805">
            <name>Totenkopfstraße</name>
            <description>Tiefe: 50–100 cm</description>
            <Point id="3804">
                <coordinates>8.093621210938663,49.30087252268095,0.0</coordinates>
            </Point>
        </Placemark>
        <Placemark id="3807">
            <name>Ägyptenpfad</name>
            <description>Tiefe: 30–50 cm</description>
            <Point id="3806">
                <coordinates>8.137646787891835,49.351468965175656,0.0</coordinates>
            </Point>
        </Placemark>
        <Placemark id="3809">
            <name>Ägyptenpfad</name>
            <description>Tiefe: 30–50 cm</description>
            <Point id="3808">
                <coordinates>8.13792475,49.35113255,0.0</coordinates>
            </Point>
        </Placemark>
        <Placemark id="3811">
            <name>Ägyptenpfad</name>
            <description>Tiefe: 30–50 cm</description>
            <Point id="3810">
                <coordinates>8.13772939350273,49.35089182487683,0.0</coordinates>
            </Point>
        </Placemark>
        <Placemark id="3813">
            <name>Ägyptenpfad</name>
            <description>Tiefe: 30–50 cm</description>
            <Point id="3812">
                <coordinates>8.137646787891835,49.351468965175656,0.0</coordinates>
            </Point>
        </Placemark>
        <Placemark id="3815">
            <name>Ägyptenpfad</name>
            <description>Tiefe: 30–50 cm</description>
            <Point id="3814">
                <coordinates>8.1382648,49.35114245,0.0</coordinates>
            </Point>
        </Placemark>
        <Placemark id="3817">
            <name>Bahnstraße</name>
            <description>Tiefe: 30–50 cm</description>
            <Point id="3816">
                <coordinates>8.19322628118738,49.40438261715055,0.0</coordinates>
            </Point>
        </Placemark>
        <Placemark id="3819">
            <name>Bahnstraße</name>
            <description>Tiefe: 30–50 cm</description>
            <Point id="3818">
                <coordinates>8.193131474562268,49.402104841219504,0.0</coordinates>
            </Point>
        </Placemark>
        <Placemark id="3821">
            <name>Im Schloßgarten</name>
            <description>Tiefe: 30–50 cm</description>
            <Point id="3820">
                <coordinates>8.194567663204845,49.40269369229183,0.0</coordinates>
            </Point>
        </Placemark>
        <Placemark id="3823">
            <name>Wiesenstraße</name>
            <description>Tiefe: 50–100 cm</description>
            <Point id="3822">
                <coordinates>8.19901200069674,49.39991876137324,0.0</coordinates>
            </Point>
        </Placemark>
        <Placemark id="3825">
            <name>Hauptstraße</name>
            <description>Tiefe: 30–50 cm</description>
            <Point id="3824">
                <coordinates>8.198717123566409,49.39941068985265,0.0</coordinates>
            </Point>
        </Placemark>
        <Placemark id="3827">
            <name>Hauptstraße</name>
            <description>Tiefe: 30–50 cm</description>
            <Point id="3826">
                <coordinates>8.19781789289128,49.399359501610654,0.0</coordinates>
            </Point>
        </Placemark>
        <Placemark id="3829">
            <name>Löwengasse</name>
            <description>Tiefe: 30–50 cm</description>
            <Point id="3828">
                <coordinates>8.1981933339158,49.39863175949432,0.0</coordinates>
            </Point>
        </Placemark>
        <Placemark id="3831">
            <name>Raiffeisenstraße</name>
            <description>Tiefe: 50–100 cm</description>
            <Point id="3830">
                <coordinates>8.196461828559515,49.401225923720986,0.0</coordinates>
            </Point>
        </Placemark>
        <Placemark id="3833">
            <name>Schloßstraße</name>
            <description>Tiefe: 50–100 cm</description>
            <Point id="3832">
                <coordinates>8.197283494765845,49.40063974709722,0.0</coordinates>
            </Point>
        </Placemark>
        <Placemark id="3835">
            <name>Raiffeisenstraße</name>
            <description>Tiefe: 50–100 cm</description>
            <Point id="3834">
                <coordinates>8.196184216412338,49.400666014242475,0.0</coordinates>
            </Point>
        </Placemark>
        <Placemark id="3837">
            <name>Schloßstraße</name>
            <description>Tiefe: 50–100 cm</description>
            <Point id="3836">
                <coordinates>8.197283494765845,49.40063974709722,0.0</coordinates>
            </Point>
        </Placemark>
        <Placemark id="3839">
            <name>Löwengasse</name>
            <description>Tiefe: 30–50 cm</description>
            <Point id="3838">
                <coordinates>8.198308154552965,49.39734880606934,0.0</coordinates>
            </Point>
        </Placemark>
        <Placemark id="3841">
            <name>Löwengasse</name>
            <description>Tiefe: 30–50 cm</description>
            <Point id="3840">
                <coordinates>8.19828115,49.397719699999996,0.0</coordinates>
            </Point>
        </Placemark>
        <Placemark id="3843">
            <name>Im Mandelacker</name>
            <description>Tiefe: 30–50 cm</description>
            <Point id="3842">
                <coordinates>8.198906117016032,49.397784074434746,0.0</coordinates>
            </Point>
        </Placemark>
        <Placemark id="3845">
            <name>Löwengasse</name>
            <description>Tiefe: 30–50 cm</description>
            <Point id="3844">
                <coordinates>8.198308154552965,49.39734880606934,0.0</coordinates>
            </Point>
        </Placemark>
        <Placemark id="3847">
            <name>Im Mandelacker</name>
            <description>Tiefe: 30–50 cm</description>
            <Point id="3846">
                <coordinates>8.198906117016032,49.397784074434746,0.0</coordinates>
            </Point>
        </Placemark>
        <Placemark id="3849">
            <name>Hauptstraße</name>
            <description>Tiefe: 30–50 cm</description>
            <Point id="3848">
                <coordinates>8.19781789289128,49.399359501610654,0.0</coordinates>
            </Point>
        </Placemark>
        <Placemark id="3851">
            <name>Hauptstraße</name>
            <description>Tiefe: 30–50 cm</description>
            <Point id="3850">
                <coordinates>8.196712639647057,49.399309676784846,0.0</coordinates>
            </Point>
        </Placemark>
        <Placemark id="3853">
            <name>Baumgartenstraße</name>
            <description>Tiefe: 50–100 cm</description>
            <Point id="3852">
                <coordinates>8.197147758166418,49.398525158586416,0.0</coordinates>
            </Point>
        </Placemark>
        <Placemark id="3855">
            <name>Ringstraße</name>
            <description>Tiefe: 50–100 cm</description>
            <Point id="3854">
                <coordinates>8.19759685,49.39786264999999,0.0</coordinates>
            </Point>
        </Placemark>
        <Placemark id="3857">
            <name>Baumgartenstraße</name>
            <description>Tiefe: 50–100 cm</description>
            <Point id="3856">
                <coordinates>8.196968169730038,49.397558957790885,0.0</coordinates>
            </Point>
        </Placemark>
        <Placemark id="3859">
            <name>Baumgartenstraße</name>
            <description>Tiefe: 50–100 cm</description>
            <Point id="3858">
                <coordinates>8.197147758166418,49.398525158586416,0.0</coordinates>
            </Point>
        </Placemark>
        <Placemark id="3861">
            <name>Baumgartenstraße</name>
            <description>Tiefe: 50–100 cm</description>
            <Point id="3860">
                <coordinates>8.196968169730038,49.397558957790885,0.0</coordinates>
            </Point>
        </Placemark>
        <Placemark id="3863">
            <name>Ringstraße</name>
            <description>Tiefe: 50–100 cm</description>
            <Point id="3862">
                <coordinates>8.19759685,49.39786264999999,0.0</coordinates>
            </Point>
        </Placemark>
        <Placemark id="3865">
            <name>Löwengasse</name>
            <description>Tiefe: 30–50 cm</description>
            <Point id="3864">
                <coordinates>8.19828115,49.397719699999996,0.0</coordinates>
            </Point>
        </Placemark>
        <Placemark id="3867">
            <name>Löwengasse</name>
            <description>Tiefe: 30–50 cm</description>
            <Point id="3866">
                <coordinates>8.1981933339158,49.39863175949432,0.0</coordinates>
            </Point>
        </Placemark>
        <Placemark id="3869">
            <name>Am Wassergraben</name>
            <description>Tiefe: 50–100 cm</description>
            <Point id="3868">
                <coordinates>8.19903405,49.396051650000004,0.0</coordinates>
            </Point>
        </Placemark>
        <Placemark id="3871">
            <name>Am Wassergraben</name>
            <description>Tiefe: 50–100 cm</description>
            <Point id="3870">
                <coordinates>8.198971032192825,49.39645881885076,0.0</coordinates>
            </Point>
        </Placemark>
        <Placemark id="3873">
            <name>An der Schießmauer</name>
            <description>Tiefe: 30–50 cm</description>
            <Point id="3872">
                <coordinates>8.198049100306566,49.39614224790564,0.0</coordinates>
            </Point>
        </Placemark>
        <Placemark id="3875">
            <name>Im Taubenrausch</name>
            <description>Tiefe: 30–50 cm</description>
            <Point id="3874">
                <coordinates>8.197110899999998,49.39655325,0.0</coordinates>
            </Point>
        </Placemark>
        <Placemark id="3877">
            <name>An der Schießmauer</name>
            <description>Tiefe: 30–50 cm</description>
            <Point id="3876">
                <coordinates>8.197494808124052,49.396911475087386,0.0</coordinates>
            </Point>
        </Placemark>
        <Placemark id="3879">
            <name>An der Schießmauer</name>
            <description>Tiefe: 30–50 cm</description>
            <Point id="3878">
                <coordinates>8.198049100306566,49.39614224790564,0.0</coordinates>
            </Point>
        </Placemark>
        <Placemark id="3881">
            <name>An der Schießmauer</name>
            <description>Tiefe: 30–50 cm</description>
            <Point id="3880">
                <coordinates>8.197494808124052,49.396911475087386,0.0</coordinates>
            </Point>
        </Placemark>
        <Placemark id="3883">
            <name>Im Taubenrausch</name>
            <description>Tiefe: 30–50 cm</description>
            <Point id="3882">
                <coordinates>8.197110899999998,49.39655325,0.0</coordinates>
            </Point>
        </Placemark>
        <Placemark id="3885">
            <name>Im Taubenrausch</name>
            <description>Tiefe: 30–50 cm</description>
            <Point id="3884">
                <coordinates>8.19675,49.39630795,0.0</coordinates>
            </Point>
        </Placemark>
        <Placemark id="3887">
            <name>Im Taubenrausch</name>
            <description>Tiefe: 30–50 cm</description>
            <Point id="3886">
                <coordinates>8.196669021458487,49.396622291953314,0.0</coordinates>
            </Point>
        </Placemark>
        <Placemark id="3889">
            <name>Im Taubenrausch</name>
            <description>Tiefe: 30–50 cm</description>
            <Point id="3888">
                <coordinates>8.196669021458487,49.396622291953314,0.0</coordinates>
            </Point>
        </Placemark>
        <Placemark id="3891">
            <name>Am Wassergraben</name>
            <description>Tiefe: 50–100 cm</description>
            <Point id="3890">
                <coordinates>8.198681650000001,49.3967018,0.0</coordinates>
            </Point>
        </Placemark>
        <Placemark id="3893">
            <name>Am Wassergraben</name>
            <description>Tiefe: 50–100 cm</description>
            <Point id="3892">
                <coordinates>8.198681650000001,49.3967018,0.0</coordinates>
            </Point>
        </Placemark>
        <Placemark id="3895">
            <name>Am Wassergraben</name>
            <description>Tiefe: 50–100 cm</description>
            <Point id="3894">
                <coordinates>8.198971032192825,49.39645881885076,0.0</coordinates>
            </Point>
        </Placemark>
        <Placemark id="3897">
            <name>Am Wassergraben</name>
            <description>Tiefe: 50–100 cm</description>
            <Point id="3896">
                <coordinates>8.198949554290277,49.39683492829381,0.0</coordinates>
            </Point>
        </Placemark>
        <Placemark id="3899">
            <name>Wolfsburgstraße</name>
            <description>Tiefe: 30–50 cm</description>
            <Point id="3898">
                <coordinates>8.114975265094749,49.35626788316299,0.0</coordinates>
            </Point>
        </Placemark>
        <Placemark id="3901">
            <name>Wolfsburgstraße</name>
            <description>Tiefe: 30–50 cm</description>
            <Point id="3900">
                <coordinates>8.112632644490652,49.35719466277194,0.0</coordinates>
            </Point>
        </Placemark>
        <Placemark id="3903">
            <name>Talgrafenstraße</name>
            <description>Tiefe: 30–50 cm</description>
            <Point id="3902">
                <coordinates>8.113464405165663,49.35649924651441,0.0</coordinates>
            </Point>
        </Placemark>
        <Placemark id="3905">
            <name>Am Bürgergarten</name>
            <description>Tiefe: 30–50 cm</description>
            <Point id="3904">
                <coordinates>8.137836272769965,49.36297093808341,0.0</coordinates>
            </Point>
        </Placemark>
        <Placemark id="3907">
            <name>Mandelring</name>
            <description>Tiefe: 50–100 cm</description>
            <Point id="3906">
                <coordinates>8.137617310258824,49.36167984503089,0.0</coordinates>
            </Point>
        </Placemark>
        <Placemark id="3909">
            <name>Mandelring</name>
            <description>Tiefe: 50–100 cm</description>
            <Point id="3908">
                <coordinates>8.137674236973425,49.364549568167575,0.0</coordinates>
            </Point>
        </Placemark>
        <Placemark id="3911">
            <name>Am Bürgergarten</name>
            <description>Tiefe: 30–50 cm</description>
            <Point id="3910">
                <coordinates>8.139383985767003,49.363264496109416,0.0</coordinates>
            </Point>
        </Placemark>
        <Placemark id="3913">
            <name>Am Bürgergarten</name>
            <description>Tiefe: 30–50 cm</description>
            <Point id="3912">
                <coordinates>8.137836272769965,49.36297093808341,0.0</coordinates>
            </Point>
        </Placemark>
        <Placemark id="3915">
            <name>Im Kirchenstück</name>
            <description>Tiefe: 30–50 cm</description>
            <Point id="3914">
                <coordinates>8.138548813297731,49.36350511357078,0.0</coordinates>
            </Point>
        </Placemark>
        <Placemark id="3917">
            <name>Am Bürgergarten</name>
            <description>Tiefe: 30–50 cm</description>
            <Point id="3916">
                <coordinates>8.139322016807713,49.36458940034937,0.0</coordinates>
            </Point>
        </Placemark>
        <Placemark id="3919">
            <name>Am Bürgergarten</name>
            <description>Tiefe: 30–50 cm</description>
            <Point id="3918">
                <coordinates>8.140265466902603,49.364809139844205,0.0</coordinates>
            </Point>
        </Placemark>
        <Placemark id="3921">
            <name>Am Bürgergarten</name>
            <description>Tiefe: 30–50 cm</description>
            <Point id="3920">
                <coordinates>8.139383985767003,49.363264496109416,0.0</coordinates>
            </Point>
        </Placemark>
        <Placemark id="3923">
            <name>Am Bürgergarten</name>
            <description>Tiefe: 30–50 cm</description>
            <Point id="3922">
                <coordinates>8.139322016807713,49.36458940034937,0.0</coordinates>
            </Point>
        </Placemark>
        <Placemark id="3925">
            <name>Talwiesenstraße</name>
            <description>Tiefe: 30–50 cm</description>
            <Point id="3924">
                <coordinates>8.148808483745489,49.376568334096234,0.0</coordinates>
            </Point>
        </Placemark>
        <Placemark id="3927">
            <name>Haberackerstraße</name>
            <description>Tiefe: 30–50 cm</description>
            <Point id="3926">
                <coordinates>8.153128799832128,49.37762358293228,0.0</coordinates>
            </Point>
        </Placemark>
        <Placemark id="3929">
            <name>Fürstenweg</name>
            <description>Tiefe: 30–50 cm</description>
            <Point id="3928">
                <coordinates>8.152446463295767,49.380537784920335,0.0</coordinates>
            </Point>
        </Placemark>
        <Placemark id="3931">
            <name>Neubergstraße</name>
            <description>Tiefe: 30–50 cm</description>
            <Point id="3930">
                <coordinates>8.155262679765329,49.3809857600654,0.0</coordinates>
            </Point>
        </Placemark>
        <Placemark id="3933">
            <name>Neubergstraße</name>
            <description>Tiefe: 30–50 cm</description>
            <Point id="3932">
                <coordinates>8.154234384816824,49.378174312316574,0.0</coordinates>
            </Point>
        </Placemark>
        <Placemark id="3935">
            <name>Im Kirchenstück</name>
            <description>Tiefe: 30–50 cm</description>
            <Point id="3934">
                <coordinates>8.138548813297731,49.36350511357078,0.0</coordinates>
            </Point>
        </Placemark>
        <Placemark id="3937">
            <name>Am Herzel</name>
            <description>Tiefe: 30–50 cm</description>
            <Point id="3936">
                <coordinates>8.1460713,49.369582,0.0</coordinates>
            </Point>
        </Placemark>
        <Placemark id="3939">
            <name>Am Herzel</name>
            <description>Tiefe: 30–50 cm</description>
            <Point id="3938">
                <coordinates>8.14518062393953,49.369826689754476,0.0</coordinates>
            </Point>
        </Placemark>
        <Placemark id="3941">
            <name>Am Herzel</name>
            <description>Tiefe: 30–50 cm</description>
            <Point id="3940">
                <coordinates>8.145836887215777,49.369235858557616,0.0</coordinates>
            </Point>
        </Placemark>
        <Placemark id="3943">
            <name>Mandelring</name>
            <description>Tiefe: 50–100 cm</description>
            <Point id="3942">
                <coordinates>8.144576478557221,49.36927323023014,0.0</coordinates>
            </Point>
        </Placemark>
        <Placemark id="3945">
            <name>Mandelring</name>
            <description>Tiefe: 50–100 cm</description>
            <Point id="3944">
                <coordinates>8.146624815120484,49.36867880138827,0.0</coordinates>
            </Point>
        </Placemark>
        <Placemark id="3947">
            <name>Am Herzel</name>
            <description>Tiefe: 30–50 cm</description>
            <Point id="3946">
                <coordinates>8.145836887215777,49.369235858557616,0.0</coordinates>
            </Point>
        </Placemark>
        <Placemark id="3949">
            <name>Im Biengarten</name>
            <description>Tiefe: 50–100 cm</description>
            <Point id="3948">
                <coordinates>8.156536360567628,49.38313879554795,0.0</coordinates>
            </Point>
        </Placemark>
        <Placemark id="3951">
            <name>Im Biengarten</name>
            <description>Tiefe: 50–100 cm</description>
            <Point id="3950">
                <coordinates>8.155697690131813,49.38339681771217,0.0</coordinates>
            </Point>
        </Placemark>
        <Placemark id="3953">
            <name>Im Biengarten</name>
            <description>Tiefe: 50–100 cm</description>
            <Point id="3952">
                <coordinates>8.155939972139786,49.382812982948465,0.0</coordinates>
            </Point>
        </Placemark>
        <Placemark id="3955">
            <name>Erlenbergstraße</name>
            <description>Tiefe: 30–50 cm</description>
            <Point id="3954">
                <coordinates>8.157123116125353,49.382978129682364,0.0</coordinates>
            </Point>
        </Placemark>
        <Placemark id="3957">
            <name>Erlenbergstraße</name>
            <description>Tiefe: 30–50 cm</description>
            <Point id="3956">
                <coordinates>8.156319213381732,49.38474005224835,0.0</coordinates>
            </Point>
        </Placemark>
        <Placemark id="3959">
            <name>Im Biengarten</name>
            <description>Tiefe: 50–100 cm</description>
            <Point id="3958">
                <coordinates>8.156536360567628,49.38313879554795,0.0</coordinates>
            </Point>
        </Placemark>
        <Placemark id="3961">
            <name>Fürstenweg</name>
            <description>Tiefe: 30–50 cm</description>
            <Point id="3960">
                <coordinates>8.152446463295767,49.380537784920335,0.0</coordinates>
            </Point>
        </Placemark>
        <Placemark id="3963">
            <name>Fürstenweg</name>
            <description>Tiefe: 30–50 cm</description>
            <Point id="3962">
                <coordinates>8.15488560779528,49.382725871693545,0.0</coordinates>
            </Point>
        </Placemark>
        <Placemark id="3965">
            <name>Im Biengarten</name>
            <description>Tiefe: 50–100 cm</description>
            <Point id="3964">
                <coordinates>8.153925301716894,49.38312121708127,0.0</coordinates>
            </Point>
        </Placemark>
        <Placemark id="3967">
            <name>Im Biengarten</name>
            <description>Tiefe: 50–100 cm</description>
            <Point id="3966">
                <coordinates>8.155697690131813,49.38339681771217,0.0</coordinates>
            </Point>
        </Placemark>
        <Placemark id="3969">
            <name>Im Biengarten</name>
            <description>Tiefe: 50–100 cm</description>
            <Point id="3968">
                <coordinates>8.153925301716894,49.38312121708127,0.0</coordinates>
            </Point>
        </Placemark>
        <Placemark id="3971">
            <name>Fürstenweg</name>
            <description>Tiefe: 30–50 cm</description>
            <Point id="3970">
                <coordinates>8.15488560779528,49.382725871693545,0.0</coordinates>
            </Point>
        </Placemark>
        <Placemark id="3973">
            <name>Fürstenweg</name>
            <description>Tiefe: 30–50 cm</description>
            <Point id="3972">
                <coordinates>8.155465707812995,49.383983156883815,0.0</coordinates>
            </Point>
        </Placemark>
        <Placemark id="3975">
            <name>Fürstenweg</name>
            <description>Tiefe: 30–50 cm</description>
            <Point id="3974">
                <coordinates>8.155465707812995,49.383983156883815,0.0</coordinates>
            </Point>
        </Placemark>
        <Placemark id="3977">
            <name>Eckstraße</name>
            <description>Tiefe: 50–100 cm</description>
            <Point id="3976">
                <coordinates>8.134874021345624,49.36035732320941,0.0</coordinates>
            </Point>
        </Placemark>
        <Placemark id="3979">
            <name>Eckstraße</name>
            <description>Tiefe: 50–100 cm</description>
            <Point id="3978">
                <coordinates>8.13637685970835,49.35989320196733,0.0</coordinates>
            </Point>
        </Placemark>
        <Placemark id="3981">
            <name>Eckstraße</name>
            <description>Tiefe: 50–100 cm</description>
            <Point id="3980">
                <coordinates>8.13781777504966,49.360163551820264,0.0</coordinates>
            </Point>
        </Placemark>
        <Placemark id="3983">
            <name>Im Biengarten</name>
            <description>Tiefe: 50–100 cm</description>
            <Point id="3982">
                <coordinates>8.155939972139786,49.382812982948465,0.0</coordinates>
            </Point>
        </Placemark>
        <Placemark id="3985">
            <name>Rieslingweg</name>
            <description>Tiefe: 50–100 cm</description>
            <Point id="3984">
                <coordinates>8.194451107459422,49.40676657599048,0.0</coordinates>
            </Point>
        </Placemark>
        <Placemark id="3987">
            <name>Rieslingweg</name>
            <description>Tiefe: 50–100 cm</description>
            <Point id="3986">
                <coordinates>8.193704051348698,49.40674453748718,0.0</coordinates>
            </Point>
        </Placemark>
        <Placemark id="3989">
            <name>Adolf-Kolping-Straße</name>
            <description>Tiefe: 30–50 cm</description>
            <Point id="3988">
                <coordinates>8.194268974729336,49.406289040438914,0.0</coordinates>
            </Point>
        </Placemark>
        <Placemark id="3991">
            <name>Rieslingweg</name>
            <description>Tiefe: 50–100 cm</description>
            <Point id="3990">
                <coordinates>8.195452750000001,49.4068833,0.0</coordinates>
            </Point>
        </Placemark>
        <Placemark id="3993">
            <name>Silvanerweg</name>
            <description>Tiefe: 50–100 cm</description>
            <Point id="3992">
                <coordinates>8.195343678203852,49.40631872924947,0.0</coordinates>
            </Point>
        </Placemark>
        <Placemark id="3995">
            <name>Rieslingweg</name>
            <description>Tiefe: 50–100 cm</description>
            <Point id="3994">
                <coordinates>8.194451107459422,49.40676657599048,0.0</coordinates>
            </Point>
        </Placemark>
        <Placemark id="3997">
            <name>Vogelsang</name>
            <description>Tiefe: 50–100 cm</description>
            <Point id="3996">
                <coordinates>8.1968555,49.405262449999995,0.0</coordinates>
            </Point>
        </Placemark>
        <Placemark id="3999">
            <name>In der Türkengewanne</name>
            <description>Tiefe: 30–50 cm</description>
            <Point id="3998">
                <coordinates>8.196349297804636,49.4052620769224,0.0</coordinates>
            </Point>
        </Placemark>
        <Placemark id="4001">
            <name>Vogelsang</name>
            <description>Tiefe: 50–100 cm</description>
            <Point id="4000">
                <coordinates>8.196856350000001,49.40556925,0.0</coordinates>
            </Point>
        </Placemark>
        <Placemark id="4003">
            <name>Vogelsang</name>
            <description>Tiefe: 50–100 cm</description>
            <Point id="4002">
                <coordinates>8.1968555,49.405262449999995,0.0</coordinates>
            </Point>
        </Placemark>
        <Placemark id="4005">
            <name>In der Türkengewanne</name>
            <description>Tiefe: 30–50 cm</description>
            <Point id="4004">
                <coordinates>8.196349297804636,49.4052620769224,0.0</coordinates>
            </Point>
        </Placemark>
        <Placemark id="4007">
            <name>Vogelsang</name>
            <description>Tiefe: 50–100 cm</description>
            <Point id="4006">
                <coordinates>8.197235509958011,49.40474174606952,0.0</coordinates>
            </Point>
        </Placemark>
        <Placemark id="4009">
            <name>Vogelsang</name>
            <description>Tiefe: 50–100 cm</description>
            <Point id="4008">
                <coordinates>8.197235509958011,49.40474174606952,0.0</coordinates>
            </Point>
        </Placemark>
        <Placemark id="4011">
            <name>Im Kränzler</name>
            <description>Tiefe: 30–50 cm</description>
            <Point id="4010">
                <coordinates>8.1985986,49.40572935,0.0</coordinates>
            </Point>
        </Placemark>
        <Placemark id="4013">
            <name>Im Kränzler</name>
            <description>Tiefe: 30–50 cm</description>
            <Point id="4012">
                <coordinates>8.198752200000001,49.4049868,0.0</coordinates>
            </Point>
        </Placemark>
        <Placemark id="4015">
            <name>Im Kränzler</name>
            <description>Tiefe: 30–50 cm</description>
            <Point id="4014">
                <coordinates>8.19903668882086,49.40551908594188,0.0</coordinates>
            </Point>
        </Placemark>
        <Placemark id="4017">
            <name>Im Hassert</name>
            <description>Tiefe: 50–100 cm</description>
            <Point id="4016">
                <coordinates>8.199031899193374,49.405257648566945,0.0</coordinates>
            </Point>
        </Placemark>
        <Placemark id="4019">
            <name>Im Hassert</name>
            <description>Tiefe: 50–100 cm</description>
            <Point id="4018">
                <coordinates>8.19957875,49.40571665,0.0</coordinates>
            </Point>
        </Placemark>
        <Placemark id="4021">
            <name>Im Hassert</name>
            <description>Tiefe: 50–100 cm</description>
            <Point id="4020">
                <coordinates>8.19957955,49.405386449999995,0.0</coordinates>
            </Point>
        </Placemark>
        <Placemark id="4023">
            <name>Im Kränzler</name>
            <description>Tiefe: 30–50 cm</description>
            <Point id="4022">
                <coordinates>8.19903668882086,49.40551908594188,0.0</coordinates>
            </Point>
        </Placemark>
        <Placemark id="4025">
            <name>Im Linsenbusch</name>
            <description>Tiefe: 30–50 cm</description>
            <Point id="4024">
                <coordinates>8.20106495,49.40504265,0.0</coordinates>
            </Point>
        </Placemark>
        <Placemark id="4027">
            <name>Im Linsenbusch</name>
            <description>Tiefe: 30–50 cm</description>
            <Point id="4026">
                <coordinates>8.200750208819773,49.40462898607253,0.0</coordinates>
            </Point>
        </Placemark>
        <Placemark id="4029">
            <name>Im Hassert</name>
            <description>Tiefe: 50–100 cm</description>
            <Point id="4028">
                <coordinates>8.20058835,49.40523705,0.0</coordinates>
            </Point>
        </Placemark>
        <Placemark id="4031">
            <name>Im Linsenbusch</name>
            <description>Tiefe: 30–50 cm</description>
            <Point id="4030">
                <coordinates>8.20106495,49.40504265,0.0</coordinates>
            </Point>
        </Placemark>
        <Placemark id="4033">
            <name>Im Linsenbusch</name>
            <description>Tiefe: 30–50 cm</description>
            <Point id="4032">
                <coordinates>8.2009869,49.405552150000005,0.0</coordinates>
            </Point>
        </Placemark>
        <Placemark id="4035">
            <name>Im Kränzler</name>
            <description>Tiefe: 30–50 cm</description>
            <Point id="4034">
                <coordinates>8.198752200000001,49.4049868,0.0</coordinates>
            </Point>
        </Placemark>
        <Placemark id="4037">
            <name>Langenböhl</name>
            <description>Tiefe: 50–100 cm</description>
            <Point id="4036">
                <coordinates>8.2001314,49.40495305,0.0</coordinates>
            </Point>
        </Placemark>
        <Placemark id="4039">
            <name>Im Linsenbusch</name>
            <description>Tiefe: 30–50 cm</description>
            <Point id="4038">
                <coordinates>8.200750208819773,49.40462898607253,0.0</coordinates>
            </Point>
        </Placemark>
        <Placemark id="4041">
            <name>Im Hassert</name>
            <description>Tiefe: 50–100 cm</description>
            <Point id="4040">
                <coordinates>8.199445749999999,49.4052585,0.0</coordinates>
            </Point>
        </Placemark>
        <Placemark id="4043">
            <name>Im Hassert</name>
            <description>Tiefe: 50–100 cm</description>
            <Point id="4042">
                <coordinates>8.199031899193374,49.405257648566945,0.0</coordinates>
            </Point>
        </Placemark>
        <Placemark id="4045">
            <name>Im Hassert</name>
            <description>Tiefe: 50–100 cm</description>
            <Point id="4044">
                <coordinates>8.19957955,49.405386449999995,0.0</coordinates>
            </Point>
        </Placemark>
        <Placemark id="4047">
            <name>Im Hassert</name>
            <description>Tiefe: 50–100 cm</description>
            <Point id="4046">
                <coordinates>8.19985925,49.4052503,0.0</coordinates>
            </Point>
        </Placemark>
        <Placemark id="4049">
            <name>Im Hassert</name>
            <description>Tiefe: 50–100 cm</description>
            <Point id="4048">
                <coordinates>8.199445749999999,49.4052585,0.0</coordinates>
            </Point>
        </Placemark>
        <Placemark id="4051">
            <name>Langenböhl</name>
            <description>Tiefe: 50–100 cm</description>
            <Point id="4050">
                <coordinates>8.2001314,49.40495305,0.0</coordinates>
            </Point>
        </Placemark>
        <Placemark id="4053">
            <name>Langenböhl</name>
            <description>Tiefe: 50–100 cm</description>
            <Point id="4052">
                <coordinates>8.200144600000002,49.4055767,0.0</coordinates>
            </Point>
        </Placemark>
        <Placemark id="4055">
            <name>Im Hassert</name>
            <description>Tiefe: 50–100 cm</description>
            <Point id="4054">
                <coordinates>8.20058835,49.40523705,0.0</coordinates>
            </Point>
        </Placemark>
        <Placemark id="4057">
            <name>Im Hassert</name>
            <description>Tiefe: 50–100 cm</description>
            <Point id="4056">
                <coordinates>8.19985925,49.4052503,0.0</coordinates>
            </Point>
        </Placemark>
        <Placemark id="4059">
            <name>Bürgermeister-Oberhettinger-Straße</name>
            <description>Tiefe: 30–50 cm</description>
            <Point id="4058">
                <coordinates>8.1990892,49.40592075,0.0</coordinates>
            </Point>
        </Placemark>
        <Placemark id="4061">
            <name>Im Kränzler</name>
            <description>Tiefe: 30–50 cm</description>
            <Point id="4060">
                <coordinates>8.1985986,49.40572935,0.0</coordinates>
            </Point>
        </Placemark>
        <Placemark id="4063">
            <name>Bürgermeister-Oberhettinger-Straße</name>
            <description>Tiefe: 30–50 cm</description>
            <Point id="4062">
                <coordinates>8.19773812074011,49.40593692848479,0.0</coordinates>
            </Point>
        </Placemark>
        <Placemark id="4065">
            <name>Silvanerweg</name>
            <description>Tiefe: 50–100 cm</description>
            <Point id="4064">
                <coordinates>8.19651625,49.40648195,0.0</coordinates>
            </Point>
        </Placemark>
        <Placemark id="4067">
            <name>Silvanerweg</name>
            <description>Tiefe: 50–100 cm</description>
            <Point id="4066">
                <coordinates>8.196252189070254,49.40673199056199,0.0</coordinates>
            </Point>
        </Placemark>
        <Placemark id="4069">
            <name>Silvanerweg</name>
            <description>Tiefe: 50–100 cm</description>
            <Point id="4068">
                <coordinates>8.195343678203852,49.40631872924947,0.0</coordinates>
            </Point>
        </Placemark>
        <Placemark id="4071">
            <name>Silvanerweg</name>
            <description>Tiefe: 50–100 cm</description>
            <Point id="4070">
                <coordinates>8.1968461,49.4064749,0.0</coordinates>
            </Point>
        </Placemark>
        <Placemark id="4073">
            <name>Silvanerweg</name>
            <description>Tiefe: 50–100 cm</description>
            <Point id="4072">
                <coordinates>8.19651625,49.40648195,0.0</coordinates>
            </Point>
        </Placemark>
        <Placemark id="4075">
            <name>Vogelsang</name>
            <description>Tiefe: 50–100 cm</description>
            <Point id="4074">
                <coordinates>8.196761841185479,49.40621254617858,0.0</coordinates>
            </Point>
        </Placemark>
        <Placemark id="4077">
            <name>Vogelsang</name>
            <description>Tiefe: 50–100 cm</description>
            <Point id="4076">
                <coordinates>8.19678425,49.4065387,0.0</coordinates>
            </Point>
        </Placemark>
        <Placemark id="4079">
            <name>Bacchusweg</name>
            <description>Tiefe: 50–100 cm</description>
            <Point id="4078">
                <coordinates>8.198232749999999,49.40677245,0.0</coordinates>
            </Point>
        </Placemark>
        <Placemark id="4081">
            <name>Bacchusweg</name>
            <description>Tiefe: 50–100 cm</description>
            <Point id="4080">
                <coordinates>8.1982245,49.406430799999995,0.0</coordinates>
            </Point>
        </Placemark>
        <Placemark id="4083">
            <name>Bacchusweg</name>
            <description>Tiefe: 50–100 cm</description>
            <Point id="4082">
                <coordinates>8.1982245,49.406430799999995,0.0</coordinates>
            </Point>
        </Placemark>
        <Placemark id="4085">
            <name>Burgunderweg</name>
            <description>Tiefe: 30–50 cm</description>
            <Point id="4084">
                <coordinates>8.19866925,49.40627125,0.0</coordinates>
            </Point>
        </Placemark>
        <Placemark id="4087">
            <name>Burgunderweg</name>
            <description>Tiefe: 30–50 cm</description>
            <Point id="4086">
                <coordinates>8.197664202793034,49.40627777818225,0.0</coordinates>
            </Point>
        </Placemark>
        <Placemark id="4089">
            <name>Zyriakusweg</name>
            <description>Tiefe: 50–100 cm</description>
            <Point id="4088">
                <coordinates>8.1974234,49.40685685,0.0</coordinates>
            </Point>
        </Placemark>
        <Placemark id="4091">
            <name>Burgunderweg</name>
            <description>Tiefe: 30–50 cm</description>
            <Point id="4090">
                <coordinates>8.197664202793034,49.40627777818225,0.0</coordinates>
            </Point>
        </Placemark>
        <Placemark id="4093">
            <name>Rieslingweg</name>
            <description>Tiefe: 50–100 cm</description>
            <Point id="4092">
                <coordinates>8.19655585,49.407011749999995,0.0</coordinates>
            </Point>
        </Placemark>
        <Placemark id="4095">
            <name>Rieslingweg</name>
            <description>Tiefe: 50–100 cm</description>
            <Point id="4094">
                <coordinates>8.19715105,49.40708165,0.0</coordinates>
            </Point>
        </Placemark>
        <Placemark id="4097">
            <name>Vogelsang</name>
            <description>Tiefe: 50–100 cm</description>
            <Point id="4096">
                <coordinates>8.196868850000001,49.40702805,0.0</coordinates>
            </Point>
        </Placemark>
        <Placemark id="4099">
            <name>Rieslingweg</name>
            <description>Tiefe: 50–100 cm</description>
            <Point id="4098">
                <coordinates>8.19655585,49.407011749999995,0.0</coordinates>
            </Point>
        </Placemark>
        <Placemark id="4101">
            <name>Rieslingweg</name>
            <description>Tiefe: 50–100 cm</description>
            <Point id="4100">
                <coordinates>8.195452750000001,49.4068833,0.0</coordinates>
            </Point>
        </Placemark>
        <Placemark id="4103">
            <name>Silvanerweg</name>
            <description>Tiefe: 50–100 cm</description>
            <Point id="4102">
                <coordinates>8.196252189070254,49.40673199056199,0.0</coordinates>
            </Point>
        </Placemark>
        <Placemark id="4105">
            <name>Zyriakusweg</name>
            <description>Tiefe: 50–100 cm</description>
            <Point id="4104">
                <coordinates>8.1974234,49.40685685,0.0</coordinates>
            </Point>
        </Placemark>
        <Placemark id="4107">
            <name>Rieslingweg</name>
            <description>Tiefe: 50–100 cm</description>
            <Point id="4106">
                <coordinates>8.197834799999999,49.407161200000004,0.0</coordinates>
            </Point>
        </Placemark>
        <Placemark id="4109">
            <name>Rieslingweg</name>
            <description>Tiefe: 50–100 cm</description>
            <Point id="4108">
                <coordinates>8.19715105,49.40708165,0.0</coordinates>
            </Point>
        </Placemark>
        <Placemark id="4111">
            <name>Portugieserweg</name>
            <description>Tiefe: 50–100 cm</description>
            <Point id="4110">
                <coordinates>8.1986817,49.40695625,0.0</coordinates>
            </Point>
        </Placemark>
        <Placemark id="4113">
            <name>Bacchusweg</name>
            <description>Tiefe: 50–100 cm</description>
            <Point id="4112">
                <coordinates>8.198236649999998,49.407082849999995,0.0</coordinates>
            </Point>
        </Placemark>
        <Placemark id="4115">
            <name>Bacchusweg</name>
            <description>Tiefe: 50–100 cm</description>
            <Point id="4114">
                <coordinates>8.198232749999999,49.40677245,0.0</coordinates>
            </Point>
        </Placemark>
        <Placemark id="4117">
            <name>Bacchusweg</name>
            <description>Tiefe: 50–100 cm</description>
            <Point id="4116">
                <coordinates>8.198236649999998,49.407082849999995,0.0</coordinates>
            </Point>
        </Placemark>
        <Placemark id="4119">
            <name>Rieslingweg</name>
            <description>Tiefe: 50–100 cm</description>
            <Point id="4118">
                <coordinates>8.1986849,49.40726065,0.0</coordinates>
            </Point>
        </Placemark>
        <Placemark id="4121">
            <name>Rieslingweg</name>
            <description>Tiefe: 50–100 cm</description>
            <Point id="4120">
                <coordinates>8.197834799999999,49.407161200000004,0.0</coordinates>
            </Point>
        </Placemark>
        <Placemark id="4123">
            <name>Bürgermeister-Oberhettinger-Straße</name>
            <description>Tiefe: 30–50 cm</description>
            <Point id="4122">
                <coordinates>8.1990892,49.40592075,0.0</coordinates>
            </Point>
        </Placemark>
        <Placemark id="4125">
            <name>Im Hassert</name>
            <description>Tiefe: 50–100 cm</description>
            <Point id="4124">
                <coordinates>8.19957875,49.40571665,0.0</coordinates>
            </Point>
        </Placemark>
        <Placemark id="4127">
            <name>Bürgermeister-Oberhettinger-Straße</name>
            <description>Tiefe: 30–50 cm</description>
            <Point id="4126">
                <coordinates>8.199865356231689,49.40591505641544,0.0</coordinates>
            </Point>
        </Placemark>
        <Placemark id="4129">
            <name>Bürgermeister-Oberhettinger-Straße</name>
            <description>Tiefe: 30–50 cm</description>
            <Point id="4128">
                <coordinates>8.20054065,49.405907049999996,0.0</coordinates>
            </Point>
        </Placemark>
        <Placemark id="4131">
            <name>Langenböhl</name>
            <description>Tiefe: 50–100 cm</description>
            <Point id="4130">
                <coordinates>8.200144600000002,49.4055767,0.0</coordinates>
            </Point>
        </Placemark>
        <Placemark id="4133">
            <name>Bürgermeister-Oberhettinger-Straße</name>
            <description>Tiefe: 30–50 cm</description>
            <Point id="4132">
                <coordinates>8.199865356231689,49.40591505641544,0.0</coordinates>
            </Point>
        </Placemark>
        <Placemark id="4135">
            <name>Im Linsenbusch</name>
            <description>Tiefe: 30–50 cm</description>
            <Point id="4134">
                <coordinates>8.200890600000001,49.406116850000004,0.0</coordinates>
            </Point>
        </Placemark>
        <Placemark id="4137">
            <name>Im Linsenbusch</name>
            <description>Tiefe: 30–50 cm</description>
            <Point id="4136">
                <coordinates>8.200760114545895,49.4069395398849,0.0</coordinates>
            </Point>
        </Placemark>
        <Placemark id="4139">
            <name>Am Weinbach</name>
            <description>Tiefe: 50–100 cm</description>
            <Point id="4138">
                <coordinates>8.201289361619985,49.406370216540644,0.0</coordinates>
            </Point>
        </Placemark>
        <Placemark id="4141">
            <name>Burgunderweg</name>
            <description>Tiefe: 30–50 cm</description>
            <Point id="4140">
                <coordinates>8.199668261158838,49.40626373439291,0.0</coordinates>
            </Point>
        </Placemark>
        <Placemark id="4143">
            <name>Burgunderweg</name>
            <description>Tiefe: 30–50 cm</description>
            <Point id="4142">
                <coordinates>8.19866925,49.40627125,0.0</coordinates>
            </Point>
        </Placemark>
        <Placemark id="4145">
            <name>Burgunderweg</name>
            <description>Tiefe: 30–50 cm</description>
            <Point id="4144">
                <coordinates>8.199668261158838,49.40626373439291,0.0</coordinates>
            </Point>
        </Placemark>
        <Placemark id="4147">
            <name>Im Linsenbusch</name>
            <description>Tiefe: 30–50 cm</description>
            <Point id="4146">
                <coordinates>8.200760114545895,49.4069395398849,0.0</coordinates>
            </Point>
        </Placemark>
        <Placemark id="4149">
            <name>Rieslingweg</name>
            <description>Tiefe: 50–100 cm</description>
            <Point id="4148">
                <coordinates>8.201785338662784,49.40772475204991,0.0</coordinates>
            </Point>
        </Placemark>
        <Placemark id="4151">
            <name>Rieslingweg</name>
            <description>Tiefe: 50–100 cm</description>
            <Point id="4150">
                <coordinates>8.199903029009164,49.40742211688663,0.0</coordinates>
            </Point>
        </Placemark>
        <Placemark id="4153">
            <name>Portugieserweg</name>
            <description>Tiefe: 50–100 cm</description>
            <Point id="4152">
                <coordinates>8.1986817,49.40695625,0.0</coordinates>
            </Point>
        </Placemark>
        <Placemark id="4155">
            <name>Rieslingweg</name>
            <description>Tiefe: 50–100 cm</description>
            <Point id="4154">
                <coordinates>8.1986849,49.40726065,0.0</coordinates>
            </Point>
        </Placemark>
        <Placemark id="4157">
            <name>Rieslingweg</name>
            <description>Tiefe: 50–100 cm</description>
            <Point id="4156">
                <coordinates>8.199903029009164,49.40742211688663,0.0</coordinates>
            </Point>
        </Placemark>
        <Placemark id="4159">
            <name>Am Weinbach</name>
            <description>Tiefe: 50–100 cm</description>
            <Point id="4158">
                <coordinates>8.201289361619985,49.406370216540644,0.0</coordinates>
            </Point>
        </Placemark>
        <Placemark id="4161">
            <name>Hauptstraße</name>
            <description>Tiefe: 30–50 cm</description>
            <Point id="4160">
                <coordinates>8.067805,49.3731996,0.0</coordinates>
            </Point>
        </Placemark>
        <Placemark id="4163">
            <name>Hauptstraße</name>
            <description>Tiefe: 30–50 cm</description>
            <Point id="4162">
                <coordinates>8.0685611696527,49.373084339714936,0.0</coordinates>
            </Point>
        </Placemark>
        <Placemark id="4165">
            <name>Walter-Rathenau-Straße</name>
            <description>Tiefe: 30–50 cm</description>
            <Point id="4164">
                <coordinates>8.06692185,49.3730232,0.0</coordinates>
            </Point>
        </Placemark>
        <Placemark id="4167">
            <name>Walter-Rathenau-Straße</name>
            <description>Tiefe: 30–50 cm</description>
            <Point id="4166">
                <coordinates>8.066831312866748,49.372194511263224,0.0</coordinates>
            </Point>
        </Placemark>
        <Placemark id="4169">
            <name>Klostergartenstraße</name>
            <description>Tiefe: 30–50 cm</description>
            <Point id="4168">
                <coordinates>8.0679731,49.37202145,0.0</coordinates>
            </Point>
        </Placemark>
        <Placemark id="4171">
            <name>Klostergartenstraße</name>
            <description>Tiefe: 30–50 cm</description>
            <Point id="4170">
                <coordinates>8.069134570638326,49.37198350278415,0.0</coordinates>
            </Point>
        </Placemark>
        <Placemark id="4173">
            <name>Fröbelstraße</name>
            <description>Tiefe: 30–50 cm</description>
            <Point id="4172">
                <coordinates>8.068404203460512,49.372476727475835,0.0</coordinates>
            </Point>
        </Placemark>
        <Placemark id="4175">
            <name>Fröbelstraße</name>
            <description>Tiefe: 30–50 cm</description>
            <Point id="4174">
                <coordinates>8.068404203460512,49.372476727475835,0.0</coordinates>
            </Point>
        </Placemark>
        <Placemark id="4177">
            <name>Raiffeisenstraße</name>
            <description>Tiefe: 50–100 cm</description>
            <Point id="4176">
                <coordinates>8.14984415,49.306169800000006,0.0</coordinates>
            </Point>
        </Placemark>
        <Placemark id="4179">
            <name>Raiffeisenstraße</name>
            <description>Tiefe: 50–100 cm</description>
            <Point id="4178">
                <coordinates>8.1512669156615,49.3057392073465,0.0</coordinates>
            </Point>
        </Placemark>
        <Placemark id="4181">
            <name>Raiffeisenstraße</name>
            <description>Tiefe: 50–100 cm</description>
            <Point id="4180">
                <coordinates>8.148498988418089,49.30586714956859,0.0</coordinates>
            </Point>
        </Placemark>
        <Placemark id="4183">
            <name>Talstraße</name>
            <description>Tiefe: 30–50 cm</description>
            <Point id="4182">
                <coordinates>8.052251519056027,49.37647815409344,0.0</coordinates>
            </Point>
        </Placemark>
        <Placemark id="4185">
            <name>Talstraße</name>
            <description>Tiefe: 30–50 cm</description>
            <Point id="4184">
                <coordinates>8.052906432570989,49.37711158722174,0.0</coordinates>
            </Point>
        </Placemark>
        <Placemark id="4187">
            <name>Joppenholzstraße</name>
            <description>Tiefe: 50–100 cm</description>
            <Point id="4186">
                <coordinates>8.093960600885787,49.38164453645072,0.0</coordinates>
            </Point>
        </Placemark>
        <Placemark id="4189">
            <name>Joppenholzstraße</name>
            <description>Tiefe: 50–100 cm</description>
            <Point id="4188">
                <coordinates>8.093960600885787,49.38164453645072,0.0</coordinates>
            </Point>
        </Placemark>
        <Placemark id="4191">
            <name>Spelzenackerstraße</name>
            <description>Tiefe: 50–100 cm</description>
            <Point id="4190">
                <coordinates>8.095725353417297,49.381044041587735,0.0</coordinates>
            </Point>
        </Placemark>
        <Placemark id="4193">
            <name>Joppenholzstraße</name>
            <description>Tiefe: 50–100 cm</description>
            <Point id="4192">
                <coordinates>8.096558081584309,49.38143891219476,0.0</coordinates>
            </Point>
        </Placemark>
        <Placemark id="4195">
            <name>Bachstraße</name>
            <description>Tiefe: 50–100 cm</description>
            <Point id="4194">
                <coordinates>8.097394265106976,49.38260756936927,0.0</coordinates>
            </Point>
        </Placemark>
        <Placemark id="4197">
            <name>Joppenholzstraße</name>
            <description>Tiefe: 50–100 cm</description>
            <Point id="4196">
                <coordinates>8.097471368853112,49.38212126452774,0.0</coordinates>
            </Point>
        </Placemark>
        <Placemark id="4199">
            <name>Joppenholzstraße</name>
            <description>Tiefe: 50–100 cm</description>
            <Point id="4198">
                <coordinates>8.096558081584309,49.38143891219476,0.0</coordinates>
            </Point>
        </Placemark>
        <Placemark id="4201">
            <name>Hauptstraße</name>
            <description>Tiefe: 30–50 cm</description>
            <Point id="4200">
                <coordinates>8.097593863170358,49.38148031152922,0.0</coordinates>
            </Point>
        </Placemark>
        <Placemark id="4203">
            <name>Hauptstraße</name>
            <description>Tiefe: 30–50 cm</description>
            <Point id="4202">
                <coordinates>8.097721143183657,49.38241431872259,0.0</coordinates>
            </Point>
        </Placemark>
        <Placemark id="4205">
            <name>Joppenholzstraße</name>
            <description>Tiefe: 50–100 cm</description>
            <Point id="4204">
                <coordinates>8.097471368853112,49.38212126452774,0.0</coordinates>
            </Point>
        </Placemark>
        <Placemark id="4207">
            <name>Mauerweg</name>
            <description>Tiefe: 50–100 cm</description>
            <Point id="4206">
                <coordinates>8.097883681602264,49.385478996392905,0.0</coordinates>
            </Point>
        </Placemark>
        <Placemark id="4209">
            <name>Schillerstraße</name>
            <description>Tiefe: 50–100 cm</description>
            <Point id="4208">
                <coordinates>8.17927165,49.40506365,0.0</coordinates>
            </Point>
        </Placemark>
        <Placemark id="4211">
            <name>Berliner Straße</name>
            <description>Tiefe: 30–50 cm</description>
            <Point id="4210">
                <coordinates>8.180416315938789,49.40505126120973,0.0</coordinates>
            </Point>
        </Placemark>
        <Placemark id="4213">
            <name>Mühltalstraße</name>
            <description>Tiefe: 50–100 cm</description>
            <Point id="4212">
                <coordinates>8.178303476811418,49.4048818920339,0.0</coordinates>
            </Point>
        </Placemark>
        <Placemark id="4215">
            <name>Berliner Straße</name>
            <description>Tiefe: 30–50 cm</description>
            <Point id="4214">
                <coordinates>8.180416315938789,49.40505126120973,0.0</coordinates>
            </Point>
        </Placemark>
        <Placemark id="4217">
            <name>Obere Hofstückstraße</name>
            <description>Tiefe: 30–50 cm</description>
            <Point id="4216">
                <coordinates>8.181949780423004,49.404967732195146,0.0</coordinates>
            </Point>
        </Placemark>
        <Placemark id="4219">
            <name>Obere Hofstückstraße</name>
            <description>Tiefe: 30–50 cm</description>
            <Point id="4218">
                <coordinates>8.18132675841613,49.40530828217782,0.0</coordinates>
            </Point>
        </Placemark>
        <Placemark id="4221">
            <name>Mühltalstraße</name>
            <description>Tiefe: 50–100 cm</description>
            <Point id="4220">
                <coordinates>8.180057900000001,49.4060236,0.0</coordinates>
            </Point>
        </Placemark>
        <Placemark id="4223">
            <name>Mühltalstraße</name>
            <description>Tiefe: 50–100 cm</description>
            <Point id="4222">
                <coordinates>8.179508943410143,49.4058781968851,0.0</coordinates>
            </Point>
        </Placemark>
        <Placemark id="4225">
            <name>Kardinal-Wendel-Straße</name>
            <description>Tiefe: 30–50 cm</description>
            <Point id="4224">
                <coordinates>8.17969823041926,49.40659750979396,0.0</coordinates>
            </Point>
        </Placemark>
        <Placemark id="4227">
            <name>Obere Hofstückstraße</name>
            <description>Tiefe: 30–50 cm</description>
            <Point id="4226">
                <coordinates>8.18132675841613,49.40530828217782,0.0</coordinates>
            </Point>
        </Placemark>
        <Placemark id="4229">
            <name>Habergartenstraße</name>
            <description>Tiefe: 50–100 cm</description>
            <Point id="4228">
                <coordinates>8.181794539705525,49.40557278150316,0.0</coordinates>
            </Point>
        </Placemark>
        <Placemark id="4231">
            <name>Habergartenstraße</name>
            <description>Tiefe: 50–100 cm</description>
            <Point id="4230">
                <coordinates>8.18078323280995,49.40549292549736,0.0</coordinates>
            </Point>
        </Placemark>
        <Placemark id="4233">
            <name>Obere Hofstückstraße</name>
            <description>Tiefe: 30–50 cm</description>
            <Point id="4232">
                <coordinates>8.181185863473415,49.40593467210809,0.0</coordinates>
            </Point>
        </Placemark>
        <Placemark id="4235">
            <name>Mühltalstraße</name>
            <description>Tiefe: 50–100 cm</description>
            <Point id="4234">
                <coordinates>8.1803873,49.406116350000005,0.0</coordinates>
            </Point>
        </Placemark>
        <Placemark id="4237">
            <name>Mühltalstraße</name>
            <description>Tiefe: 50–100 cm</description>
            <Point id="4236">
                <coordinates>8.180852550000001,49.40624675,0.0</coordinates>
            </Point>
        </Placemark>
        <Placemark id="4239">
            <name>Prälat-Hartz-Straße</name>
            <description>Tiefe: 50–100 cm</description>
            <Point id="4238">
                <coordinates>8.180365040445425,49.40681713212964,0.0</coordinates>
            </Point>
        </Placemark>
        <Placemark id="4241">
            <name>Mühltalstraße</name>
            <description>Tiefe: 50–100 cm</description>
            <Point id="4240">
                <coordinates>8.180057900000001,49.4060236,0.0</coordinates>
            </Point>
        </Placemark>
        <Placemark id="4243">
            <name>Mühltalstraße</name>
            <description>Tiefe: 50–100 cm</description>
            <Point id="4242">
                <coordinates>8.1803873,49.406116350000005,0.0</coordinates>
            </Point>
        </Placemark>
        <Placemark id="4245">
            <name>St.-Urban-Straße</name>
            <description>Tiefe: 50–100 cm</description>
            <Point id="4244">
                <coordinates>8.1802349,49.405738,0.0</coordinates>
            </Point>
        </Placemark>
        <Placemark id="4247">
            <name>Habergartenstraße</name>
            <description>Tiefe: 50–100 cm</description>
            <Point id="4246">
                <coordinates>8.179766,49.40535305,0.0</coordinates>
            </Point>
        </Placemark>
        <Placemark id="4249">
            <name>St.-Urban-Straße</name>
            <description>Tiefe: 50–100 cm</description>
            <Point id="4248">
                <coordinates>8.1802349,49.405738,0.0</coordinates>
            </Point>
        </Placemark>
        <Placemark id="4251">
            <name>Habergartenstraße</name>
            <description>Tiefe: 50–100 cm</description>
            <Point id="4250">
                <coordinates>8.18078323280995,49.40549292549736,0.0</coordinates>
            </Point>
        </Placemark>
        <Placemark id="4253">
            <name>Dalbergstraße</name>
            <description>Tiefe: 30–50 cm</description>
            <Point id="4252">
                <coordinates>8.18164955,49.407024,0.0</coordinates>
            </Point>
        </Placemark>
        <Placemark id="4255">
            <name>Friedhofweg</name>
            <description>Tiefe: 30–50 cm</description>
            <Point id="4254">
                <coordinates>8.1822889,49.4073082,0.0</coordinates>
            </Point>
        </Placemark>
        <Placemark id="4257">
            <name>Friedhofweg</name>
            <description>Tiefe: 30–50 cm</description>
            <Point id="4256">
                <coordinates>8.1822595,49.40690885,0.0</coordinates>
            </Point>
        </Placemark>
        <Placemark id="4259">
            <name>Dalbergstraße</name>
            <description>Tiefe: 30–50 cm</description>
            <Point id="4258">
                <coordinates>8.18164955,49.407024,0.0</coordinates>
            </Point>
        </Placemark>
        <Placemark id="4261">
            <name>Ringstraße</name>
            <description>Tiefe: 50–100 cm</description>
            <Point id="4260">
                <coordinates>8.18105945785769,49.40731420442145,0.0</coordinates>
            </Point>
        </Placemark>
        <Placemark id="4263">
            <name>Ringstraße</name>
            <description>Tiefe: 50–100 cm</description>
            <Point id="4262">
                <coordinates>8.18103588643804,49.40664862094428,0.0</coordinates>
            </Point>
        </Placemark>
        <Placemark id="4265">
            <name>Habergartenstraße</name>
            <description>Tiefe: 50–100 cm</description>
            <Point id="4264">
                <coordinates>8.181794539705525,49.40557278150316,0.0</coordinates>
            </Point>
        </Placemark>
        <Placemark id="4267">
            <name>Habergartenstraße</name>
            <description>Tiefe: 50–100 cm</description>
            <Point id="4266">
                <coordinates>8.182325264819053,49.40618076682469,0.0</coordinates>
            </Point>
        </Placemark>
        <Placemark id="4269">
            <name>Habergartenstraße</name>
            <description>Tiefe: 50–100 cm</description>
            <Point id="4268">
                <coordinates>8.182919474208306,49.40560164713667,0.0</coordinates>
            </Point>
        </Placemark>
        <Placemark id="4271">
            <name>Friedhofweg</name>
            <description>Tiefe: 30–50 cm</description>
            <Point id="4270">
                <coordinates>8.182510361416515,49.40789445567517,0.0</coordinates>
            </Point>
        </Placemark>
        <Placemark id="4273">
            <name>Weinstraße</name>
            <description>Tiefe: 30–50 cm</description>
            <Point id="4272">
                <coordinates>8.1858674,49.4045933,0.0</coordinates>
            </Point>
        </Placemark>
        <Placemark id="4275">
            <name>Weinstraße</name>
            <description>Tiefe: 30–50 cm</description>
            <Point id="4274">
                <coordinates>8.185794427443737,49.40502124083697,0.0</coordinates>
            </Point>
        </Placemark>
        <Placemark id="4277">
            <name>Mandelring</name>
            <description>Tiefe: 50–100 cm</description>
            <Point id="4276">
                <coordinates>8.18663404894901,49.40469234610221,0.0</coordinates>
            </Point>
        </Placemark>
        <Placemark id="4279">
            <name>An der Marlach</name>
            <description>Tiefe: 30–50 cm</description>
            <Point id="4278">
                <coordinates>8.1878826,49.4046829,0.0</coordinates>
            </Point>
        </Placemark>
        <Placemark id="4281">
            <name>Mandelring</name>
            <description>Tiefe: 50–100 cm</description>
            <Point id="4280">
                <coordinates>8.187425140950948,49.40508545639916,0.0</coordinates>
            </Point>
        </Placemark>
        <Placemark id="4283">
            <name>Mandelring</name>
            <description>Tiefe: 50–100 cm</description>
            <Point id="4282">
                <coordinates>8.18663404894901,49.40469234610221,0.0</coordinates>
            </Point>
        </Placemark>
        <Placemark id="4285">
            <name>Mandelring</name>
            <description>Tiefe: 50–100 cm</description>
            <Point id="4284">
                <coordinates>8.187425140950948,49.40508545639916,0.0</coordinates>
            </Point>
        </Placemark>
        <Placemark id="4287">
            <name>Kirschgartenstraße</name>
            <description>Tiefe: 30–50 cm</description>
            <Point id="4286">
                <coordinates>8.18790824357543,49.40594371037262,0.0</coordinates>
            </Point>
        </Placemark>
        <Placemark id="4289">
            <name>An der Marlach</name>
            <description>Tiefe: 30–50 cm</description>
            <Point id="4288">
                <coordinates>8.1878826,49.4046829,0.0</coordinates>
            </Point>
        </Placemark>
        <Placemark id="4291">
            <name>An der Marlach</name>
            <description>Tiefe: 30–50 cm</description>
            <Point id="4290">
                <coordinates>8.188487084061839,49.40519430521946,0.0</coordinates>
            </Point>
        </Placemark>
        <Placemark id="4293">
            <name>An der Marlach</name>
            <description>Tiefe: 30–50 cm</description>
            <Point id="4292">
                <coordinates>8.188743406868813,49.404674127553655,0.0</coordinates>
            </Point>
        </Placemark>
        <Placemark id="4295">
            <name>An der Marlach</name>
            <description>Tiefe: 30–50 cm</description>
            <Point id="4294">
                <coordinates>8.188743406868813,49.404674127553655,0.0</coordinates>
            </Point>
        </Placemark>
        <Placemark id="4297">
            <name>Im Altenschemel</name>
            <description>Tiefe: 30–50 cm</description>
            <Point id="4296">
                <coordinates>8.22103402918706,49.33663958936716,0.0</coordinates>
            </Point>
        </Placemark>
        <Placemark id="4299">
            <name>Im Altenschemel</name>
            <description>Tiefe: 30–50 cm</description>
            <Point id="4298">
                <coordinates>8.223380898239697,49.3375502698045,0.0</coordinates>
            </Point>
        </Placemark>
        <Placemark id="4301">
            <name>Im Altenschemel</name>
            <description>Tiefe: 30–50 cm</description>
            <Point id="4300">
                <coordinates>8.220504780278612,49.33561074849181,0.0</coordinates>
            </Point>
        </Placemark>
        <Placemark id="4303">
            <name>Deichelgasse</name>
            <description>Tiefe: 50–100 cm</description>
            <Point id="4302">
                <coordinates>8.1816622,49.40653445,0.0</coordinates>
            </Point>
        </Placemark>
        <Placemark id="4305">
            <name>Friedhofweg</name>
            <description>Tiefe: 30–50 cm</description>
            <Point id="4304">
                <coordinates>8.1822595,49.40690885,0.0</coordinates>
            </Point>
        </Placemark>
        <Placemark id="4307">
            <name>Habergartenstraße</name>
            <description>Tiefe: 50–100 cm</description>
            <Point id="4306">
                <coordinates>8.182325264819053,49.40618076682469,0.0</coordinates>
            </Point>
        </Placemark>
        <Placemark id="4309">
            <name>Deichelgasse</name>
            <description>Tiefe: 50–100 cm</description>
            <Point id="4308">
                <coordinates>8.183038640959003,49.406932174695186,0.0</coordinates>
            </Point>
        </Placemark>
        <Placemark id="4311">
            <name>Wassergasse</name>
            <description>Tiefe: 50–100 cm</description>
            <Point id="4310">
                <coordinates>8.1872033606246,49.40674057131984,0.0</coordinates>
            </Point>
        </Placemark>
        <Placemark id="4313">
            <name>Weinstraße</name>
            <description>Tiefe: 30–50 cm</description>
            <Point id="4312">
                <coordinates>8.186327923855433,49.40607452033855,0.0</coordinates>
            </Point>
        </Placemark>
        <Placemark id="4315">
            <name>Weinstraße</name>
            <description>Tiefe: 30–50 cm</description>
            <Point id="4314">
                <coordinates>8.18703612519024,49.407222848186734,0.0</coordinates>
            </Point>
        </Placemark>
        <Placemark id="4317">
            <name>Weinstraße</name>
            <description>Tiefe: 30–50 cm</description>
            <Point id="4316">
                <coordinates>8.185794427443737,49.40502124083697,0.0</coordinates>
            </Point>
        </Placemark>
        <Placemark id="4319">
            <name>Königsgarten</name>
            <description>Tiefe: 50–100 cm</description>
            <Point id="4318">
                <coordinates>8.185571078253416,49.40547371871218,0.0</coordinates>
            </Point>
        </Placemark>
        <Placemark id="4321">
            <name>Kirschgartenstraße</name>
            <description>Tiefe: 30–50 cm</description>
            <Point id="4320">
                <coordinates>8.18662658340237,49.40534295198106,0.0</coordinates>
            </Point>
        </Placemark>
        <Placemark id="4323">
            <name>Weinstraße</name>
            <description>Tiefe: 30–50 cm</description>
            <Point id="4322">
                <coordinates>8.186327923855433,49.40607452033855,0.0</coordinates>
            </Point>
        </Placemark>
        <Placemark id="4325">
            <name>Freiheitstraße</name>
            <description>Tiefe: 50–100 cm</description>
            <Point id="4324">
                <coordinates>8.116139614481495,49.32591737879807,0.0</coordinates>
            </Point>
        </Placemark>
        <Placemark id="4327">
            <name>Freiheitstraße</name>
            <description>Tiefe: 50–100 cm</description>
            <Point id="4326">
                <coordinates>8.116669310587543,49.33069810892274,0.0</coordinates>
            </Point>
        </Placemark>
        <Placemark id="4329">
            <name>Hauptstraße</name>
            <description>Tiefe: 30–50 cm</description>
            <Point id="4328">
                <coordinates>8.095131863199708,49.3741232651803,0.0</coordinates>
            </Point>
        </Placemark>
        <Placemark id="4331">
            <name>Schloßwiese</name>
            <description>Tiefe: 30–50 cm</description>
            <Point id="4330">
                <coordinates>8.19186611753004,49.40600387584453,0.0</coordinates>
            </Point>
        </Placemark>
        <Placemark id="4333">
            <name>Schloßwiese</name>
            <description>Tiefe: 30–50 cm</description>
            <Point id="4332">
                <coordinates>8.192710467957774,49.40600581951433,0.0</coordinates>
            </Point>
        </Placemark>
        <Placemark id="4335">
            <name>Schloßwiese</name>
            <description>Tiefe: 30–50 cm</description>
            <Point id="4334">
                <coordinates>8.192112655839875,49.406450197529324,0.0</coordinates>
            </Point>
        </Placemark>
        <Placemark id="4337">
            <name>Schloßwiese</name>
            <description>Tiefe: 30–50 cm</description>
            <Point id="4336">
                <coordinates>8.19293755,49.40688265,0.0</coordinates>
            </Point>
        </Placemark>
        <Placemark id="4339">
            <name>Dr.-Julius-Siben-Straße</name>
            <description>Tiefe: 50–100 cm</description>
            <Point id="4338">
                <coordinates>8.18443235,49.405276799999996,0.0</coordinates>
            </Point>
        </Placemark>
        <Placemark id="4341">
            <name>Dr.-Julius-Siben-Straße</name>
            <description>Tiefe: 50–100 cm</description>
            <Point id="4340">
                <coordinates>8.18443235,49.405276799999996,0.0</coordinates>
            </Point>
        </Placemark>
        <Placemark id="4343">
            <name>Königsgartenstraße</name>
            <description>Tiefe: 50–100 cm</description>
            <Point id="4342">
                <coordinates>8.183921842989458,49.405612419750994,0.0</coordinates>
            </Point>
        </Placemark>
        <Placemark id="4345">
            <name>Königsgartenstraße</name>
            <description>Tiefe: 50–100 cm</description>
            <Point id="4344">
                <coordinates>8.184835425130021,49.40565676111737,0.0</coordinates>
            </Point>
        </Placemark>
        <Placemark id="4347">
            <name>Raiffeisenstraße</name>
            <description>Tiefe: 50–100 cm</description>
            <Point id="4346">
                <coordinates>8.136940264925089,49.30769768667674,0.0</coordinates>
            </Point>
        </Placemark>
        <Placemark id="4349">
            <name>Maxburgstraße</name>
            <description>Tiefe: 30–50 cm</description>
            <Point id="4348">
                <coordinates>8.127885464170449,49.30937904859884,0.0</coordinates>
            </Point>
        </Placemark>
        <Placemark id="4351">
            <name>Maxburgstraße</name>
            <description>Tiefe: 30–50 cm</description>
            <Point id="4350">
                <coordinates>8.127917268486147,49.3105962394562,0.0</coordinates>
            </Point>
        </Placemark>
        <Placemark id="4353">
            <name>Kardinal-Wendel-Straße</name>
            <description>Tiefe: 30–50 cm</description>
            <Point id="4352">
                <coordinates>8.127390148422052,49.309779774765204,0.0</coordinates>
            </Point>
        </Placemark>
        <Placemark id="4355">
            <name>Kardinal-Wendel-Straße</name>
            <description>Tiefe: 30–50 cm</description>
            <Point id="4354">
                <coordinates>8.12567525,49.3099107,0.0</coordinates>
            </Point>
        </Placemark>
        <Placemark id="4357">
            <name>Kredenburgstraße</name>
            <description>Tiefe: 30–50 cm</description>
            <Point id="4356">
                <coordinates>8.125722960315727,49.310187041892185,0.0</coordinates>
            </Point>
        </Placemark>
        <Placemark id="4359">
            <name>Kredenburgstraße</name>
            <description>Tiefe: 30–50 cm</description>
            <Point id="4358">
                <coordinates>8.124672909271343,49.30960324364467,0.0</coordinates>
            </Point>
        </Placemark>
        <Placemark id="4361">
            <name>Bischof-Ketteler-Straße</name>
            <description>Tiefe: 30–50 cm</description>
            <Point id="4360">
                <coordinates>8.12695665,49.31028695,0.0</coordinates>
            </Point>
        </Placemark>
        <Placemark id="4363">
            <name>Maxburgstraße</name>
            <description>Tiefe: 30–50 cm</description>
            <Point id="4362">
                <coordinates>8.127917268486147,49.3105962394562,0.0</coordinates>
            </Point>
        </Placemark>
        <Placemark id="4365">
            <name>Kredenburgstraße</name>
            <description>Tiefe: 30–50 cm</description>
            <Point id="4364">
                <coordinates>8.12637731221053,49.31090365043235,0.0</coordinates>
            </Point>
        </Placemark>
        <Placemark id="4367">
            <name>Kardinal-Wendel-Straße</name>
            <description>Tiefe: 30–50 cm</description>
            <Point id="4366">
                <coordinates>8.1264324,49.3098458,0.0</coordinates>
            </Point>
        </Placemark>
        <Placemark id="4369">
            <name>Bischof-Ketteler-Straße</name>
            <description>Tiefe: 30–50 cm</description>
            <Point id="4368">
                <coordinates>8.12695665,49.31028695,0.0</coordinates>
            </Point>
        </Placemark>
        <Placemark id="4371">
            <name>Kardinal-Wendel-Straße</name>
            <description>Tiefe: 30–50 cm</description>
            <Point id="4370">
                <coordinates>8.127390148422052,49.309779774765204,0.0</coordinates>
            </Point>
        </Placemark>
        <Placemark id="4373">
            <name>Kardinal-Wendel-Straße</name>
            <description>Tiefe: 30–50 cm</description>
            <Point id="4372">
                <coordinates>8.1264324,49.3098458,0.0</coordinates>
            </Point>
        </Placemark>
        <Placemark id="4375">
            <name>Kardinal-Wendel-Straße</name>
            <description>Tiefe: 30–50 cm</description>
            <Point id="4374">
                <coordinates>8.12567525,49.3099107,0.0</coordinates>
            </Point>
        </Placemark>
        <Placemark id="4377">
            <name>Kredenburgstraße</name>
            <description>Tiefe: 30–50 cm</description>
            <Point id="4376">
                <coordinates>8.126058742579582,49.31015358654949,0.0</coordinates>
            </Point>
        </Placemark>
        <Placemark id="4379">
            <name>Friedhofstraße</name>
            <description>Tiefe: 30–50 cm</description>
            <Point id="4378">
                <coordinates>8.12774615,49.30902315,0.0</coordinates>
            </Point>
        </Placemark>
        <Placemark id="4381">
            <name>Friedhofstraße</name>
            <description>Tiefe: 30–50 cm</description>
            <Point id="4380">
                <coordinates>8.127175999999999,49.3090745,0.0</coordinates>
            </Point>
        </Placemark>
        <Placemark id="4383">
            <name>Schloßstraße</name>
            <description>Tiefe: 50–100 cm</description>
            <Point id="4382">
                <coordinates>8.126825779507232,49.308333482460526,0.0</coordinates>
            </Point>
        </Placemark>
        <Placemark id="4385">
            <name>Von-Dalheim-Straße</name>
            <description>Tiefe: 30–50 cm</description>
            <Point id="4384">
                <coordinates>8.141835577344098,49.31595411120394,0.0</coordinates>
            </Point>
        </Placemark>
        <Placemark id="4387">
            <name>Kreuzstraße</name>
            <description>Tiefe: 30–50 cm</description>
            <Point id="4386">
                <coordinates>8.14178780925813,49.32066029911497,0.0</coordinates>
            </Point>
        </Placemark>
        <Placemark id="4389">
            <name>Kreuzstraße</name>
            <description>Tiefe: 30–50 cm</description>
            <Point id="4388">
                <coordinates>8.14412669131544,49.32030353056971,0.0</coordinates>
            </Point>
        </Placemark>
        <Placemark id="4391">
            <name>Andergasse</name>
            <description>Tiefe: 50–100 cm</description>
            <Point id="4390">
                <coordinates>8.128464480711527,49.32299748903865,0.0</coordinates>
            </Point>
        </Placemark>
        <Placemark id="4393">
            <name>Andergasse</name>
            <description>Tiefe: 50–100 cm</description>
            <Point id="4392">
                <coordinates>8.124854638423715,49.32245972954281,0.0</coordinates>
            </Point>
        </Placemark>
        <Placemark id="4395">
            <name>Weinbergstraße</name>
            <description>Tiefe: 30–50 cm</description>
            <Point id="4394">
                <coordinates>8.182947384225757,49.40523835353617,0.0</coordinates>
            </Point>
        </Placemark>
        <Placemark id="4397">
            <name>Obere Hofstückstraße</name>
            <description>Tiefe: 30–50 cm</description>
            <Point id="4396">
                <coordinates>8.183056613951633,49.404693614156976,0.0</coordinates>
            </Point>
        </Placemark>
        <Placemark id="4399">
            <name>Obere Hofstückstraße</name>
            <description>Tiefe: 30–50 cm</description>
            <Point id="4398">
                <coordinates>8.181949780423004,49.404967732195146,0.0</coordinates>
            </Point>
        </Placemark>
        <Placemark id="4401">
            <name>Weinbergstraße</name>
            <description>Tiefe: 30–50 cm</description>
            <Point id="4400">
                <coordinates>8.180032960613262,49.40425635281417,0.0</coordinates>
            </Point>
        </Placemark>
        <Placemark id="4403">
            <name>Obere Hofstückstraße</name>
            <description>Tiefe: 30–50 cm</description>
            <Point id="4402">
                <coordinates>8.183056613951633,49.404693614156976,0.0</coordinates>
            </Point>
        </Placemark>
        <Placemark id="4405">
            <name>Im Stöckelfeld</name>
            <description>Tiefe: 50–100 cm</description>
            <Point id="4404">
                <coordinates>8.097927276468647,49.29946734743798,0.0</coordinates>
            </Point>
        </Placemark>
        <Placemark id="4407">
            <name>Wooggasse</name>
            <description>Tiefe: 50–100 cm</description>
            <Point id="4406">
                <coordinates>8.100035276646047,49.29947478073888,0.0</coordinates>
            </Point>
        </Placemark>
        <Placemark id="4409">
            <name>Wooggasse</name>
            <description>Tiefe: 50–100 cm</description>
            <Point id="4408">
                <coordinates>8.099716402355268,49.29992677143684,0.0</coordinates>
            </Point>
        </Placemark>
        <Placemark id="4411">
            <name>Talstraße</name>
            <description>Tiefe: 30–50 cm</description>
            <Point id="4410">
                <coordinates>8.09477216382771,49.2998624793652,0.0</coordinates>
            </Point>
        </Placemark>
        <Placemark id="4413">
            <name>Maikammerer Straße</name>
            <description>Tiefe: 50–100 cm</description>
            <Point id="4412">
                <coordinates>8.1060794063775,49.299167792016945,0.0</coordinates>
            </Point>
        </Placemark>
        <Placemark id="4415">
            <name>Maikammerer Straße</name>
            <description>Tiefe: 50–100 cm</description>
            <Point id="4414">
                <coordinates>8.108726408959505,49.29945915400763,0.0</coordinates>
            </Point>
        </Placemark>
        <Placemark id="4417">
            <name>Louis-Escande-Straße</name>
            <description>Tiefe: 30–50 cm</description>
            <Point id="4416">
                <coordinates>8.16797052601652,49.33491063631697,0.0</coordinates>
            </Point>
        </Placemark>
        <Placemark id="4419">
            <name>Adolf-Kolping-Straße</name>
            <description>Tiefe: 30–50 cm</description>
            <Point id="4418">
                <coordinates>8.160236590238755,49.33865919379865,0.0</coordinates>
            </Point>
        </Placemark>
        <Placemark id="4421">
            <name>Adolf-Kolping-Straße</name>
            <description>Tiefe: 30–50 cm</description>
            <Point id="4420">
                <coordinates>8.160276816144906,49.33931589155613,0.0</coordinates>
            </Point>
        </Placemark>
        <Placemark id="4423">
            <name>Im Dörnel</name>
            <description>Tiefe: 30–50 cm</description>
            <Point id="4422">
                <coordinates>8.106099958241677,49.303551746612115,0.0</coordinates>
            </Point>
        </Placemark>
        <Placemark id="4425">
            <name>Im Dörnel</name>
            <description>Tiefe: 30–50 cm</description>
            <Point id="4424">
                <coordinates>8.104519155234069,49.303741087154705,0.0</coordinates>
            </Point>
        </Placemark>
        <Placemark id="4427">
            <name>Weinstraße</name>
            <description>Tiefe: 30–50 cm</description>
            <Point id="4426">
                <coordinates>8.13598900934414,49.3248898767818,0.0</coordinates>
            </Point>
        </Placemark>
        <Placemark id="4429">
            <name>Weinstraße</name>
            <description>Tiefe: 30–50 cm</description>
            <Point id="4428">
                <coordinates>8.13590007255766,49.32722038867384,0.0</coordinates>
            </Point>
        </Placemark>
        <Placemark id="4431">
            <name>Heerstraße</name>
            <description>Tiefe: 50–100 cm</description>
            <Point id="4430">
                <coordinates>8.132969896544878,49.32292102176688,0.0</coordinates>
            </Point>
        </Placemark>
        <Placemark id="4433">
            <name>Sankt-Martiner-Straße</name>
            <description>Tiefe: 50–100 cm</description>
            <Point id="4432">
                <coordinates>8.125698562448298,49.30238091805167,0.0</coordinates>
            </Point>
        </Placemark>
        <Placemark id="4435">
            <name>Sankt-Martiner-Straße</name>
            <description>Tiefe: 50–100 cm</description>
            <Point id="4434">
                <coordinates>8.126107405136809,49.30307026204188,0.0</coordinates>
            </Point>
        </Placemark>
        <Placemark id="4437">
            <name>Ursulastraße</name>
            <description>Tiefe: 30–50 cm</description>
            <Point id="4436">
                <coordinates>8.141177299999999,49.323448299999995,0.0</coordinates>
            </Point>
        </Placemark>
        <Placemark id="4439">
            <name>Ursulastraße</name>
            <description>Tiefe: 30–50 cm</description>
            <Point id="4438">
                <coordinates>8.140889839512717,49.32248131525888,0.0</coordinates>
            </Point>
        </Placemark>
        <Placemark id="4441">
            <name>Im Kirchenstück</name>
            <description>Tiefe: 30–50 cm</description>
            <Point id="4440">
                <coordinates>8.132126778740497,49.307228091328334,0.0</coordinates>
            </Point>
        </Placemark>
        <Placemark id="4443">
            <name>Im Kirchenstück</name>
            <description>Tiefe: 30–50 cm</description>
            <Point id="4442">
                <coordinates>8.132845668915659,49.30702129318501,0.0</coordinates>
            </Point>
        </Placemark>
        <Placemark id="4445">
            <name>Im Kirchenstück</name>
            <description>Tiefe: 30–50 cm</description>
            <Point id="4444">
                <coordinates>8.132854784156796,49.30751211442449,0.0</coordinates>
            </Point>
        </Placemark>
        <Placemark id="4447">
            <name>Im Kirchenstück</name>
            <description>Tiefe: 30–50 cm</description>
            <Point id="4446">
                <coordinates>8.1309312,49.307644249999996,0.0</coordinates>
            </Point>
        </Placemark>
        <Placemark id="4449">
            <name>Im Kirchenstück</name>
            <description>Tiefe: 30–50 cm</description>
            <Point id="4448">
                <coordinates>8.131178031161332,49.307406276676154,0.0</coordinates>
            </Point>
        </Placemark>
        <Placemark id="4451">
            <name>Im Kirchenstück</name>
            <description>Tiefe: 30–50 cm</description>
            <Point id="4450">
                <coordinates>8.1309312,49.307644249999996,0.0</coordinates>
            </Point>
        </Placemark>
        <Placemark id="4453">
            <name>Diedesfelder Straße</name>
            <description>Tiefe: 30–50 cm</description>
            <Point id="4452">
                <coordinates>8.13021431882244,49.30785940531612,0.0</coordinates>
            </Point>
        </Placemark>
        <Placemark id="4455">
            <name>Diedesfelder Straße</name>
            <description>Tiefe: 30–50 cm</description>
            <Point id="4454">
                <coordinates>8.131373374573606,49.307855595430816,0.0</coordinates>
            </Point>
        </Placemark>
        <Placemark id="4457">
            <name>In den Sandwiesen</name>
            <description>Tiefe: 30–50 cm</description>
            <Point id="4456">
                <coordinates>8.131208954587297,49.308515948534506,0.0</coordinates>
            </Point>
        </Placemark>
        <Placemark id="4459">
            <name>Im Kirchenstück</name>
            <description>Tiefe: 30–50 cm</description>
            <Point id="4458">
                <coordinates>8.132845668915659,49.30702129318501,0.0</coordinates>
            </Point>
        </Placemark>
        <Placemark id="4461">
            <name>Im Kirchenstück</name>
            <description>Tiefe: 30–50 cm</description>
            <Point id="4460">
                <coordinates>8.131178031161332,49.307406276676154,0.0</coordinates>
            </Point>
        </Placemark>
        <Placemark id="4463">
            <name>Im Kirchenstück</name>
            <description>Tiefe: 30–50 cm</description>
            <Point id="4462">
                <coordinates>8.132126778740497,49.307228091328334,0.0</coordinates>
            </Point>
        </Placemark>
        <Placemark id="4465">
            <name>Friedhofstraße</name>
            <description>Tiefe: 30–50 cm</description>
            <Point id="4464">
                <coordinates>8.129768571356491,49.30728935939461,0.0</coordinates>
            </Point>
        </Placemark>
        <Placemark id="4467">
            <name>Friedhofstraße</name>
            <description>Tiefe: 30–50 cm</description>
            <Point id="4466">
                <coordinates>8.129889065579812,49.30649201848285,0.0</coordinates>
            </Point>
        </Placemark>
        <Placemark id="4469">
            <name>Östliche Luhrbachstraße</name>
            <description>Tiefe: 50–100 cm</description>
            <Point id="4468">
                <coordinates>8.070806520252237,49.3791107541839,0.0</coordinates>
            </Point>
        </Placemark>
        <Placemark id="4471">
            <name>Am Falltor</name>
            <description>Tiefe: 30–50 cm</description>
            <Point id="4470">
                <coordinates>8.21170079704897,49.30117560139131,0.0</coordinates>
            </Point>
        </Placemark>
        <Placemark id="4473">
            <name>Achtzehnmorgenpfad</name>
            <description>Tiefe: 30–50 cm</description>
            <Point id="4472">
                <coordinates>8.210818855864131,49.30143766181302,0.0</coordinates>
            </Point>
        </Placemark>
        <Placemark id="4475">
            <name>Achtzehnmorgenpfad</name>
            <description>Tiefe: 30–50 cm</description>
            <Point id="4474">
                <coordinates>8.214238444992775,49.30155676654733,0.0</coordinates>
            </Point>
        </Placemark>
        <Placemark id="4477">
            <name>Hauptstraße</name>
            <description>Tiefe: 30–50 cm</description>
            <Point id="4476">
                <coordinates>8.165242863046243,49.302065644053435,0.0</coordinates>
            </Point>
        </Placemark>
        <Placemark id="4479">
            <name>Hauptstraße</name>
            <description>Tiefe: 30–50 cm</description>
            <Point id="4478">
                <coordinates>8.163738213582507,49.30220194793136,0.0</coordinates>
            </Point>
        </Placemark>
        <Placemark id="4481">
            <name>Kirchstraße</name>
            <description>Tiefe: 50–100 cm</description>
            <Point id="4480">
                <coordinates>8.164535064723486,49.301823640651996,0.0</coordinates>
            </Point>
        </Placemark>
        <Placemark id="4483">
            <name>Dudostraße</name>
            <description>Tiefe: 30–50 cm</description>
            <Point id="4482">
                <coordinates>8.210793801792779,49.29919179219333,0.0</coordinates>
            </Point>
        </Placemark>
        <Placemark id="4485">
            <name>Dudostraße</name>
            <description>Tiefe: 30–50 cm</description>
            <Point id="4484">
                <coordinates>8.207837826434336,49.29931154780937,0.0</coordinates>
            </Point>
        </Placemark>
        <Placemark id="4487">
            <name>Speyerdorfer Straße</name>
            <description>Tiefe: 30–50 cm</description>
            <Point id="4486">
                <coordinates>8.163162849999999,49.34522175,0.0</coordinates>
            </Point>
        </Placemark>
        <Placemark id="4489">
            <name>Speyerdorfer Straße</name>
            <description>Tiefe: 30–50 cm</description>
            <Point id="4488">
                <coordinates>8.163056113790537,49.345277281950366,0.0</coordinates>
            </Point>
        </Placemark>
        <Placemark id="4491">
            <name>Adolf-Kolping-Straße</name>
            <description>Tiefe: 30–50 cm</description>
            <Point id="4490">
                <coordinates>8.16311553670486,49.34538969152265,0.0</coordinates>
            </Point>
        </Placemark>
        <Placemark id="4493">
            <name>Speyerdorfer Straße</name>
            <description>Tiefe: 30–50 cm</description>
            <Point id="4492">
                <coordinates>8.162902388646664,49.34527085164804,0.0</coordinates>
            </Point>
        </Placemark>
        <Placemark id="4495">
            <name>Speyerdorfer Straße</name>
            <description>Tiefe: 30–50 cm</description>
            <Point id="4494">
                <coordinates>8.162806097459661,49.3452011196549,0.0</coordinates>
            </Point>
        </Placemark>
        <Placemark id="4497">
            <name>Speyerdorfer Straße</name>
            <description>Tiefe: 30–50 cm</description>
            <Point id="4496">
                <coordinates>8.162556557156233,49.345272480851875,0.0</coordinates>
            </Point>
        </Placemark>
        <Placemark id="4499">
            <name>Am Bahnhof</name>
            <description>Tiefe: 30–50 cm</description>
            <Point id="4498">
                <coordinates>8.146682755700493,49.30470990329282,0.0</coordinates>
            </Point>
        </Placemark>
        <Placemark id="4501">
            <name>Bordmühlweg</name>
            <description>Tiefe: 30–50 cm</description>
            <Point id="4500">
                <coordinates>8.147884113581082,49.304296646700074,0.0</coordinates>
            </Point>
        </Placemark>
        <Placemark id="4503">
            <name>Bordmühlweg</name>
            <description>Tiefe: 30–50 cm</description>
            <Point id="4502">
                <coordinates>8.144000938485158,49.30381740065115,0.0</coordinates>
            </Point>
        </Placemark>
        <Placemark id="4505">
            <name>Dudostraße</name>
            <description>Tiefe: 30–50 cm</description>
            <Point id="4504">
                <coordinates>8.215398421733905,49.299652046020455,0.0</coordinates>
            </Point>
        </Placemark>
        <Placemark id="4507">
            <name>Dudostraße</name>
            <description>Tiefe: 30–50 cm</description>
            <Point id="4506">
                <coordinates>8.217326980319926,49.299564113743614,0.0</coordinates>
            </Point>
        </Placemark>
        <Placemark id="4509">
            <name>Weinstraße</name>
            <description>Tiefe: 30–50 cm</description>
            <Point id="4508">
                <coordinates>8.134586402380947,49.309667909254316,0.0</coordinates>
            </Point>
        </Placemark>
        <Placemark id="4511">
            <name>Mühlstraße</name>
            <description>Tiefe: 50–100 cm</description>
            <Point id="4510">
                <coordinates>8.12269626670289,49.30641527382915,0.0</coordinates>
            </Point>
        </Placemark>
        <Placemark id="4513">
            <name>Mühlstraße</name>
            <description>Tiefe: 50–100 cm</description>
            <Point id="4512">
                <coordinates>8.122938411115836,49.30796145096757,0.0</coordinates>
            </Point>
        </Placemark>
        <Placemark id="4515">
            <name>Rieslingweg</name>
            <description>Tiefe: 50–100 cm</description>
            <Point id="4514">
                <coordinates>8.123655014927293,49.30677072334298,0.0</coordinates>
            </Point>
        </Placemark>
        <Placemark id="4517">
            <name>Silvanerweg</name>
            <description>Tiefe: 50–100 cm</description>
            <Point id="4516">
                <coordinates>8.124576259423671,49.306625211929145,0.0</coordinates>
            </Point>
        </Placemark>
        <Placemark id="4519">
            <name>Burgunderweg</name>
            <description>Tiefe: 30–50 cm</description>
            <Point id="4518">
                <coordinates>8.125649899072522,49.30593987147826,0.0</coordinates>
            </Point>
        </Placemark>
        <Placemark id="4521">
            <name>Burgunderweg</name>
            <description>Tiefe: 30–50 cm</description>
            <Point id="4520">
                <coordinates>8.12596660896285,49.30695796309041,0.0</coordinates>
            </Point>
        </Placemark>
        <Placemark id="4523">
            <name>Neugasse</name>
            <description>Tiefe: 30–50 cm</description>
            <Point id="4522">
                <coordinates>8.12381835,49.3051934,0.0</coordinates>
            </Point>
        </Placemark>
        <Placemark id="4525">
            <name>Neugasse</name>
            <description>Tiefe: 30–50 cm</description>
            <Point id="4524">
                <coordinates>8.122917288554094,49.305259880155624,0.0</coordinates>
            </Point>
        </Placemark>
        <Placemark id="4527">
            <name>Rieslingweg</name>
            <description>Tiefe: 50–100 cm</description>
            <Point id="4526">
                <coordinates>8.123655014927293,49.30677072334298,0.0</coordinates>
            </Point>
        </Placemark>
        <Placemark id="4529">
            <name>Diedesfelder Straße</name>
            <description>Tiefe: 30–50 cm</description>
            <Point id="4528">
                <coordinates>8.134101284800154,49.30924264082857,0.0</coordinates>
            </Point>
        </Placemark>
        <Placemark id="4531">
            <name>Neugasse</name>
            <description>Tiefe: 30–50 cm</description>
            <Point id="4530">
                <coordinates>8.1248419,49.30514025,0.0</coordinates>
            </Point>
        </Placemark>
        <Placemark id="4533">
            <name>Neugasse</name>
            <description>Tiefe: 30–50 cm</description>
            <Point id="4532">
                <coordinates>8.12381835,49.3051934,0.0</coordinates>
            </Point>
        </Placemark>
        <Placemark id="4535">
            <name>Silvanerweg</name>
            <description>Tiefe: 50–100 cm</description>
            <Point id="4534">
                <coordinates>8.124576259423671,49.306625211929145,0.0</coordinates>
            </Point>
        </Placemark>
        <Placemark id="4537">
            <name>Neugasse</name>
            <description>Tiefe: 30–50 cm</description>
            <Point id="4536">
                <coordinates>8.1248419,49.30514025,0.0</coordinates>
            </Point>
        </Placemark>
        <Placemark id="4539">
            <name>Neugasse</name>
            <description>Tiefe: 30–50 cm</description>
            <Point id="4538">
                <coordinates>8.126519157005122,49.305046492063205,0.0</coordinates>
            </Point>
        </Placemark>
        <Placemark id="4541">
            <name>Burgunderweg</name>
            <description>Tiefe: 30–50 cm</description>
            <Point id="4540">
                <coordinates>8.125649899072522,49.30593987147826,0.0</coordinates>
            </Point>
        </Placemark>
        <Placemark id="4543">
            <name>Kirchbergweg</name>
            <description>Tiefe: 30–50 cm</description>
            <Point id="4542">
                <coordinates>8.120588713966402,49.32916111151636,0.0</coordinates>
            </Point>
        </Placemark>
        <Placemark id="4545">
            <name>Schloßstraße</name>
            <description>Tiefe: 50–100 cm</description>
            <Point id="4544">
                <coordinates>8.120006383002448,49.32651682629044,0.0</coordinates>
            </Point>
        </Placemark>
        <Placemark id="4547">
            <name>Kirchbergweg</name>
            <description>Tiefe: 30–50 cm</description>
            <Point id="4546">
                <coordinates>8.120588713966402,49.32916111151636,0.0</coordinates>
            </Point>
        </Placemark>
        <Placemark id="4549">
            <name>Achtzehnmorgenpfad</name>
            <description>Tiefe: 30–50 cm</description>
            <Point id="4548">
                <coordinates>8.217524521546315,49.30215589087447,0.0</coordinates>
            </Point>
        </Placemark>
        <Placemark id="4551">
            <name>Achtzehnmorgenpfad</name>
            <description>Tiefe: 30–50 cm</description>
            <Point id="4550">
                <coordinates>8.217561304372506,49.30165716143989,0.0</coordinates>
            </Point>
        </Placemark>
        <Placemark id="4553">
            <name>Achtzehnmorgenpfad</name>
            <description>Tiefe: 30–50 cm</description>
            <Point id="4552">
                <coordinates>8.214238444992775,49.30155676654733,0.0</coordinates>
            </Point>
        </Placemark>
        <Placemark id="4555">
            <name>Achtzehnmorgenpfad</name>
            <description>Tiefe: 30–50 cm</description>
            <Point id="4554">
                <coordinates>8.218712152072184,49.30129386038248,0.0</coordinates>
            </Point>
        </Placemark>
        <Placemark id="4557">
            <name>Achtzehnmorgenpfad</name>
            <description>Tiefe: 30–50 cm</description>
            <Point id="4556">
                <coordinates>8.217524521546315,49.30215589087447,0.0</coordinates>
            </Point>
        </Placemark>
        <Placemark id="4559">
            <name>Achtzehnmorgenpfad</name>
            <description>Tiefe: 30–50 cm</description>
            <Point id="4558">
                <coordinates>8.217561304372506,49.30165716143989,0.0</coordinates>
            </Point>
        </Placemark>
        <Placemark id="4561">
            <name>Kalkbergstraße</name>
            <description>Tiefe: 50–100 cm</description>
            <Point id="4560">
                <coordinates>8.2182603,49.3008275,0.0</coordinates>
            </Point>
        </Placemark>
        <Placemark id="4563">
            <name>Kalkbergstraße</name>
            <description>Tiefe: 50–100 cm</description>
            <Point id="4562">
                <coordinates>8.21837916703185,49.30001842455777,0.0</coordinates>
            </Point>
        </Placemark>
        <Placemark id="4565">
            <name>Landauer Straße</name>
            <description>Tiefe: 30–50 cm</description>
            <Point id="4564">
                <coordinates>8.1383875,49.35060505,0.0</coordinates>
            </Point>
        </Placemark>
        <Placemark id="4567">
            <name>Landauer Straße</name>
            <description>Tiefe: 30–50 cm</description>
            <Point id="4566">
                <coordinates>8.138985449040973,49.351012222615054,0.0</coordinates>
            </Point>
        </Placemark>
        <Placemark id="4569">
            <name>Chemnitzer Straße</name>
            <description>Tiefe: 30–50 cm</description>
            <Point id="4568">
                <coordinates>8.159614115049912,49.33921446789814,0.0</coordinates>
            </Point>
        </Placemark>
        <Placemark id="4571">
            <name>Chemnitzer Straße</name>
            <description>Tiefe: 30–50 cm</description>
            <Point id="4570">
                <coordinates>8.157894316899341,49.340575377067644,0.0</coordinates>
            </Point>
        </Placemark>
        <Placemark id="4573">
            <name>Hartmannstraße</name>
            <description>Tiefe: 50–100 cm</description>
            <Point id="4572">
                <coordinates>8.12670635,49.3072914,0.0</coordinates>
            </Point>
        </Placemark>
        <Placemark id="4575">
            <name>Hartmannstraße</name>
            <description>Tiefe: 50–100 cm</description>
            <Point id="4574">
                <coordinates>8.128014286759289,49.306896703429715,0.0</coordinates>
            </Point>
        </Placemark>
        <Placemark id="4577">
            <name>Oberer Schnetzweg</name>
            <description>Tiefe: 30–50 cm</description>
            <Point id="4576">
                <coordinates>8.138675899999999,49.30636335,0.0</coordinates>
            </Point>
        </Placemark>
        <Placemark id="4579">
            <name>Oberer Schnetzweg</name>
            <description>Tiefe: 30–50 cm</description>
            <Point id="4578">
                <coordinates>8.138675899999999,49.30636335,0.0</coordinates>
            </Point>
        </Placemark>
        <Placemark id="4581">
            <name>Bahnhofstraße</name>
            <description>Tiefe: 30–50 cm</description>
            <Point id="4580">
                <coordinates>8.137909949671878,49.30650428481668,0.0</coordinates>
            </Point>
        </Placemark>
        <Placemark id="4583">
            <name>Bahnhofstraße</name>
            <description>Tiefe: 30–50 cm</description>
            <Point id="4582">
                <coordinates>8.140400563111783,49.30644890938317,0.0</coordinates>
            </Point>
        </Placemark>
        <Placemark id="4585">
            <name>Totenkopfstraße</name>
            <description>Tiefe: 50–100 cm</description>
            <Point id="4584">
                <coordinates>8.1077608,49.30139775,0.0</coordinates>
            </Point>
        </Placemark>
        <Placemark id="4587">
            <name>Totenkopfstraße</name>
            <description>Tiefe: 50–100 cm</description>
            <Point id="4586">
                <coordinates>8.106811525159712,49.30143734165524,0.0</coordinates>
            </Point>
        </Placemark>
        <Placemark id="4589">
            <name>Friedhofstraße</name>
            <description>Tiefe: 30–50 cm</description>
            <Point id="4588">
                <coordinates>8.10500605,49.30041035,0.0</coordinates>
            </Point>
        </Placemark>
        <Placemark id="4591">
            <name>Friedhofstraße</name>
            <description>Tiefe: 30–50 cm</description>
            <Point id="4590">
                <coordinates>8.105678033466248,49.30082152457133,0.0</coordinates>
            </Point>
        </Placemark>
        <Placemark id="4593">
            <name>Totenkopfstraße</name>
            <description>Tiefe: 50–100 cm</description>
            <Point id="4592">
                <coordinates>8.1077608,49.30139775,0.0</coordinates>
            </Point>
        </Placemark>
        <Placemark id="4595">
            <name>Totenkopfstraße</name>
            <description>Tiefe: 50–100 cm</description>
            <Point id="4594">
                <coordinates>8.10921731834783,49.301186147714006,0.0</coordinates>
            </Point>
        </Placemark>
        <Placemark id="4597">
            <name>Eichstraße</name>
            <description>Tiefe: 50–100 cm</description>
            <Point id="4596">
                <coordinates>8.125781082901161,49.32811111606318,0.0</coordinates>
            </Point>
        </Placemark>
        <Placemark id="4599">
            <name>Eichstraße</name>
            <description>Tiefe: 50–100 cm</description>
            <Point id="4598">
                <coordinates>8.127451242107036,49.328569898211825,0.0</coordinates>
            </Point>
        </Placemark>
        <Placemark id="4601">
            <name>Einlaubstraße</name>
            <description>Tiefe: 50–100 cm</description>
            <Point id="4600">
                <coordinates>8.092448922149993,49.29932029187176,0.0</coordinates>
            </Point>
        </Placemark>
        <Placemark id="4603">
            <name>Einlaubstraße</name>
            <description>Tiefe: 50–100 cm</description>
            <Point id="4602">
                <coordinates>8.096544053605276,49.298524874789884,0.0</coordinates>
            </Point>
        </Placemark>
        <Placemark id="4605">
            <name>Weinstraße</name>
            <description>Tiefe: 30–50 cm</description>
            <Point id="4604">
                <coordinates>8.13092292215748,49.337773903230236,0.0</coordinates>
            </Point>
        </Placemark>
        <Placemark id="4607">
            <name>Weinstraße</name>
            <description>Tiefe: 30–50 cm</description>
            <Point id="4606">
                <coordinates>8.131560621242942,49.33724260842358,0.0</coordinates>
            </Point>
        </Placemark>
        <Placemark id="4609">
            <name>Weinstraße</name>
            <description>Tiefe: 30–50 cm</description>
            <Point id="4608">
                <coordinates>8.131662575438991,49.338281067104234,0.0</coordinates>
            </Point>
        </Placemark>
        <Placemark id="4611">
            <name>Mühlstraße</name>
            <description>Tiefe: 50–100 cm</description>
            <Point id="4610">
                <coordinates>8.100804923930152,49.29964550826259,0.0</coordinates>
            </Point>
        </Placemark>
        <Placemark id="4613">
            <name>Andergasse</name>
            <description>Tiefe: 50–100 cm</description>
            <Point id="4612">
                <coordinates>8.122486881991547,49.32215056322838,0.0</coordinates>
            </Point>
        </Placemark>
        <Placemark id="4615">
            <name>Andergasse</name>
            <description>Tiefe: 50–100 cm</description>
            <Point id="4614">
                <coordinates>8.122239815375405,49.32109933472685,0.0</coordinates>
            </Point>
        </Placemark>
        <Placemark id="4617">
            <name>Im Jägergarten</name>
            <description>Tiefe: 50–100 cm</description>
            <Point id="4616">
                <coordinates>8.121392973805056,49.32152006661219,0.0</coordinates>
            </Point>
        </Placemark>
        <Placemark id="4619">
            <name>Hauptstraße</name>
            <description>Tiefe: 30–50 cm</description>
            <Point id="4618">
                <coordinates>8.071878600000002,49.3727047,0.0</coordinates>
            </Point>
        </Placemark>
        <Placemark id="4621">
            <name>Apothekergasse</name>
            <description>Tiefe: 50–100 cm</description>
            <Point id="4620">
                <coordinates>8.07212287497127,49.37293215050001,0.0</coordinates>
            </Point>
        </Placemark>
        <Placemark id="4623">
            <name>Hauptstraße</name>
            <description>Tiefe: 30–50 cm</description>
            <Point id="4622">
                <coordinates>8.072659700133102,49.372647501739394,0.0</coordinates>
            </Point>
        </Placemark>
        <Placemark id="4625">
            <name>Apothekergasse</name>
            <description>Tiefe: 50–100 cm</description>
            <Point id="4624">
                <coordinates>8.07212287497127,49.37293215050001,0.0</coordinates>
            </Point>
        </Placemark>
        <Placemark id="4627">
            <name>Kastanienweg</name>
            <description>Tiefe: 30–50 cm</description>
            <Point id="4626">
                <coordinates>8.13051189587857,49.34816291802849,0.0</coordinates>
            </Point>
        </Placemark>
        <Placemark id="4629">
            <name>Glockengasse</name>
            <description>Tiefe: 50–100 cm</description>
            <Point id="4628">
                <coordinates>8.19968355,49.32459745,0.0</coordinates>
            </Point>
        </Placemark>
        <Placemark id="4631">
            <name>Glockengasse</name>
            <description>Tiefe: 50–100 cm</description>
            <Point id="4630">
                <coordinates>8.19968355,49.32459745,0.0</coordinates>
            </Point>
        </Placemark>
        <Placemark id="4633">
            <name>Goethestraße</name>
            <description>Tiefe: 50–100 cm</description>
            <Point id="4632">
                <coordinates>8.198733759576825,49.325491922705275,0.0</coordinates>
            </Point>
        </Placemark>
        <Placemark id="4635">
            <name>Goethestraße</name>
            <description>Tiefe: 50–100 cm</description>
            <Point id="4634">
                <coordinates>8.198518019066904,49.32442339878158,0.0</coordinates>
            </Point>
        </Placemark>
        <Placemark id="4637">
            <name>Hauptstraße</name>
            <description>Tiefe: 30–50 cm</description>
            <Point id="4636">
                <coordinates>8.096807545652986,49.378938953968124,0.0</coordinates>
            </Point>
        </Placemark>
        <Placemark id="4639">
            <name>Spelzenackerstraße</name>
            <description>Tiefe: 50–100 cm</description>
            <Point id="4638">
                <coordinates>8.095661374537656,49.37733258258017,0.0</coordinates>
            </Point>
        </Placemark>
        <Placemark id="4641">
            <name>Hauptstraße</name>
            <description>Tiefe: 30–50 cm</description>
            <Point id="4640">
                <coordinates>8.09556305743752,49.375958291214246,0.0</coordinates>
            </Point>
        </Placemark>
        <Placemark id="4643">
            <name>Mauerweg</name>
            <description>Tiefe: 50–100 cm</description>
            <Point id="4642">
                <coordinates>8.097883681602264,49.385478996392905,0.0</coordinates>
            </Point>
        </Placemark>
        <Placemark id="4645">
            <name>Hauptstraße</name>
            <description>Tiefe: 30–50 cm</description>
            <Point id="4644">
                <coordinates>8.097721143183657,49.38241431872259,0.0</coordinates>
            </Point>
        </Placemark>
        <Placemark id="4647">
            <name>Hauptstraße</name>
            <description>Tiefe: 30–50 cm</description>
            <Point id="4646">
                <coordinates>8.097647782876862,49.38291600608336,0.0</coordinates>
            </Point>
        </Placemark>
        <Placemark id="4649">
            <name>Bahnhofstraße</name>
            <description>Tiefe: 30–50 cm</description>
            <Point id="4648">
                <coordinates>8.050183560071464,49.37523369905523,0.0</coordinates>
            </Point>
        </Placemark>
        <Placemark id="4651">
            <name>Bahnhofstraße</name>
            <description>Tiefe: 30–50 cm</description>
            <Point id="4650">
                <coordinates>8.050183560071464,49.37523369905523,0.0</coordinates>
            </Point>
        </Placemark>
        <Placemark id="4653">
            <name>Talstraße</name>
            <description>Tiefe: 30–50 cm</description>
            <Point id="4652">
                <coordinates>8.051024303968756,49.375838913805595,0.0</coordinates>
            </Point>
        </Placemark>
        <Placemark id="4655">
            <name>Maximilianstraße</name>
            <description>Tiefe: 50–100 cm</description>
            <Point id="4654">
                <coordinates>8.14887835,49.35697690000001,0.0</coordinates>
            </Point>
        </Placemark>
        <Placemark id="4657">
            <name>Maximilianstraße</name>
            <description>Tiefe: 50–100 cm</description>
            <Point id="4656">
                <coordinates>8.14900995,49.3570924,0.0</coordinates>
            </Point>
        </Placemark>
        <Placemark id="4659">
            <name>Winzinger Straße</name>
            <description>Tiefe: 30–50 cm</description>
            <Point id="4658">
                <coordinates>8.149042061199415,49.35695353001881,0.0</coordinates>
            </Point>
        </Placemark>
        <Placemark id="4661">
            <name>Strohmarkt</name>
            <description>Tiefe: 30–50 cm</description>
            <Point id="4660">
                <coordinates>8.1373704,49.3555622,0.0</coordinates>
            </Point>
        </Placemark>
        <Placemark id="4663">
            <name>Strohmarkt</name>
            <description>Tiefe: 30–50 cm</description>
            <Point id="4662">
                <coordinates>8.137579903069293,49.35551083878375,0.0</coordinates>
            </Point>
        </Placemark>
        <Placemark id="4665">
            <name>Strohmarkt</name>
            <description>Tiefe: 30–50 cm</description>
            <Point id="4664">
                <coordinates>8.137946372581538,49.35565445921132,0.0</coordinates>
            </Point>
        </Placemark>
        <Placemark id="4667">
            <name>Mühlstraße</name>
            <description>Tiefe: 50–100 cm</description>
            <Point id="4666">
                <coordinates>8.06809668516047,49.3710280144116,0.0</coordinates>
            </Point>
        </Placemark>
        <Placemark id="4669">
            <name>Mühlstraße</name>
            <description>Tiefe: 50–100 cm</description>
            <Point id="4668">
                <coordinates>8.06809668516047,49.3710280144116,0.0</coordinates>
            </Point>
        </Placemark>
        <Placemark id="4671">
            <name>Mühlstraße</name>
            <description>Tiefe: 50–100 cm</description>
            <Point id="4670">
                <coordinates>8.06918919732222,49.3713179347409,0.0</coordinates>
            </Point>
        </Placemark>
        <Placemark id="4673">
            <name>Fischerstraße</name>
            <description>Tiefe: 30–50 cm</description>
            <Point id="4672">
                <coordinates>8.068543682356337,49.37075274081322,0.0</coordinates>
            </Point>
        </Placemark>
        <Placemark id="4675">
            <name>Fischerstraße</name>
            <description>Tiefe: 30–50 cm</description>
            <Point id="4674">
                <coordinates>8.06871790284561,49.370858995972206,0.0</coordinates>
            </Point>
        </Placemark>
        <Placemark id="4677">
            <name>Marktstraße</name>
            <description>Tiefe: 50–100 cm</description>
            <Point id="4676">
                <coordinates>8.069038599999999,49.37076265,0.0</coordinates>
            </Point>
        </Placemark>
        <Placemark id="4679">
            <name>Marktstraße</name>
            <description>Tiefe: 50–100 cm</description>
            <Point id="4678">
                <coordinates>8.068827108494173,49.37065224738426,0.0</coordinates>
            </Point>
        </Placemark>
        <Placemark id="4681">
            <name>Fischerstraße</name>
            <description>Tiefe: 30–50 cm</description>
            <Point id="4680">
                <coordinates>8.06871790284561,49.370858995972206,0.0</coordinates>
            </Point>
        </Placemark>
        <Placemark id="4683">
            <name>Weiherstraße</name>
            <description>Tiefe: 50–100 cm</description>
            <Point id="4682">
                <coordinates>8.127311820387186,49.30592669781919,0.0</coordinates>
            </Point>
        </Placemark>
        <Placemark id="4685">
            <name>Weiherstraße</name>
            <description>Tiefe: 50–100 cm</description>
            <Point id="4684">
                <coordinates>8.126497012340387,49.30668881124992,0.0</coordinates>
            </Point>
        </Placemark>
        <Placemark id="4687">
            <name>Gartenstraße</name>
            <description>Tiefe: 50–100 cm</description>
            <Point id="4686">
                <coordinates>8.15974797622958,49.301363820636176,0.0</coordinates>
            </Point>
        </Placemark>
        <Placemark id="4689">
            <name>Gartenstraße</name>
            <description>Tiefe: 50–100 cm</description>
            <Point id="4688">
                <coordinates>8.160597023508473,49.30141981761478,0.0</coordinates>
            </Point>
        </Placemark>
        <Placemark id="4691">
            <name>Von-Hutten-Straße</name>
            <description>Tiefe: 30–50 cm</description>
            <Point id="4690">
                <coordinates>8.15858230798949,49.30044020285255,0.0</coordinates>
            </Point>
        </Placemark>
        <Placemark id="4693">
            <name>Wiesenstraße</name>
            <description>Tiefe: 50–100 cm</description>
            <Point id="4692">
                <coordinates>8.160552735540492,49.30038857144617,0.0</coordinates>
            </Point>
        </Placemark>
        <Placemark id="4695">
            <name>Karl-Marx-Straße</name>
            <description>Tiefe: 30–50 cm</description>
            <Point id="4694">
                <coordinates>8.070094000000001,49.369814000000005,0.0</coordinates>
            </Point>
        </Placemark>
        <Placemark id="4697">
            <name>Karl-Marx-Straße</name>
            <description>Tiefe: 30–50 cm</description>
            <Point id="4696">
                <coordinates>8.07017059914433,49.369939949265415,0.0</coordinates>
            </Point>
        </Placemark>
        <Placemark id="4699">
            <name>Gartenstraße</name>
            <description>Tiefe: 50–100 cm</description>
            <Point id="4698">
                <coordinates>8.070351854244878,49.36969398989654,0.0</coordinates>
            </Point>
        </Placemark>
        <Placemark id="4701">
            <name>Marktstraße</name>
            <description>Tiefe: 50–100 cm</description>
            <Point id="4700">
                <coordinates>8.069648792211305,49.370730501419054,0.0</coordinates>
            </Point>
        </Placemark>
        <Placemark id="4703">
            <name>Auf den Wergen</name>
            <description>Tiefe: 30–50 cm</description>
            <Point id="4702">
                <coordinates>8.0698186,49.36869405,0.0</coordinates>
            </Point>
        </Placemark>
        <Placemark id="4705">
            <name>Auf den Wergen</name>
            <description>Tiefe: 30–50 cm</description>
            <Point id="4704">
                <coordinates>8.07290930035294,49.3686842523571,0.0</coordinates>
            </Point>
        </Placemark>
        <Placemark id="4707">
            <name>Blainviller Straße</name>
            <description>Tiefe: 30–50 cm</description>
            <Point id="4706">
                <coordinates>8.07402085,49.3695283,0.0</coordinates>
            </Point>
        </Placemark>
        <Placemark id="4709">
            <name>Blainviller Straße</name>
            <description>Tiefe: 30–50 cm</description>
            <Point id="4708">
                <coordinates>8.07426115,49.36953045,0.0</coordinates>
            </Point>
        </Placemark>
        <Placemark id="4711">
            <name>Blainviller Straße</name>
            <description>Tiefe: 30–50 cm</description>
            <Point id="4710">
                <coordinates>8.074314094890857,49.37007742700988,0.0</coordinates>
            </Point>
        </Placemark>
        <Placemark id="4713">
            <name>Hauptstraße</name>
            <description>Tiefe: 30–50 cm</description>
            <Point id="4712">
                <coordinates>8.074107272881454,49.37257487229578,0.0</coordinates>
            </Point>
        </Placemark>
        <Placemark id="4715">
            <name>Hauptstraße</name>
            <description>Tiefe: 30–50 cm</description>
            <Point id="4714">
                <coordinates>8.080629289295047,49.37354959007804,0.0</coordinates>
            </Point>
        </Placemark>
        <Placemark id="4717">
            <name>Wiesenstraße</name>
            <description>Tiefe: 50–100 cm</description>
            <Point id="4716">
                <coordinates>8.081860688402159,49.37184721705828,0.0</coordinates>
            </Point>
        </Placemark>
        <Placemark id="4719">
            <name>Wiesenstraße</name>
            <description>Tiefe: 50–100 cm</description>
            <Point id="4718">
                <coordinates>8.074745547210815,49.370845032328404,0.0</coordinates>
            </Point>
        </Placemark>
        <Placemark id="4721">
            <name>Blainviller Straße</name>
            <description>Tiefe: 30–50 cm</description>
            <Point id="4720">
                <coordinates>8.07402085,49.3695283,0.0</coordinates>
            </Point>
        </Placemark>
        <Placemark id="4723">
            <name>Schillerstraße</name>
            <description>Tiefe: 50–100 cm</description>
            <Point id="4722">
                <coordinates>8.071868798797995,49.36977445199016,0.0</coordinates>
            </Point>
        </Placemark>
        <Placemark id="4725">
            <name>Blainviller Straße</name>
            <description>Tiefe: 30–50 cm</description>
            <Point id="4724">
                <coordinates>8.074314094890857,49.37007742700988,0.0</coordinates>
            </Point>
        </Placemark>
        <Placemark id="4727">
            <name>Wiesenstraße</name>
            <description>Tiefe: 50–100 cm</description>
            <Point id="4726">
                <coordinates>8.074745547210815,49.370845032328404,0.0</coordinates>
            </Point>
        </Placemark>
        <Placemark id="4729">
            <name>Wiesenstraße</name>
            <description>Tiefe: 50–100 cm</description>
            <Point id="4728">
                <coordinates>8.073647794829444,49.3707533600121,0.0</coordinates>
            </Point>
        </Placemark>
        <Placemark id="4731">
            <name>Schillerstraße</name>
            <description>Tiefe: 50–100 cm</description>
            <Point id="4730">
                <coordinates>8.071868798797995,49.36977445199016,0.0</coordinates>
            </Point>
        </Placemark>
        <Placemark id="4733">
            <name>Wiesenstraße</name>
            <description>Tiefe: 50–100 cm</description>
            <Point id="4732">
                <coordinates>8.072493607413397,49.370704184907034,0.0</coordinates>
            </Point>
        </Placemark>
        <Placemark id="4735">
            <name>Wiesenstraße</name>
            <description>Tiefe: 50–100 cm</description>
            <Point id="4734">
                <coordinates>8.071526689594188,49.37071657075501,0.0</coordinates>
            </Point>
        </Placemark>
        <Placemark id="4737">
            <name>Kastanienweg</name>
            <description>Tiefe: 30–50 cm</description>
            <Point id="4736">
                <coordinates>8.128720371808184,49.3062444212924,0.0</coordinates>
            </Point>
        </Placemark>
        <Placemark id="4739">
            <name>Hartmannstraße</name>
            <description>Tiefe: 50–100 cm</description>
            <Point id="4738">
                <coordinates>8.12935095,49.306506999999996,0.0</coordinates>
            </Point>
        </Placemark>
        <Placemark id="4741">
            <name>Kastanienweg</name>
            <description>Tiefe: 30–50 cm</description>
            <Point id="4740">
                <coordinates>8.128720371808184,49.3062444212924,0.0</coordinates>
            </Point>
        </Placemark>
        <Placemark id="4743">
            <name>Hartmannstraße</name>
            <description>Tiefe: 50–100 cm</description>
            <Point id="4742">
                <coordinates>8.128014286759289,49.306896703429715,0.0</coordinates>
            </Point>
        </Placemark>
        <Placemark id="4745">
            <name>Hauptstraße</name>
            <description>Tiefe: 30–50 cm</description>
            <Point id="4744">
                <coordinates>8.145208520574913,49.305964341449815,0.0</coordinates>
            </Point>
        </Placemark>
        <Placemark id="4747">
            <name>Hauptstraße</name>
            <description>Tiefe: 30–50 cm</description>
            <Point id="4746">
                <coordinates>8.143255236090207,49.30633757397858,0.0</coordinates>
            </Point>
        </Placemark>
        <Placemark id="4749">
            <name>Hauptstraße</name>
            <description>Tiefe: 30–50 cm</description>
            <Point id="4748">
                <coordinates>8.146803,49.3056574,0.0</coordinates>
            </Point>
        </Placemark>
        <Placemark id="4751">
            <name>Am Bahnhof</name>
            <description>Tiefe: 30–50 cm</description>
            <Point id="4750">
                <coordinates>8.147259849121813,49.30723772302145,0.0</coordinates>
            </Point>
        </Placemark>
        <Placemark id="4753">
            <name>Hauptstraße</name>
            <description>Tiefe: 30–50 cm</description>
            <Point id="4752">
                <coordinates>8.145208520574913,49.305964341449815,0.0</coordinates>
            </Point>
        </Placemark>
        <Placemark id="4755">
            <name>Am Bahnhof</name>
            <description>Tiefe: 30–50 cm</description>
            <Point id="4754">
                <coordinates>8.147695200000001,49.30912415,0.0</coordinates>
            </Point>
        </Placemark>
        <Placemark id="4757">
            <name>Am Bahnhof</name>
            <description>Tiefe: 30–50 cm</description>
            <Point id="4756">
                <coordinates>8.147259849121813,49.30723772302145,0.0</coordinates>
            </Point>
        </Placemark>
        <Placemark id="4759">
            <name>Am Bahnhof</name>
            <description>Tiefe: 30–50 cm</description>
            <Point id="4758">
                <coordinates>8.147695200000001,49.30912415,0.0</coordinates>
            </Point>
        </Placemark>
        <Placemark id="4761">
            <name>Friedhofstraße</name>
            <description>Tiefe: 30–50 cm</description>
            <Point id="4760">
                <coordinates>8.166111650000001,49.30243665,0.0</coordinates>
            </Point>
        </Placemark>
        <Placemark id="4763">
            <name>Friedhofstraße</name>
            <description>Tiefe: 30–50 cm</description>
            <Point id="4762">
                <coordinates>8.166175779234363,49.30283457924901,0.0</coordinates>
            </Point>
        </Placemark>
        <Placemark id="4765">
            <name>Goethestraße</name>
            <description>Tiefe: 50–100 cm</description>
            <Point id="4764">
                <coordinates>8.1998016,49.32177765,0.0</coordinates>
            </Point>
        </Placemark>
        <Placemark id="4767">
            <name>Langwiesenweg</name>
            <description>Tiefe: 50–100 cm</description>
            <Point id="4766">
                <coordinates>8.200982724644296,49.322236670679445,0.0</coordinates>
            </Point>
        </Placemark>
        <Placemark id="4769">
            <name>Goethestraße</name>
            <description>Tiefe: 50–100 cm</description>
            <Point id="4768">
                <coordinates>8.199302238486798,49.3225737653435,0.0</coordinates>
            </Point>
        </Placemark>
        <Placemark id="4771">
            <name>Adolf-Kolping-Straße</name>
            <description>Tiefe: 30–50 cm</description>
            <Point id="4770">
                <coordinates>8.16020705387112,49.33935224328541,0.0</coordinates>
            </Point>
        </Placemark>
        <Placemark id="4773">
            <name>Adolf-Kolping-Straße</name>
            <description>Tiefe: 30–50 cm</description>
            <Point id="4772">
                <coordinates>8.161127276783857,49.34048414978462,0.0</coordinates>
            </Point>
        </Placemark>
        <Placemark id="4775">
            <name>Adolf-Kolping-Straße</name>
            <description>Tiefe: 30–50 cm</description>
            <Point id="4774">
                <coordinates>8.16291732337258,49.344855593988335,0.0</coordinates>
            </Point>
        </Placemark>
        <Placemark id="4777">
            <name>Adolf-Kolping-Straße</name>
            <description>Tiefe: 30–50 cm</description>
            <Point id="4776">
                <coordinates>8.16275963381713,49.344558005894996,0.0</coordinates>
            </Point>
        </Placemark>
        <Placemark id="4779">
            <name>Adolf-Kolping-Straße</name>
            <description>Tiefe: 30–50 cm</description>
            <Point id="4778">
                <coordinates>8.163097749999999,49.3455667,0.0</coordinates>
            </Point>
        </Placemark>
        <Placemark id="4781">
            <name>Adolf-Kolping-Straße</name>
            <description>Tiefe: 30–50 cm</description>
            <Point id="4780">
                <coordinates>8.163028450337855,49.34541182394429,0.0</coordinates>
            </Point>
        </Placemark>
        <Placemark id="4783">
            <name>Speyerdorfer Straße</name>
            <description>Tiefe: 30–50 cm</description>
            <Point id="4782">
                <coordinates>8.162532434185644,49.34522958488877,0.0</coordinates>
            </Point>
        </Placemark>
        <Placemark id="4785">
            <name>Speyerdorfer Straße</name>
            <description>Tiefe: 30–50 cm</description>
            <Point id="4784">
                <coordinates>8.160762735171566,49.34552543916568,0.0</coordinates>
            </Point>
        </Placemark>
        <Placemark id="4787">
            <name>Nachtweide</name>
            <description>Tiefe: 30–50 cm</description>
            <Point id="4786">
                <coordinates>8.176633035831523,49.35027781798057,0.0</coordinates>
            </Point>
        </Placemark>
        <Placemark id="4789">
            <name>Gartenstraße</name>
            <description>Tiefe: 50–100 cm</description>
            <Point id="4788">
                <coordinates>8.157017866686841,49.3021372274106,0.0</coordinates>
            </Point>
        </Placemark>
        <Placemark id="4791">
            <name>Gartenstraße</name>
            <description>Tiefe: 50–100 cm</description>
            <Point id="4790">
                <coordinates>8.158016522149719,49.30176759186696,0.0</coordinates>
            </Point>
        </Placemark>
        <Placemark id="4793">
            <name>Im Ringel</name>
            <description>Tiefe: 30–50 cm</description>
            <Point id="4792">
                <coordinates>8.19629643209789,49.32558627935491,0.0</coordinates>
            </Point>
        </Placemark>
        <Placemark id="4795">
            <name>Im Dörnel</name>
            <description>Tiefe: 30–50 cm</description>
            <Point id="4794">
                <coordinates>8.10319565,49.303698350000005,0.0</coordinates>
            </Point>
        </Placemark>
        <Placemark id="4797">
            <name>Im Dörnel</name>
            <description>Tiefe: 30–50 cm</description>
            <Point id="4796">
                <coordinates>8.104519155234069,49.303741087154705,0.0</coordinates>
            </Point>
        </Placemark>
        <Placemark id="4799">
            <name>Im Dörnel</name>
            <description>Tiefe: 30–50 cm</description>
            <Point id="4798">
                <coordinates>8.10319565,49.303698350000005,0.0</coordinates>
            </Point>
        </Placemark>
        <Placemark id="4801">
            <name>Brunnenstraße</name>
            <description>Tiefe: 50–100 cm</description>
            <Point id="4800">
                <coordinates>8.127552044395953,49.303263813553706,0.0</coordinates>
            </Point>
        </Placemark>
        <Placemark id="4803">
            <name>Brunnenstraße</name>
            <description>Tiefe: 50–100 cm</description>
            <Point id="4802">
                <coordinates>8.129613502994056,49.303335232104935,0.0</coordinates>
            </Point>
        </Placemark>
        <Placemark id="4805">
            <name>Sankt-Martiner-Straße</name>
            <description>Tiefe: 50–100 cm</description>
            <Point id="4804">
                <coordinates>8.126107405136809,49.30307026204188,0.0</coordinates>
            </Point>
        </Placemark>
        <Placemark id="4807">
            <name>Sankt-Martiner-Straße</name>
            <description>Tiefe: 50–100 cm</description>
            <Point id="4806">
                <coordinates>8.127367601899426,49.30377707196001,0.0</coordinates>
            </Point>
        </Placemark>
        <Placemark id="4809">
            <name>Brunnenstraße</name>
            <description>Tiefe: 50–100 cm</description>
            <Point id="4808">
                <coordinates>8.127552044395953,49.303263813553706,0.0</coordinates>
            </Point>
        </Placemark>
        <Placemark id="4811">
            <name>Weinstraße Süd</name>
            <description>Tiefe: 30–50 cm</description>
            <Point id="4810">
                <coordinates>8.130733060095869,49.302982479111556,0.0</coordinates>
            </Point>
        </Placemark>
        <Placemark id="4813">
            <name>Brunnenstraße</name>
            <description>Tiefe: 50–100 cm</description>
            <Point id="4812">
                <coordinates>8.129613502994056,49.303335232104935,0.0</coordinates>
            </Point>
        </Placemark>
        <Placemark id="4815">
            <name>Weideweg</name>
            <description>Tiefe: 30–50 cm</description>
            <Point id="4814">
                <coordinates>8.12826925,49.301276099999995,0.0</coordinates>
            </Point>
        </Placemark>
        <Placemark id="4817">
            <name>Weideweg</name>
            <description>Tiefe: 30–50 cm</description>
            <Point id="4816">
                <coordinates>8.126707452671138,49.30141271157078,0.0</coordinates>
            </Point>
        </Placemark>
        <Placemark id="4819">
            <name>Marktstraße</name>
            <description>Tiefe: 50–100 cm</description>
            <Point id="4818">
                <coordinates>8.13444235,49.30440365,0.0</coordinates>
            </Point>
        </Placemark>
        <Placemark id="4821">
            <name>Marktstraße</name>
            <description>Tiefe: 50–100 cm</description>
            <Point id="4820">
                <coordinates>8.135647990112929,49.304326755407345,0.0</coordinates>
            </Point>
        </Placemark>
        <Placemark id="4823">
            <name>Marktstraße</name>
            <description>Tiefe: 50–100 cm</description>
            <Point id="4822">
                <coordinates>8.13487218616569,49.3041137166377,0.0</coordinates>
            </Point>
        </Placemark>
        <Placemark id="4825">
            <name>Breitenweg</name>
            <description>Tiefe: 50–100 cm</description>
            <Point id="4824">
                <coordinates>8.18798914718183,49.363465903472964,0.0</coordinates>
            </Point>
        </Placemark>
        <Placemark id="4827">
            <name>Karl-Rauch-Siedlung</name>
            <description>Tiefe: 30–50 cm</description>
            <Point id="4826">
                <coordinates>8.086220418116458,49.37616433281887,0.0</coordinates>
            </Point>
        </Placemark>
        <Placemark id="4829">
            <name>Dörrentalstraße</name>
            <description>Tiefe: 30–50 cm</description>
            <Point id="4828">
                <coordinates>8.086734339835443,49.3759675771583,0.0</coordinates>
            </Point>
        </Placemark>
        <Placemark id="4831">
            <name>Dörrentalstraße</name>
            <description>Tiefe: 30–50 cm</description>
            <Point id="4830">
                <coordinates>8.086754833238146,49.37693925456621,0.0</coordinates>
            </Point>
        </Placemark>
        <Placemark id="4833">
            <name>Freiherr-vom-Stein-Straße</name>
            <description>Tiefe: 50–100 cm</description>
            <Point id="4832">
                <coordinates>8.07911525225822,49.36970380725352,0.0</coordinates>
            </Point>
        </Placemark>
        <Placemark id="4835">
            <name>Freiherr-vom-Stein-Straße</name>
            <description>Tiefe: 50–100 cm</description>
            <Point id="4834">
                <coordinates>8.077719892527119,49.36897401123591,0.0</coordinates>
            </Point>
        </Placemark>
        <Placemark id="4837">
            <name>Wiesenstraße</name>
            <description>Tiefe: 50–100 cm</description>
            <Point id="4836">
                <coordinates>8.073647794829444,49.3707533600121,0.0</coordinates>
            </Point>
        </Placemark>
        <Placemark id="4839">
            <name>Wiesenstraße</name>
            <description>Tiefe: 50–100 cm</description>
            <Point id="4838">
                <coordinates>8.072493607413397,49.370704184907034,0.0</coordinates>
            </Point>
        </Placemark>
        <Placemark id="4841">
            <name>Karl-Rauch-Siedlung</name>
            <description>Tiefe: 30–50 cm</description>
            <Point id="4840">
                <coordinates>8.0865027,49.375559800000005,0.0</coordinates>
            </Point>
        </Placemark>
        <Placemark id="4843">
            <name>Dörrentalstraße</name>
            <description>Tiefe: 30–50 cm</description>
            <Point id="4842">
                <coordinates>8.08685492023057,49.375162586530585,0.0</coordinates>
            </Point>
        </Placemark>
        <Placemark id="4845">
            <name>Dörrentalstraße</name>
            <description>Tiefe: 30–50 cm</description>
            <Point id="4844">
                <coordinates>8.086734339835443,49.3759675771583,0.0</coordinates>
            </Point>
        </Placemark>
        <Placemark id="4847">
            <name>Im Häuselgarten</name>
            <description>Tiefe: 30–50 cm</description>
            <Point id="4846">
                <coordinates>8.06927241344099,49.36785453358703,0.0</coordinates>
            </Point>
        </Placemark>
        <Placemark id="4849">
            <name>Im Häuselgarten</name>
            <description>Tiefe: 30–50 cm</description>
            <Point id="4848">
                <coordinates>8.069039197621061,49.368260899302996,0.0</coordinates>
            </Point>
        </Placemark>
        <Placemark id="4851">
            <name>Freiherr-vom-Stein-Straße</name>
            <description>Tiefe: 50–100 cm</description>
            <Point id="4850">
                <coordinates>8.07911525225822,49.36970380725352,0.0</coordinates>
            </Point>
        </Placemark>
        <Placemark id="4853">
            <name>Lambertusstraße</name>
            <description>Tiefe: 30–50 cm</description>
            <Point id="4852">
                <coordinates>8.077323802607452,49.368227329265395,0.0</coordinates>
            </Point>
        </Placemark>
        <Placemark id="4855">
            <name>Lambertusstraße</name>
            <description>Tiefe: 30–50 cm</description>
            <Point id="4854">
                <coordinates>8.07828143854207,49.36764261647203,0.0</coordinates>
            </Point>
        </Placemark>
        <Placemark id="4857">
            <name>Lambertusstraße</name>
            <description>Tiefe: 30–50 cm</description>
            <Point id="4856">
                <coordinates>8.07828143854207,49.36764261647203,0.0</coordinates>
            </Point>
        </Placemark>
        <Placemark id="4859">
            <name>Albert-Schweitzer-Straße</name>
            <description>Tiefe: 30–50 cm</description>
            <Point id="4858">
                <coordinates>8.076367165977375,49.36911132191393,0.0</coordinates>
            </Point>
        </Placemark>
        <Placemark id="4861">
            <name>Marktstraße</name>
            <description>Tiefe: 50–100 cm</description>
            <Point id="4860">
                <coordinates>8.068944,49.36860755,0.0</coordinates>
            </Point>
        </Placemark>
        <Placemark id="4863">
            <name>Marktstraße</name>
            <description>Tiefe: 50–100 cm</description>
            <Point id="4862">
                <coordinates>8.068421288927569,49.36813397035228,0.0</coordinates>
            </Point>
        </Placemark>
        <Placemark id="4865">
            <name>Im Häuselgarten</name>
            <description>Tiefe: 30–50 cm</description>
            <Point id="4864">
                <coordinates>8.069039197621061,49.368260899302996,0.0</coordinates>
            </Point>
        </Placemark>
        <Placemark id="4867">
            <name>Gartenstraße</name>
            <description>Tiefe: 50–100 cm</description>
            <Point id="4866">
                <coordinates>8.07856615,49.370358800000005,0.0</coordinates>
            </Point>
        </Placemark>
        <Placemark id="4869">
            <name>Gartenstraße</name>
            <description>Tiefe: 50–100 cm</description>
            <Point id="4868">
                <coordinates>8.075711765345508,49.369567299755836,0.0</coordinates>
            </Point>
        </Placemark>
        <Placemark id="4871">
            <name>Johann-Casimir-Straße</name>
            <description>Tiefe: 30–50 cm</description>
            <Point id="4870">
                <coordinates>8.078385866900176,49.37113819877302,0.0</coordinates>
            </Point>
        </Placemark>
        <Placemark id="4873">
            <name>Lambertusstraße</name>
            <description>Tiefe: 30–50 cm</description>
            <Point id="4872">
                <coordinates>8.076255443524493,49.36858483670975,0.0</coordinates>
            </Point>
        </Placemark>
        <Placemark id="4875">
            <name>Lambertusstraße</name>
            <description>Tiefe: 30–50 cm</description>
            <Point id="4874">
                <coordinates>8.075455510571032,49.3685550774561,0.0</coordinates>
            </Point>
        </Placemark>
        <Placemark id="4877">
            <name>Albert-Schweitzer-Straße</name>
            <description>Tiefe: 30–50 cm</description>
            <Point id="4876">
                <coordinates>8.076367165977375,49.36911132191393,0.0</coordinates>
            </Point>
        </Placemark>
        <Placemark id="4879">
            <name>Gartenstraße</name>
            <description>Tiefe: 50–100 cm</description>
            <Point id="4878">
                <coordinates>8.080165407835818,49.37059629007117,0.0</coordinates>
            </Point>
        </Placemark>
        <Placemark id="4881">
            <name>Lambertusstraße</name>
            <description>Tiefe: 30–50 cm</description>
            <Point id="4880">
                <coordinates>8.074438283387387,49.36907104822863,0.0</coordinates>
            </Point>
        </Placemark>
        <Placemark id="4883">
            <name>Gartenstraße</name>
            <description>Tiefe: 50–100 cm</description>
            <Point id="4882">
                <coordinates>8.075711765345508,49.369567299755836,0.0</coordinates>
            </Point>
        </Placemark>
        <Placemark id="4885">
            <name>Gartenstraße</name>
            <description>Tiefe: 50–100 cm</description>
            <Point id="4884">
                <coordinates>8.072079727510303,49.36933828937462,0.0</coordinates>
            </Point>
        </Placemark>
        <Placemark id="4887">
            <name>Lambertusstraße</name>
            <description>Tiefe: 30–50 cm</description>
            <Point id="4886">
                <coordinates>8.077323802607452,49.368227329265395,0.0</coordinates>
            </Point>
        </Placemark>
        <Placemark id="4889">
            <name>Lambertusstraße</name>
            <description>Tiefe: 30–50 cm</description>
            <Point id="4888">
                <coordinates>8.076255443524493,49.36858483670975,0.0</coordinates>
            </Point>
        </Placemark>
        <Placemark id="4891">
            <name>Freiherr-vom-Stein-Straße</name>
            <description>Tiefe: 50–100 cm</description>
            <Point id="4890">
                <coordinates>8.077719892527119,49.36897401123591,0.0</coordinates>
            </Point>
        </Placemark>
        <Placemark id="4893">
            <name>Karl-Rauch-Siedlung</name>
            <description>Tiefe: 30–50 cm</description>
            <Point id="4892">
                <coordinates>8.0865027,49.375559800000005,0.0</coordinates>
            </Point>
        </Placemark>
        <Placemark id="4895">
            <name>Karl-Rauch-Siedlung</name>
            <description>Tiefe: 30–50 cm</description>
            <Point id="4894">
                <coordinates>8.086220418116458,49.37616433281887,0.0</coordinates>
            </Point>
        </Placemark>
        <Placemark id="4897">
            <name>Karl-Rauch-Siedlung</name>
            <description>Tiefe: 30–50 cm</description>
            <Point id="4896">
                <coordinates>8.086037020691776,49.37535981041958,0.0</coordinates>
            </Point>
        </Placemark>
        <Placemark id="4899">
            <name>Gartenstraße</name>
            <description>Tiefe: 50–100 cm</description>
            <Point id="4898">
                <coordinates>8.07856615,49.370358800000005,0.0</coordinates>
            </Point>
        </Placemark>
        <Placemark id="4901">
            <name>Gartenstraße</name>
            <description>Tiefe: 50–100 cm</description>
            <Point id="4900">
                <coordinates>8.080165407835818,49.37059629007117,0.0</coordinates>
            </Point>
        </Placemark>
        <Placemark id="4903">
            <name>Johann-Casimir-Straße</name>
            <description>Tiefe: 30–50 cm</description>
            <Point id="4902">
                <coordinates>8.078385866900176,49.37113819877302,0.0</coordinates>
            </Point>
        </Placemark>
        <Placemark id="4905">
            <name>Fasanenweg</name>
            <description>Tiefe: 50–100 cm</description>
            <Point id="4904">
                <coordinates>8.189362246711372,49.40618426235235,0.0</coordinates>
            </Point>
        </Placemark>
        <Placemark id="4907">
            <name>Weinstraße</name>
            <description>Tiefe: 30–50 cm</description>
            <Point id="4906">
                <coordinates>8.1858674,49.4045933,0.0</coordinates>
            </Point>
        </Placemark>
        <Placemark id="4909">
            <name>Weinstraße</name>
            <description>Tiefe: 30–50 cm</description>
            <Point id="4908">
                <coordinates>8.185955514496294,49.40413532503833,0.0</coordinates>
            </Point>
        </Placemark>
        <Placemark id="4911">
            <name>Talstraße</name>
            <description>Tiefe: 30–50 cm</description>
            <Point id="4910">
                <coordinates>8.109521577320145,49.35615112561248,0.0</coordinates>
            </Point>
        </Placemark>
        <Placemark id="4913">
            <name>Talstraße</name>
            <description>Tiefe: 30–50 cm</description>
            <Point id="4912">
                <coordinates>8.10693528328156,49.35660634754665,0.0</coordinates>
            </Point>
        </Placemark>
        <Placemark id="4915">
            <name>Neutalstraße</name>
            <description>Tiefe: 50–100 cm</description>
            <Point id="4914">
                <coordinates>8.098143957907046,49.38036867465695,0.0</coordinates>
            </Point>
        </Placemark>
        <Placemark id="4917">
            <name>Neutalstraße</name>
            <description>Tiefe: 50–100 cm</description>
            <Point id="4916">
                <coordinates>8.099550457149448,49.380327828021564,0.0</coordinates>
            </Point>
        </Placemark>
        <Placemark id="4919">
            <name>Neutalstraße</name>
            <description>Tiefe: 50–100 cm</description>
            <Point id="4918">
                <coordinates>8.098143957907046,49.38036867465695,0.0</coordinates>
            </Point>
        </Placemark>
        <Placemark id="4921">
            <name>Hauptstraße</name>
            <description>Tiefe: 30–50 cm</description>
            <Point id="4920">
                <coordinates>8.096807545652986,49.378938953968124,0.0</coordinates>
            </Point>
        </Placemark>
        <Placemark id="4923">
            <name>Hauptstraße</name>
            <description>Tiefe: 30–50 cm</description>
            <Point id="4922">
                <coordinates>8.097772696670326,49.380524202622276,0.0</coordinates>
            </Point>
        </Placemark>
        <Placemark id="4925">
            <name>Spelzenackerstraße</name>
            <description>Tiefe: 50–100 cm</description>
            <Point id="4924">
                <coordinates>8.095725353417297,49.381044041587735,0.0</coordinates>
            </Point>
        </Placemark>
        <Placemark id="4927">
            <name>Spelzenackerstraße</name>
            <description>Tiefe: 50–100 cm</description>
            <Point id="4926">
                <coordinates>8.095695309257598,49.37911312272756,0.0</coordinates>
            </Point>
        </Placemark>
        <Placemark id="4929">
            <name>Wiesenstraße</name>
            <description>Tiefe: 50–100 cm</description>
            <Point id="4928">
                <coordinates>8.096711830599986,49.380851865188255,0.0</coordinates>
            </Point>
        </Placemark>
        <Placemark id="4931">
            <name>Karolinenstraße</name>
            <description>Tiefe: 50–100 cm</description>
            <Point id="4930">
                <coordinates>8.131627030136828,49.35002336717463,0.0</coordinates>
            </Point>
        </Placemark>
        <Placemark id="4933">
            <name>Bachstraße</name>
            <description>Tiefe: 50–100 cm</description>
            <Point id="4932">
                <coordinates>8.09749175,49.38313755,0.0</coordinates>
            </Point>
        </Placemark>
        <Placemark id="4935">
            <name>Bachstraße</name>
            <description>Tiefe: 50–100 cm</description>
            <Point id="4934">
                <coordinates>8.097173493208093,49.38339572977242,0.0</coordinates>
            </Point>
        </Placemark>
        <Placemark id="4937">
            <name>Bachstraße</name>
            <description>Tiefe: 50–100 cm</description>
            <Point id="4936">
                <coordinates>8.097394265106976,49.38260756936927,0.0</coordinates>
            </Point>
        </Placemark>
        <Placemark id="4939">
            <name>Bachstraße</name>
            <description>Tiefe: 50–100 cm</description>
            <Point id="4938">
                <coordinates>8.09749175,49.38313755,0.0</coordinates>
            </Point>
        </Placemark>
        <Placemark id="4941">
            <name>Hauptstraße</name>
            <description>Tiefe: 30–50 cm</description>
            <Point id="4940">
                <coordinates>8.097647782876862,49.38291600608336,0.0</coordinates>
            </Point>
        </Placemark>
        <Placemark id="4943">
            <name>Hauptstraße</name>
            <description>Tiefe: 30–50 cm</description>
            <Point id="4942">
                <coordinates>8.09599668482667,49.38739627616334,0.0</coordinates>
            </Point>
        </Placemark>
        <Placemark id="4945">
            <name>Amalienstraße</name>
            <description>Tiefe: 50–100 cm</description>
            <Point id="4944">
                <coordinates>8.134798100000001,49.350580699999995,0.0</coordinates>
            </Point>
        </Placemark>
        <Placemark id="4947">
            <name>An der Steinmühle</name>
            <description>Tiefe: 30–50 cm</description>
            <Point id="4946">
                <coordinates>8.137207461548348,49.30068648894414,0.0</coordinates>
            </Point>
        </Placemark>
        <Placemark id="4949">
            <name>An der Südumgehung</name>
            <description>Tiefe: 50–100 cm</description>
            <Point id="4948">
                <coordinates>8.138246985330246,49.29920684235204,0.0</coordinates>
            </Point>
        </Placemark>
        <Placemark id="4951">
            <name>An der Südumgehung</name>
            <description>Tiefe: 50–100 cm</description>
            <Point id="4950">
                <coordinates>8.134868121373264,49.298770647928286,0.0</coordinates>
            </Point>
        </Placemark>
        <Placemark id="4953">
            <name>Kirschgartenstraße</name>
            <description>Tiefe: 30–50 cm</description>
            <Point id="4952">
                <coordinates>8.189355974763554,49.40691438822593,0.0</coordinates>
            </Point>
        </Placemark>
        <Placemark id="4955">
            <name>Kirschgartenstraße</name>
            <description>Tiefe: 30–50 cm</description>
            <Point id="4954">
                <coordinates>8.189111350000001,49.4074653,0.0</coordinates>
            </Point>
        </Placemark>
        <Placemark id="4957">
            <name>Kirschgartenstraße</name>
            <description>Tiefe: 30–50 cm</description>
            <Point id="4956">
                <coordinates>8.189355974763554,49.40691438822593,0.0</coordinates>
            </Point>
        </Placemark>
        <Placemark id="4959">
            <name>Lilienthalstraße</name>
            <description>Tiefe: 30–50 cm</description>
            <Point id="4958">
                <coordinates>8.20524302272443,49.33725498815218,0.0</coordinates>
            </Point>
        </Placemark>
        <Placemark id="4961">
            <name>Lilienthalstraße</name>
            <description>Tiefe: 30–50 cm</description>
            <Point id="4960">
                <coordinates>8.20405756672093,49.33697031969096,0.0</coordinates>
            </Point>
        </Placemark>
        <Placemark id="4963">
            <name>Lilienthalstraße</name>
            <description>Tiefe: 30–50 cm</description>
            <Point id="4962">
                <coordinates>8.205105992623258,49.338362576631425,0.0</coordinates>
            </Point>
        </Placemark>
        <Placemark id="4965">
            <name>Siedlerstraße</name>
            <description>Tiefe: 50–100 cm</description>
            <Point id="4964">
                <coordinates>8.10341545,49.35894865,0.0</coordinates>
            </Point>
        </Placemark>
        <Placemark id="4967">
            <name>Talstraße</name>
            <description>Tiefe: 30–50 cm</description>
            <Point id="4966">
                <coordinates>8.10336115,49.35907745,0.0</coordinates>
            </Point>
        </Placemark>
        <Placemark id="4969">
            <name>Talstraße</name>
            <description>Tiefe: 30–50 cm</description>
            <Point id="4968">
                <coordinates>8.104528098203822,49.358097383428316,0.0</coordinates>
            </Point>
        </Placemark>
        <Placemark id="4971">
            <name>Karl-Marx-Straße</name>
            <description>Tiefe: 30–50 cm</description>
            <Point id="4970">
                <coordinates>8.07017059914433,49.369939949265415,0.0</coordinates>
            </Point>
        </Placemark>
        <Placemark id="4973">
            <name>Karl-Marx-Straße</name>
            <description>Tiefe: 30–50 cm</description>
            <Point id="4972">
                <coordinates>8.070621081927275,49.37036805774049,0.0</coordinates>
            </Point>
        </Placemark>
        <Placemark id="4975">
            <name>Wallonenstraße</name>
            <description>Tiefe: 50–100 cm</description>
            <Point id="4974">
                <coordinates>8.070223735068224,49.370769113092905,0.0</coordinates>
            </Point>
        </Placemark>
        <Placemark id="4977">
            <name>Diedesfelder Straße</name>
            <description>Tiefe: 30–50 cm</description>
            <Point id="4976">
                <coordinates>8.13216135,49.3077962,0.0</coordinates>
            </Point>
        </Placemark>
        <Placemark id="4979">
            <name>Diedesfelder Straße</name>
            <description>Tiefe: 30–50 cm</description>
            <Point id="4978">
                <coordinates>8.131373374573606,49.307855595430816,0.0</coordinates>
            </Point>
        </Placemark>
        <Placemark id="4981">
            <name>Diedesfelder Straße</name>
            <description>Tiefe: 30–50 cm</description>
            <Point id="4980">
                <coordinates>8.132778726248421,49.30816411952626,0.0</coordinates>
            </Point>
        </Placemark>
        <Placemark id="4983">
            <name>Diedesfelder Straße</name>
            <description>Tiefe: 30–50 cm</description>
            <Point id="4982">
                <coordinates>8.133027184985112,49.30876484577357,0.0</coordinates>
            </Point>
        </Placemark>
        <Placemark id="4985">
            <name>Diedesfelder Straße</name>
            <description>Tiefe: 30–50 cm</description>
            <Point id="4984">
                <coordinates>8.133160798274753,49.30912009633105,0.0</coordinates>
            </Point>
        </Placemark>
        <Placemark id="4987">
            <name>Diedesfelder Straße</name>
            <description>Tiefe: 30–50 cm</description>
            <Point id="4986">
                <coordinates>8.133639254062869,49.30923270625989,0.0</coordinates>
            </Point>
        </Placemark>
        <Placemark id="4989">
            <name>Staatsstraße</name>
            <description>Tiefe: 50–100 cm</description>
            <Point id="4988">
                <coordinates>8.09227835,49.3722456,0.0</coordinates>
            </Point>
        </Placemark>
        <Placemark id="4991">
            <name>Staatsstraße</name>
            <description>Tiefe: 50–100 cm</description>
            <Point id="4990">
                <coordinates>8.099307918557354,49.36940856789571,0.0</coordinates>
            </Point>
        </Placemark>
        <Placemark id="4993">
            <name>Hauptstraße</name>
            <description>Tiefe: 30–50 cm</description>
            <Point id="4992">
                <coordinates>8.094547057593141,49.3730544270154,0.0</coordinates>
            </Point>
        </Placemark>
        <Placemark id="4995">
            <name>Vogelsang</name>
            <description>Tiefe: 50–100 cm</description>
            <Point id="4994">
                <coordinates>8.1968937,49.406211150000004,0.0</coordinates>
            </Point>
        </Placemark>
        <Placemark id="4997">
            <name>Bürgermeister-Oberhettinger-Straße</name>
            <description>Tiefe: 30–50 cm</description>
            <Point id="4996">
                <coordinates>8.19680825,49.4059489,0.0</coordinates>
            </Point>
        </Placemark>
        <Placemark id="4999">
            <name>Bürgermeister-Oberhettinger-Straße</name>
            <description>Tiefe: 30–50 cm</description>
            <Point id="4998">
                <coordinates>8.19773812074011,49.40593692848479,0.0</coordinates>
            </Point>
        </Placemark>
        <Placemark id="5001">
            <name>Vogelsang</name>
            <description>Tiefe: 50–100 cm</description>
            <Point id="5000">
                <coordinates>8.196924168989568,49.40681466449914,0.0</coordinates>
            </Point>
        </Placemark>
        <Placemark id="5003">
            <name>Karl-Marx-Straße</name>
            <description>Tiefe: 30–50 cm</description>
            <Point id="5002">
                <coordinates>8.070621081927275,49.37036805774049,0.0</coordinates>
            </Point>
        </Placemark>
        <Placemark id="5005">
            <name>Wiesenstraße</name>
            <description>Tiefe: 50–100 cm</description>
            <Point id="5004">
                <coordinates>8.071526689594188,49.37071657075501,0.0</coordinates>
            </Point>
        </Placemark>
        <Placemark id="5007">
            <name>Karl-Marx-Straße</name>
            <description>Tiefe: 30–50 cm</description>
            <Point id="5006">
                <coordinates>8.07099058583832,49.37082342873143,0.0</coordinates>
            </Point>
        </Placemark>
        <Placemark id="5009">
            <name>Vogelsang</name>
            <description>Tiefe: 50–100 cm</description>
            <Point id="5008">
                <coordinates>8.196856350000001,49.40556925,0.0</coordinates>
            </Point>
        </Placemark>
        <Placemark id="5011">
            <name>Vogelsang</name>
            <description>Tiefe: 50–100 cm</description>
            <Point id="5010">
                <coordinates>8.196871410412525,49.40581588524865,0.0</coordinates>
            </Point>
        </Placemark>
        <Placemark id="5013">
            <name>Gräfensteinstraße</name>
            <description>Tiefe: 50–100 cm</description>
            <Point id="5012">
                <coordinates>8.137896648363917,49.34200789017753,0.0</coordinates>
            </Point>
        </Placemark>
        <Placemark id="5015">
            <name>Falkensteinstraße</name>
            <description>Tiefe: 50–100 cm</description>
            <Point id="5014">
                <coordinates>8.136749729289127,49.34240368601946,0.0</coordinates>
            </Point>
        </Placemark>
        <Placemark id="5017">
            <name>Mühlweg</name>
            <description>Tiefe: 30–50 cm</description>
            <Point id="5016">
                <coordinates>8.13218955,49.343103299999996,0.0</coordinates>
            </Point>
        </Placemark>
        <Placemark id="5019">
            <name>Mühlweg</name>
            <description>Tiefe: 30–50 cm</description>
            <Point id="5018">
                <coordinates>8.131335789127613,49.34334443230054,0.0</coordinates>
            </Point>
        </Placemark>
        <Placemark id="5021">
            <name>Mühlweg</name>
            <description>Tiefe: 30–50 cm</description>
            <Point id="5020">
                <coordinates>8.130465449999999,49.34337265,0.0</coordinates>
            </Point>
        </Placemark>
        <Placemark id="5023">
            <name>Mühlweg</name>
            <description>Tiefe: 30–50 cm</description>
            <Point id="5022">
                <coordinates>8.131335789127613,49.34334443230054,0.0</coordinates>
            </Point>
        </Placemark>
        <Placemark id="5025">
            <name>Kastanienweg</name>
            <description>Tiefe: 30–50 cm</description>
            <Point id="5024">
                <coordinates>8.13051189587857,49.34816291802849,0.0</coordinates>
            </Point>
        </Placemark>
        <Placemark id="5027">
            <name>Saarlandstraße</name>
            <description>Tiefe: 30–50 cm</description>
            <Point id="5026">
                <coordinates>8.11748955912131,49.35247877912611,0.0</coordinates>
            </Point>
        </Placemark>
        <Placemark id="5029">
            <name>Wolfsburgstraße</name>
            <description>Tiefe: 30–50 cm</description>
            <Point id="5028">
                <coordinates>8.114975265094749,49.35626788316299,0.0</coordinates>
            </Point>
        </Placemark>
        <Placemark id="5031">
            <name>Quellenstraße</name>
            <description>Tiefe: 50–100 cm</description>
            <Point id="5030">
                <coordinates>8.115860178974536,49.355348140996306,0.0</coordinates>
            </Point>
        </Placemark>
        <Placemark id="5033">
            <name>Quellenstraße</name>
            <description>Tiefe: 50–100 cm</description>
            <Point id="5032">
                <coordinates>8.116607965335877,49.35557972269931,0.0</coordinates>
            </Point>
        </Placemark>
        <Placemark id="5035">
            <name>Sauterstraße</name>
            <description>Tiefe: 30–50 cm</description>
            <Point id="5034">
                <coordinates>8.117815439438862,49.35492406242554,0.0</coordinates>
            </Point>
        </Placemark>
        <Placemark id="5037">
            <name>Quellenstraße</name>
            <description>Tiefe: 50–100 cm</description>
            <Point id="5036">
                <coordinates>8.116607965335877,49.35557972269931,0.0</coordinates>
            </Point>
        </Placemark>
        <Placemark id="5039">
            <name>Quellenstraße</name>
            <description>Tiefe: 50–100 cm</description>
            <Point id="5038">
                <coordinates>8.11451235,49.3559992,0.0</coordinates>
            </Point>
        </Placemark>
        <Placemark id="5041">
            <name>Quellenstraße</name>
            <description>Tiefe: 50–100 cm</description>
            <Point id="5040">
                <coordinates>8.114824177937932,49.3555057757164,0.0</coordinates>
            </Point>
        </Placemark>
        <Placemark id="5043">
            <name>Quellenstraße</name>
            <description>Tiefe: 50–100 cm</description>
            <Point id="5042">
                <coordinates>8.113826858933887,49.355941441067294,0.0</coordinates>
            </Point>
        </Placemark>
        <Placemark id="5045">
            <name>Siedlerstraße</name>
            <description>Tiefe: 50–100 cm</description>
            <Point id="5044">
                <coordinates>8.100881495564172,49.35751596007899,0.0</coordinates>
            </Point>
        </Placemark>
        <Placemark id="5047">
            <name>Siedlerstraße</name>
            <description>Tiefe: 50–100 cm</description>
            <Point id="5046">
                <coordinates>8.099042150898685,49.35656796807697,0.0</coordinates>
            </Point>
        </Placemark>
        <Placemark id="5049">
            <name>Heidenbrunnenweg</name>
            <description>Tiefe: 50–100 cm</description>
            <Point id="5048">
                <coordinates>8.099110792776672,49.35788100785621,0.0</coordinates>
            </Point>
        </Placemark>
        <Placemark id="5051">
            <name>Heidenbrunnenweg</name>
            <description>Tiefe: 50–100 cm</description>
            <Point id="5050">
                <coordinates>8.100410903456032,49.359142465588526,0.0</coordinates>
            </Point>
        </Placemark>
        <Placemark id="5053">
            <name>Nonnentalstraße</name>
            <description>Tiefe: 30–50 cm</description>
            <Point id="5052">
                <coordinates>8.105999333650729,49.3678332334251,0.0</coordinates>
            </Point>
        </Placemark>
        <Placemark id="5055">
            <name>Eckstraße</name>
            <description>Tiefe: 50–100 cm</description>
            <Point id="5054">
                <coordinates>8.13568815,49.360565,0.0</coordinates>
            </Point>
        </Placemark>
        <Placemark id="5057">
            <name>Im Meisental</name>
            <description>Tiefe: 50–100 cm</description>
            <Point id="5056">
                <coordinates>8.13702103428654,49.360546988519985,0.0</coordinates>
            </Point>
        </Placemark>
        <Placemark id="5059">
            <name>Im Meisental</name>
            <description>Tiefe: 50–100 cm</description>
            <Point id="5058">
                <coordinates>8.130598153339053,49.363014585798844,0.0</coordinates>
            </Point>
        </Placemark>
        <Placemark id="5061">
            <name>Im Meisental</name>
            <description>Tiefe: 50–100 cm</description>
            <Point id="5060">
                <coordinates>8.130598153339053,49.363014585798844,0.0</coordinates>
            </Point>
        </Placemark>
        <Placemark id="5063">
            <name>Hauberallee</name>
            <description>Tiefe: 30–50 cm</description>
            <Point id="5062">
                <coordinates>8.116402410409991,49.351306963439875,0.0</coordinates>
            </Point>
        </Placemark>
        <Placemark id="5065">
            <name>Saarlandstraße</name>
            <description>Tiefe: 30–50 cm</description>
            <Point id="5064">
                <coordinates>8.116200172188213,49.352274432725636,0.0</coordinates>
            </Point>
        </Placemark>
        <Placemark id="5067">
            <name>Karolinenstraße</name>
            <description>Tiefe: 50–100 cm</description>
            <Point id="5066">
                <coordinates>8.124965745170938,49.34995191496352,0.0</coordinates>
            </Point>
        </Placemark>
        <Placemark id="5069">
            <name>Königsmühle</name>
            <description>Tiefe: 30–50 cm</description>
            <Point id="5068">
                <coordinates>8.105825360112231,49.34791284985391,0.0</coordinates>
            </Point>
        </Placemark>
        <Placemark id="5071">
            <name>Schöntalstraße</name>
            <description>Tiefe: 50–100 cm</description>
            <Point id="5070">
                <coordinates>8.109688627756258,49.35163993554461,0.0</coordinates>
            </Point>
        </Placemark>
        <Placemark id="5073">
            <name>Schöntalstraße</name>
            <description>Tiefe: 50–100 cm</description>
            <Point id="5072">
                <coordinates>8.094935377527491,49.34705574785598,0.0</coordinates>
            </Point>
        </Placemark>
        <Placemark id="5075">
            <name>Talstraße</name>
            <description>Tiefe: 30–50 cm</description>
            <Point id="5074">
                <coordinates>8.109521577320145,49.35615112561248,0.0</coordinates>
            </Point>
        </Placemark>
        <Placemark id="5077">
            <name>Talstraße</name>
            <description>Tiefe: 30–50 cm</description>
            <Point id="5076">
                <coordinates>8.113690398460928,49.35532151032991,0.0</coordinates>
            </Point>
        </Placemark>
        <Placemark id="5079">
            <name>Schöntalstraße</name>
            <description>Tiefe: 50–100 cm</description>
            <Point id="5078">
                <coordinates>8.109688627756258,49.35163993554461,0.0</coordinates>
            </Point>
        </Placemark>
        <Placemark id="5081">
            <name>Talstraße</name>
            <description>Tiefe: 30–50 cm</description>
            <Point id="5080">
                <coordinates>8.052251519056027,49.37647815409344,0.0</coordinates>
            </Point>
        </Placemark>
        <Placemark id="5083">
            <name>Talstraße</name>
            <description>Tiefe: 30–50 cm</description>
            <Point id="5082">
                <coordinates>8.053025923167667,49.376211200792994,0.0</coordinates>
            </Point>
        </Placemark>
        <Placemark id="5085">
            <name>Talstraße</name>
            <description>Tiefe: 30–50 cm</description>
            <Point id="5084">
                <coordinates>8.051024303968756,49.375838913805595,0.0</coordinates>
            </Point>
        </Placemark>
        <Placemark id="5087">
            <name>Im Altenschemel</name>
            <description>Tiefe: 30–50 cm</description>
            <Point id="5086">
                <coordinates>8.225979484995907,49.333032772755864,0.0</coordinates>
            </Point>
        </Placemark>
        <Placemark id="5089">
            <name>Im Altenschemel</name>
            <description>Tiefe: 30–50 cm</description>
            <Point id="5088">
                <coordinates>8.222224322004786,49.333454650174446,0.0</coordinates>
            </Point>
        </Placemark>
        <Placemark id="5091">
            <name>Im Altenschemel</name>
            <description>Tiefe: 30–50 cm</description>
            <Point id="5090">
                <coordinates>8.225450696247165,49.33569375937977,0.0</coordinates>
            </Point>
        </Placemark>
        <Placemark id="5093">
            <name>Im Altenschemel</name>
            <description>Tiefe: 30–50 cm</description>
            <Point id="5092">
                <coordinates>8.217586303362197,49.334586330105594,0.0</coordinates>
            </Point>
        </Placemark>
        <Placemark id="5095">
            <name>Im Altenschemel</name>
            <description>Tiefe: 30–50 cm</description>
            <Point id="5094">
                <coordinates>8.220504780278612,49.33561074849181,0.0</coordinates>
            </Point>
        </Placemark>
        <Placemark id="5097">
            <name>Im Altenschemel</name>
            <description>Tiefe: 30–50 cm</description>
            <Point id="5096">
                <coordinates>8.218051221330063,49.33555999860291,0.0</coordinates>
            </Point>
        </Placemark>
        <Placemark id="5099">
            <name>Im Altenschemel</name>
            <description>Tiefe: 30–50 cm</description>
            <Point id="5098">
                <coordinates>8.222224322004786,49.333454650174446,0.0</coordinates>
            </Point>
        </Placemark>
        <Placemark id="5101">
            <name>Im Altenschemel</name>
            <description>Tiefe: 30–50 cm</description>
            <Point id="5100">
                <coordinates>8.215187537953204,49.33527562254307,0.0</coordinates>
            </Point>
        </Placemark>
        <Placemark id="5103">
            <name>Im Altenschemel</name>
            <description>Tiefe: 30–50 cm</description>
            <Point id="5102">
                <coordinates>8.217586303362197,49.334586330105594,0.0</coordinates>
            </Point>
        </Placemark>
        <Placemark id="5105">
            <name>Im Altenschemel</name>
            <description>Tiefe: 30–50 cm</description>
            <Point id="5104">
                <coordinates>8.21606597964644,49.33588462339108,0.0</coordinates>
            </Point>
        </Placemark>
        <Placemark id="5107">
            <name>Im Altenschemel</name>
            <description>Tiefe: 30–50 cm</description>
            <Point id="5106">
                <coordinates>8.21577983846892,49.336716854320045,0.0</coordinates>
            </Point>
        </Placemark>
        <Placemark id="5109">
            <name>Im Altenschemel</name>
            <description>Tiefe: 30–50 cm</description>
            <Point id="5108">
                <coordinates>8.218051221330063,49.33555999860291,0.0</coordinates>
            </Point>
        </Placemark>
        <Placemark id="5111">
            <name>Im Altenschemel</name>
            <description>Tiefe: 30–50 cm</description>
            <Point id="5110">
                <coordinates>8.21606597964644,49.33588462339108,0.0</coordinates>
            </Point>
        </Placemark>
        <Placemark id="5113">
            <name>Im Altenschemel</name>
            <description>Tiefe: 30–50 cm</description>
            <Point id="5112">
                <coordinates>8.225568943901179,49.33887185186442,0.0</coordinates>
            </Point>
        </Placemark>
        <Placemark id="5115">
            <name>Im Altenschemel</name>
            <description>Tiefe: 30–50 cm</description>
            <Point id="5114">
                <coordinates>8.223380898239697,49.3375502698045,0.0</coordinates>
            </Point>
        </Placemark>
        <Placemark id="5117">
            <name>Im Altenschemel</name>
            <description>Tiefe: 30–50 cm</description>
            <Point id="5116">
                <coordinates>8.225450696247165,49.33569375937977,0.0</coordinates>
            </Point>
        </Placemark>
        <Placemark id="5119">
            <name>Im Altenschemel</name>
            <description>Tiefe: 30–50 cm</description>
            <Point id="5118">
                <coordinates>8.215176,49.33822955,0.0</coordinates>
            </Point>
        </Placemark>
        <Placemark id="5121">
            <name>Im Altenschemel</name>
            <description>Tiefe: 30–50 cm</description>
            <Point id="5120">
                <coordinates>8.22504345,49.339737400000004,0.0</coordinates>
            </Point>
        </Placemark>
        <Placemark id="5123">
            <name>Spitalbachstraße</name>
            <description>Tiefe: 50–100 cm</description>
            <Point id="5122">
                <coordinates>8.1613268,49.3483228,0.0</coordinates>
            </Point>
        </Placemark>
        <Placemark id="5125">
            <name>Stettiner Straße</name>
            <description>Tiefe: 50–100 cm</description>
            <Point id="5124">
                <coordinates>8.16172833846607,49.348546226688214,0.0</coordinates>
            </Point>
        </Placemark>
        <Placemark id="5127">
            <name>Spitalbachstraße</name>
            <description>Tiefe: 50–100 cm</description>
            <Point id="5126">
                <coordinates>8.162606606717295,49.348130787813794,0.0</coordinates>
            </Point>
        </Placemark>
        <Placemark id="5129">
            <name>Stettiner Straße</name>
            <description>Tiefe: 50–100 cm</description>
            <Point id="5128">
                <coordinates>8.162520111695416,49.348744248019415,0.0</coordinates>
            </Point>
        </Placemark>
        <Placemark id="5131">
            <name>Stettiner Straße</name>
            <description>Tiefe: 50–100 cm</description>
            <Point id="5130">
                <coordinates>8.162050808765416,49.34990167452074,0.0</coordinates>
            </Point>
        </Placemark>
        <Placemark id="5133">
            <name>Stettiner Straße</name>
            <description>Tiefe: 50–100 cm</description>
            <Point id="5132">
                <coordinates>8.16172833846607,49.348546226688214,0.0</coordinates>
            </Point>
        </Placemark>
        <Placemark id="5135">
            <name>Branchweilerhofstraße</name>
            <description>Tiefe: 50–100 cm</description>
            <Point id="5134">
                <coordinates>8.16214355,49.350997750000005,0.0</coordinates>
            </Point>
        </Placemark>
        <Placemark id="5137">
            <name>Stettiner Straße</name>
            <description>Tiefe: 50–100 cm</description>
            <Point id="5136">
                <coordinates>8.162050808765416,49.34990167452074,0.0</coordinates>
            </Point>
        </Placemark>
        <Placemark id="5139">
            <name>Branchweilerhofstraße</name>
            <description>Tiefe: 50–100 cm</description>
            <Point id="5138">
                <coordinates>8.163363903456105,49.35086732305361,0.0</coordinates>
            </Point>
        </Placemark>
        <Placemark id="5141">
            <name>Hauptstraße</name>
            <description>Tiefe: 30–50 cm</description>
            <Point id="5140">
                <coordinates>8.137161814879626,49.349917145069014,0.0</coordinates>
            </Point>
        </Placemark>
        <Placemark id="5143">
            <name>Staatsstraße</name>
            <description>Tiefe: 50–100 cm</description>
            <Point id="5142">
                <coordinates>8.087095886388667,49.37418427041167,0.0</coordinates>
            </Point>
        </Placemark>
        <Placemark id="5145">
            <name>Hauptstraße</name>
            <description>Tiefe: 30–50 cm</description>
            <Point id="5144">
                <coordinates>8.080629289295047,49.37354959007804,0.0</coordinates>
            </Point>
        </Placemark>
        <Placemark id="5147">
            <name>Karl-Rauch-Siedlung</name>
            <description>Tiefe: 30–50 cm</description>
            <Point id="5146">
                <coordinates>8.086347332471933,49.37476794521043,0.0</coordinates>
            </Point>
        </Placemark>
        <Placemark id="5149">
            <name>Dörrentalstraße</name>
            <description>Tiefe: 30–50 cm</description>
            <Point id="5148">
                <coordinates>8.08685492023057,49.375162586530585,0.0</coordinates>
            </Point>
        </Placemark>
        <Placemark id="5151">
            <name>Karl-Rauch-Siedlung</name>
            <description>Tiefe: 30–50 cm</description>
            <Point id="5150">
                <coordinates>8.086347332471933,49.37476794521043,0.0</coordinates>
            </Point>
        </Placemark>
        <Placemark id="5153">
            <name>Lambrechter Straße</name>
            <description>Tiefe: 50–100 cm</description>
            <Point id="5152">
                <coordinates>8.092108399880848,49.37366230588002,0.0</coordinates>
            </Point>
        </Placemark>
        <Placemark id="5155">
            <name>Lambrechter Straße</name>
            <description>Tiefe: 50–100 cm</description>
            <Point id="5154">
                <coordinates>8.092108399880848,49.37366230588002,0.0</coordinates>
            </Point>
        </Placemark>
        <Placemark id="5157">
            <name>Spelzenackerstraße</name>
            <description>Tiefe: 50–100 cm</description>
            <Point id="5156">
                <coordinates>8.095695309257598,49.37911312272756,0.0</coordinates>
            </Point>
        </Placemark>
        <Placemark id="5159">
            <name>Spelzenackerstraße</name>
            <description>Tiefe: 50–100 cm</description>
            <Point id="5158">
                <coordinates>8.095661374537656,49.37733258258017,0.0</coordinates>
            </Point>
        </Placemark>
        <Placemark id="5161">
            <name>Karlstraße</name>
            <description>Tiefe: 50–100 cm</description>
            <Point id="5160">
                <coordinates>8.098909588134417,49.38051285265176,0.0</coordinates>
            </Point>
        </Placemark>
        <Placemark id="5163">
            <name>Karlstraße</name>
            <description>Tiefe: 50–100 cm</description>
            <Point id="5162">
                <coordinates>8.098909588134417,49.38051285265176,0.0</coordinates>
            </Point>
        </Placemark>
        <Placemark id="5165">
            <name>Hauptstraße</name>
            <description>Tiefe: 30–50 cm</description>
            <Point id="5164">
                <coordinates>8.097713675017204,49.380718528450934,0.0</coordinates>
            </Point>
        </Placemark>
        <Placemark id="5167">
            <name>Hauptstraße</name>
            <description>Tiefe: 30–50 cm</description>
            <Point id="5166">
                <coordinates>8.097772696670326,49.380524202622276,0.0</coordinates>
            </Point>
        </Placemark>
        <Placemark id="5169">
            <name>Neutalstraße</name>
            <description>Tiefe: 50–100 cm</description>
            <Point id="5168">
                <coordinates>8.099550457149448,49.380327828021564,0.0</coordinates>
            </Point>
        </Placemark>
        <Placemark id="5171">
            <name>Bachstraße</name>
            <description>Tiefe: 50–100 cm</description>
            <Point id="5170">
                <coordinates>8.097173493208093,49.38339572977242,0.0</coordinates>
            </Point>
        </Placemark>
        <Placemark id="5173">
            <name>Im Johanniskirchel</name>
            <description>Tiefe: 50–100 cm</description>
            <Point id="5172">
                <coordinates>8.148678627221733,49.31941341553892,0.0</coordinates>
            </Point>
        </Placemark>
        <Placemark id="5175">
            <name>Remigiusstraße</name>
            <description>Tiefe: 50–100 cm</description>
            <Point id="5174">
                <coordinates>8.138484579200268,49.321559970929435,0.0</coordinates>
            </Point>
        </Placemark>
        <Placemark id="5177">
            <name>Kreuzstraße</name>
            <description>Tiefe: 30–50 cm</description>
            <Point id="5176">
                <coordinates>8.137269639446354,49.32128568999887,0.0</coordinates>
            </Point>
        </Placemark>
        <Placemark id="5179">
            <name>Kreuzstraße</name>
            <description>Tiefe: 30–50 cm</description>
            <Point id="5178">
                <coordinates>8.139375193510078,49.321248751551316,0.0</coordinates>
            </Point>
        </Placemark>
        <Placemark id="5181">
            <name>Heerstraße</name>
            <description>Tiefe: 50–100 cm</description>
            <Point id="5180">
                <coordinates>8.13215265,49.323083600000004,0.0</coordinates>
            </Point>
        </Placemark>
        <Placemark id="5183">
            <name>Heerstraße</name>
            <description>Tiefe: 50–100 cm</description>
            <Point id="5182">
                <coordinates>8.13175835,49.3231286,0.0</coordinates>
            </Point>
        </Placemark>
        <Placemark id="5185">
            <name>Im Döppelter</name>
            <description>Tiefe: 50–100 cm</description>
            <Point id="5184">
                <coordinates>8.131904147054579,49.32273799648089,0.0</coordinates>
            </Point>
        </Placemark>
        <Placemark id="5187">
            <name>Am Kirschgarten</name>
            <description>Tiefe: 30–50 cm</description>
            <Point id="5186">
                <coordinates>8.130120948623519,49.32426826294839,0.0</coordinates>
            </Point>
        </Placemark>
        <Placemark id="5189">
            <name>Andergasse</name>
            <description>Tiefe: 50–100 cm</description>
            <Point id="5188">
                <coordinates>8.128464480711527,49.32299748903865,0.0</coordinates>
            </Point>
        </Placemark>
        <Placemark id="5191">
            <name>Heerstraße</name>
            <description>Tiefe: 50–100 cm</description>
            <Point id="5190">
                <coordinates>8.130342654722106,49.32317220239929,0.0</coordinates>
            </Point>
        </Placemark>
        <Placemark id="5193">
            <name>Heerstraße</name>
            <description>Tiefe: 50–100 cm</description>
            <Point id="5192">
                <coordinates>8.13175835,49.3231286,0.0</coordinates>
            </Point>
        </Placemark>
        <Placemark id="5195">
            <name>Heerstraße</name>
            <description>Tiefe: 50–100 cm</description>
            <Point id="5194">
                <coordinates>8.131167372455565,49.323194725088655,0.0</coordinates>
            </Point>
        </Placemark>
        <Placemark id="5197">
            <name>Heerstraße</name>
            <description>Tiefe: 50–100 cm</description>
            <Point id="5196">
                <coordinates>8.131167372455565,49.323194725088655,0.0</coordinates>
            </Point>
        </Placemark>
        <Placemark id="5199">
            <name>Heerstraße</name>
            <description>Tiefe: 50–100 cm</description>
            <Point id="5198">
                <coordinates>8.130342654722106,49.32317220239929,0.0</coordinates>
            </Point>
        </Placemark>
        <Placemark id="5201">
            <name>Weinstraße</name>
            <description>Tiefe: 30–50 cm</description>
            <Point id="5200">
                <coordinates>8.135963975542293,49.323519838595274,0.0</coordinates>
            </Point>
        </Placemark>
        <Placemark id="5203">
            <name>Weinstraße</name>
            <description>Tiefe: 30–50 cm</description>
            <Point id="5202">
                <coordinates>8.135803758092369,49.32286964130972,0.0</coordinates>
            </Point>
        </Placemark>
        <Placemark id="5205">
            <name>Karolinenstraße</name>
            <description>Tiefe: 50–100 cm</description>
            <Point id="5204">
                <coordinates>8.137464384984938,49.34952630877318,0.0</coordinates>
            </Point>
        </Placemark>
        <Placemark id="5207">
            <name>Karolinenstraße</name>
            <description>Tiefe: 50–100 cm</description>
            <Point id="5206">
                <coordinates>8.134841716362988,49.34969604250407,0.0</coordinates>
            </Point>
        </Placemark>
        <Placemark id="5209">
            <name>Fröbelstraße</name>
            <description>Tiefe: 30–50 cm</description>
            <Point id="5208">
                <coordinates>8.133697545859475,49.35169888257487,0.0</coordinates>
            </Point>
        </Placemark>
        <Placemark id="5211">
            <name>Fröbelstraße</name>
            <description>Tiefe: 30–50 cm</description>
            <Point id="5210">
                <coordinates>8.134828599999999,49.351697,0.0</coordinates>
            </Point>
        </Placemark>
        <Placemark id="5213">
            <name>Branchweilerhofstraße</name>
            <description>Tiefe: 50–100 cm</description>
            <Point id="5212">
                <coordinates>8.156012890986199,49.35225426503382,0.0</coordinates>
            </Point>
        </Placemark>
        <Placemark id="5215">
            <name>Branchweilerhofstraße</name>
            <description>Tiefe: 50–100 cm</description>
            <Point id="5214">
                <coordinates>8.15665852321229,49.35178888668378,0.0</coordinates>
            </Point>
        </Placemark>
        <Placemark id="5217">
            <name>Ludwigstraße</name>
            <description>Tiefe: 50–100 cm</description>
            <Point id="5216">
                <coordinates>8.1316389,49.3529659,0.0</coordinates>
            </Point>
        </Placemark>
        <Placemark id="5219">
            <name>Ludwigstraße</name>
            <description>Tiefe: 50–100 cm</description>
            <Point id="5218">
                <coordinates>8.131028258072433,49.35276693981121,0.0</coordinates>
            </Point>
        </Placemark>
        <Placemark id="5221">
            <name>Kohlplatz</name>
            <description>Tiefe: 50–100 cm</description>
            <Point id="5220">
                <coordinates>8.131782142640542,49.35271529802819,0.0</coordinates>
            </Point>
        </Placemark>
        <Placemark id="5223">
            <name>Hauptstraße</name>
            <description>Tiefe: 30–50 cm</description>
            <Point id="5222">
                <coordinates>8.051089919585122,49.3791201605001,0.0</coordinates>
            </Point>
        </Placemark>
        <Placemark id="5225">
            <name>Talstraße</name>
            <description>Tiefe: 30–50 cm</description>
            <Point id="5224">
                <coordinates>8.052906432570989,49.37711158722174,0.0</coordinates>
            </Point>
        </Placemark>
        <Placemark id="5227">
            <name>Hauptstraße</name>
            <description>Tiefe: 30–50 cm</description>
            <Point id="5226">
                <coordinates>8.053731309117206,49.37682653593039,0.0</coordinates>
            </Point>
        </Placemark>
        <Placemark id="5229">
            <name>Talstraße</name>
            <description>Tiefe: 30–50 cm</description>
            <Point id="5228">
                <coordinates>8.053025923167667,49.376211200792994,0.0</coordinates>
            </Point>
        </Placemark>
        <Placemark id="5231">
            <name>Hauptstraße</name>
            <description>Tiefe: 30–50 cm</description>
            <Point id="5230">
                <coordinates>8.058536459940623,49.374950885652694,0.0</coordinates>
            </Point>
        </Placemark>
        <Placemark id="5233">
            <name>Hauptstraße</name>
            <description>Tiefe: 30–50 cm</description>
            <Point id="5232">
                <coordinates>8.053731309117206,49.37682653593039,0.0</coordinates>
            </Point>
        </Placemark>
        <Placemark id="5235">
            <name>Hauptstraße</name>
            <description>Tiefe: 30–50 cm</description>
            <Point id="5234">
                <coordinates>8.051089919585122,49.3791201605001,0.0</coordinates>
            </Point>
        </Placemark>
        <Placemark id="5237">
            <name>Mühlstraße</name>
            <description>Tiefe: 50–100 cm</description>
            <Point id="5236">
                <coordinates>8.100082101461519,49.299118476270486,0.0</coordinates>
            </Point>
        </Placemark>
        <Placemark id="5239">
            <name>Wooggasse</name>
            <description>Tiefe: 50–100 cm</description>
            <Point id="5238">
                <coordinates>8.100035276646047,49.29947478073888,0.0</coordinates>
            </Point>
        </Placemark>
        <Placemark id="5241">
            <name>Speyerdorfer Straße</name>
            <description>Tiefe: 30–50 cm</description>
            <Point id="5240">
                <coordinates>8.15814048945598,49.3460796739856,0.0</coordinates>
            </Point>
        </Placemark>
        <Placemark id="5243">
            <name>Speyerdorfer Straße</name>
            <description>Tiefe: 30–50 cm</description>
            <Point id="5242">
                <coordinates>8.156162814102927,49.346474055479305,0.0</coordinates>
            </Point>
        </Placemark>
        <Placemark id="5245">
            <name>Quellenstraße</name>
            <description>Tiefe: 50–100 cm</description>
            <Point id="5244">
                <coordinates>8.112615829611881,49.356208379298224,0.0</coordinates>
            </Point>
        </Placemark>
        <Placemark id="5247">
            <name>Quellenstraße</name>
            <description>Tiefe: 50–100 cm</description>
            <Point id="5246">
                <coordinates>8.11451235,49.3559992,0.0</coordinates>
            </Point>
        </Placemark>
        <Placemark id="5249">
            <name>Hauptstraße</name>
            <description>Tiefe: 30–50 cm</description>
            <Point id="5248">
                <coordinates>8.160477754008587,49.30242663170381,0.0</coordinates>
            </Point>
        </Placemark>
        <Placemark id="5251">
            <name>Hauptstraße</name>
            <description>Tiefe: 30–50 cm</description>
            <Point id="5250">
                <coordinates>8.15941602667732,49.30266337181236,0.0</coordinates>
            </Point>
        </Placemark>
        <Placemark id="5253">
            <name>Baumgartenstraße</name>
            <description>Tiefe: 50–100 cm</description>
            <Point id="5252">
                <coordinates>8.198691239139475,49.32077724388566,0.0</coordinates>
            </Point>
        </Placemark>
        <Placemark id="5255">
            <name>Bonhoefferstraße</name>
            <description>Tiefe: 50–100 cm</description>
            <Point id="5254">
                <coordinates>8.199441451295945,49.32084760813992,0.0</coordinates>
            </Point>
        </Placemark>
        <Placemark id="5257">
            <name>Baumgartenstraße</name>
            <description>Tiefe: 50–100 cm</description>
            <Point id="5256">
                <coordinates>8.198757338993792,49.31981774953776,0.0</coordinates>
            </Point>
        </Placemark>
        <Placemark id="5259">
            <name>Bauerndoktor-Gros-Straße</name>
            <description>Tiefe: 50–100 cm</description>
            <Point id="5258">
                <coordinates>8.198021117333337,49.32113049727282,0.0</coordinates>
            </Point>
        </Placemark>
        <Placemark id="5261">
            <name>Bauerndoktor-Gros-Straße</name>
            <description>Tiefe: 50–100 cm</description>
            <Point id="5260">
                <coordinates>8.197297801695417,49.32135363087332,0.0</coordinates>
            </Point>
        </Placemark>
        <Placemark id="5263">
            <name>Bauerndoktor-Gros-Straße</name>
            <description>Tiefe: 50–100 cm</description>
            <Point id="5262">
                <coordinates>8.197235540995406,49.32097110103255,0.0</coordinates>
            </Point>
        </Placemark>
        <Placemark id="5265">
            <name>Hetzelstraße</name>
            <description>Tiefe: 30–50 cm</description>
            <Point id="5264">
                <coordinates>8.13513175,49.35247675,0.0</coordinates>
            </Point>
        </Placemark>
        <Placemark id="5267">
            <name>Hetzelstraße</name>
            <description>Tiefe: 30–50 cm</description>
            <Point id="5266">
                <coordinates>8.13504755,49.35271625,0.0</coordinates>
            </Point>
        </Placemark>
        <Placemark id="5269">
            <name>Dörrentalstraße</name>
            <description>Tiefe: 30–50 cm</description>
            <Point id="5268">
                <coordinates>8.086754833238146,49.37693925456621,0.0</coordinates>
            </Point>
        </Placemark>
        <Placemark id="5271">
            <name>Baumgartenstraße</name>
            <description>Tiefe: 50–100 cm</description>
            <Point id="5270">
                <coordinates>8.198980500000001,49.318529350000006,0.0</coordinates>
            </Point>
        </Placemark>
        <Placemark id="5273">
            <name>Baumgartenstraße</name>
            <description>Tiefe: 50–100 cm</description>
            <Point id="5272">
                <coordinates>8.198980500000001,49.318529350000006,0.0</coordinates>
            </Point>
        </Placemark>
        <Placemark id="5275">
            <name>Kirrweilerer Straße</name>
            <description>Tiefe: 50–100 cm</description>
            <Point id="5274">
                <coordinates>8.195965445102471,49.318568007506194,0.0</coordinates>
            </Point>
        </Placemark>
        <Placemark id="5277">
            <name>Im Schafgarten</name>
            <description>Tiefe: 50–100 cm</description>
            <Point id="5276">
                <coordinates>8.196094299999999,49.32082435,0.0</coordinates>
            </Point>
        </Placemark>
        <Placemark id="5279">
            <name>Bauerndoktor-Gros-Straße</name>
            <description>Tiefe: 50–100 cm</description>
            <Point id="5278">
                <coordinates>8.197235540995406,49.32097110103255,0.0</coordinates>
            </Point>
        </Placemark>
        <Placemark id="5281">
            <name>Im Schafgarten</name>
            <description>Tiefe: 50–100 cm</description>
            <Point id="5280">
                <coordinates>8.196094299999999,49.32082435,0.0</coordinates>
            </Point>
        </Placemark>
        <Placemark id="5283">
            <name>Schliedererstraße</name>
            <description>Tiefe: 50–100 cm</description>
            <Point id="5282">
                <coordinates>8.19435967137356,49.32082101022243,0.0</coordinates>
            </Point>
        </Placemark>
        <Placemark id="5285">
            <name>Schliedererstraße</name>
            <description>Tiefe: 50–100 cm</description>
            <Point id="5284">
                <coordinates>8.19654376518491,49.32144145189533,0.0</coordinates>
            </Point>
        </Placemark>
        <Placemark id="5287">
            <name>Stangenbrunnengasse</name>
            <description>Tiefe: 30–50 cm</description>
            <Point id="5286">
                <coordinates>8.135633107213767,49.35232284705119,0.0</coordinates>
            </Point>
        </Placemark>
        <Placemark id="5289">
            <name>Flugplatzstraße</name>
            <description>Tiefe: 50–100 cm</description>
            <Point id="5288">
                <coordinates>8.2030618,49.33506115,0.0</coordinates>
            </Point>
        </Placemark>
        <Placemark id="5291">
            <name>Flugplatzstraße</name>
            <description>Tiefe: 50–100 cm</description>
            <Point id="5290">
                <coordinates>8.20364039814258,49.33606668042897,0.0</coordinates>
            </Point>
        </Placemark>
        <Placemark id="5293">
            <name>Lilienthalstraße</name>
            <description>Tiefe: 30–50 cm</description>
            <Point id="5292">
                <coordinates>8.20395405,49.3367225,0.0</coordinates>
            </Point>
        </Placemark>
        <Placemark id="5295">
            <name>Lilienthalstraße</name>
            <description>Tiefe: 30–50 cm</description>
            <Point id="5294">
                <coordinates>8.20405756672093,49.33697031969096,0.0</coordinates>
            </Point>
        </Placemark>
        <Placemark id="5297">
            <name>Deidesheimer Straße</name>
            <description>Tiefe: 50–100 cm</description>
            <Point id="5296">
                <coordinates>8.175923300861333,49.38739624697361,0.0</coordinates>
            </Point>
        </Placemark>
        <Placemark id="5299">
            <name>Deidesheimer Straße</name>
            <description>Tiefe: 50–100 cm</description>
            <Point id="5298">
                <coordinates>8.175923300861333,49.38739624697361,0.0</coordinates>
            </Point>
        </Placemark>
        <Placemark id="5301">
            <name>Deidesheimer Straße</name>
            <description>Tiefe: 50–100 cm</description>
            <Point id="5300">
                <coordinates>8.177232514970651,49.38727180986164,0.0</coordinates>
            </Point>
        </Placemark>
        <Placemark id="5303">
            <name>Deidesheimer Straße</name>
            <description>Tiefe: 50–100 cm</description>
            <Point id="5302">
                <coordinates>8.170328223185537,49.38765485353695,0.0</coordinates>
            </Point>
        </Placemark>
        <Placemark id="5305">
            <name>Flugplatzstraße</name>
            <description>Tiefe: 50–100 cm</description>
            <Point id="5304">
                <coordinates>8.202120020625145,49.33349000435423,0.0</coordinates>
            </Point>
        </Placemark>
        <Placemark id="5307">
            <name>Flugplatzstraße</name>
            <description>Tiefe: 50–100 cm</description>
            <Point id="5306">
                <coordinates>8.201477160604586,49.33215655707708,0.0</coordinates>
            </Point>
        </Placemark>
        <Placemark id="5309">
            <name>In der Achen</name>
            <description>Tiefe: 30–50 cm</description>
            <Point id="5308">
                <coordinates>8.200617999999999,49.33822595,0.0</coordinates>
            </Point>
        </Placemark>
        <Placemark id="5311">
            <name>In der Achen</name>
            <description>Tiefe: 30–50 cm</description>
            <Point id="5310">
                <coordinates>8.200617999999999,49.33822595,0.0</coordinates>
            </Point>
        </Placemark>
        <Placemark id="5313">
            <name>In der Achen</name>
            <description>Tiefe: 30–50 cm</description>
            <Point id="5312">
                <coordinates>8.2005801,49.338515,0.0</coordinates>
            </Point>
        </Placemark>
        <Placemark id="5315">
            <name>In der Achen</name>
            <description>Tiefe: 30–50 cm</description>
            <Point id="5314">
                <coordinates>8.200193899999999,49.3383084,0.0</coordinates>
            </Point>
        </Placemark>
        <Placemark id="5317">
            <name>In der Achen</name>
            <description>Tiefe: 30–50 cm</description>
            <Point id="5316">
                <coordinates>8.199629767371755,49.33840688854663,0.0</coordinates>
            </Point>
        </Placemark>
        <Placemark id="5319">
            <name>Im Altenschemel</name>
            <description>Tiefe: 30–50 cm</description>
            <Point id="5318">
                <coordinates>8.215187537953204,49.33527562254307,0.0</coordinates>
            </Point>
        </Placemark>
        <Placemark id="5321">
            <name>Landauer Straße</name>
            <description>Tiefe: 30–50 cm</description>
            <Point id="5320">
                <coordinates>8.151028975334757,49.34060137724938,0.0</coordinates>
            </Point>
        </Placemark>
        <Placemark id="5323">
            <name>Landauer Straße</name>
            <description>Tiefe: 30–50 cm</description>
            <Point id="5322">
                <coordinates>8.151577428472276,49.341873338158365,0.0</coordinates>
            </Point>
        </Placemark>
        <Placemark id="5325">
            <name>In der Achen</name>
            <description>Tiefe: 30–50 cm</description>
            <Point id="5324">
                <coordinates>8.200193899999999,49.3383084,0.0</coordinates>
            </Point>
        </Placemark>
        <Placemark id="5327">
            <name>In der Achen</name>
            <description>Tiefe: 30–50 cm</description>
            <Point id="5326">
                <coordinates>8.20011675612979,49.33869154985352,0.0</coordinates>
            </Point>
        </Placemark>
        <Placemark id="5329">
            <name>In der Achen</name>
            <description>Tiefe: 30–50 cm</description>
            <Point id="5328">
                <coordinates>8.199629767371755,49.33840688854663,0.0</coordinates>
            </Point>
        </Placemark>
        <Placemark id="5331">
            <name>In der Achen</name>
            <description>Tiefe: 30–50 cm</description>
            <Point id="5330">
                <coordinates>8.20011675612979,49.33869154985352,0.0</coordinates>
            </Point>
        </Placemark>
        <Placemark id="5333">
            <name>Weinstraße</name>
            <description>Tiefe: 30–50 cm</description>
            <Point id="5332">
                <coordinates>8.13092292215748,49.337773903230236,0.0</coordinates>
            </Point>
        </Placemark>
        <Placemark id="5335">
            <name>Adolf-Kolping-Straße</name>
            <description>Tiefe: 30–50 cm</description>
            <Point id="5334">
                <coordinates>8.163097749999999,49.3455667,0.0</coordinates>
            </Point>
        </Placemark>
        <Placemark id="5337">
            <name>Adolf-Kolping-Straße</name>
            <description>Tiefe: 30–50 cm</description>
            <Point id="5336">
                <coordinates>8.163171437516803,49.34594052411086,0.0</coordinates>
            </Point>
        </Placemark>
        <Placemark id="5339">
            <name>Adolf-Kolping-Straße</name>
            <description>Tiefe: 30–50 cm</description>
            <Point id="5338">
                <coordinates>8.162702369604592,49.34563035693159,0.0</coordinates>
            </Point>
        </Placemark>
        <Placemark id="5341">
            <name>Im Döppelter</name>
            <description>Tiefe: 50–100 cm</description>
            <Point id="5340">
                <coordinates>8.131362768862628,49.322426355959884,0.0</coordinates>
            </Point>
        </Placemark>
        <Placemark id="5343">
            <name>Im Döppelter</name>
            <description>Tiefe: 50–100 cm</description>
            <Point id="5342">
                <coordinates>8.131904147054579,49.32273799648089,0.0</coordinates>
            </Point>
        </Placemark>
        <Placemark id="5345">
            <name>Im Döppelter</name>
            <description>Tiefe: 50–100 cm</description>
            <Point id="5344">
                <coordinates>8.1318904563803,49.32179312191354,0.0</coordinates>
            </Point>
        </Placemark>
        <Placemark id="5347">
            <name>Im Döppelter</name>
            <description>Tiefe: 50–100 cm</description>
            <Point id="5346">
                <coordinates>8.131362768862628,49.322426355959884,0.0</coordinates>
            </Point>
        </Placemark>
        <Placemark id="5349">
            <name>Deidesheimer Straße</name>
            <description>Tiefe: 50–100 cm</description>
            <Point id="5348">
                <coordinates>8.161607407573294,49.387166718112525,0.0</coordinates>
            </Point>
        </Placemark>
        <Placemark id="5351">
            <name>Deidesheimer Straße</name>
            <description>Tiefe: 50–100 cm</description>
            <Point id="5350">
                <coordinates>8.163327686469382,49.38719218608408,0.0</coordinates>
            </Point>
        </Placemark>
        <Placemark id="5353">
            <name>Stiftstraße</name>
            <description>Tiefe: 30–50 cm</description>
            <Point id="5352">
                <coordinates>8.150326746997415,49.34714832473102,0.0</coordinates>
            </Point>
        </Placemark>
        <Placemark id="5355">
            <name>Stiftstraße</name>
            <description>Tiefe: 30–50 cm</description>
            <Point id="5354">
                <coordinates>8.151018626257173,49.34745192414208,0.0</coordinates>
            </Point>
        </Placemark>
        <Placemark id="5357">
            <name>Peter-Koch-Straße</name>
            <description>Tiefe: 50–100 cm</description>
            <Point id="5356">
                <coordinates>8.152110383508246,49.375822901219124,0.0</coordinates>
            </Point>
        </Placemark>
        <Placemark id="5359">
            <name>Kreuzstraße</name>
            <description>Tiefe: 30–50 cm</description>
            <Point id="5358">
                <coordinates>8.136196530332777,49.32124059571957,0.0</coordinates>
            </Point>
        </Placemark>
        <Placemark id="5361">
            <name>Kreuzstraße</name>
            <description>Tiefe: 30–50 cm</description>
            <Point id="5360">
                <coordinates>8.137269639446354,49.32128568999887,0.0</coordinates>
            </Point>
        </Placemark>
        <Placemark id="5363">
            <name>Marktstraße</name>
            <description>Tiefe: 50–100 cm</description>
            <Point id="5362">
                <coordinates>8.1691818,49.295560699999996,0.0</coordinates>
            </Point>
        </Placemark>
        <Placemark id="5365">
            <name>Marktstraße</name>
            <description>Tiefe: 50–100 cm</description>
            <Point id="5364">
                <coordinates>8.169506296341254,49.29503726475384,0.0</coordinates>
            </Point>
        </Placemark>
        <Placemark id="5367">
            <name>Herrenhofstraße</name>
            <description>Tiefe: 30–50 cm</description>
            <Point id="5366">
                <coordinates>8.170932585618507,49.36910971852933,0.0</coordinates>
            </Point>
        </Placemark>
        <Placemark id="5369">
            <name>Herrenhofstraße</name>
            <description>Tiefe: 30–50 cm</description>
            <Point id="5368">
                <coordinates>8.17102841417311,49.36941782140372,0.0</coordinates>
            </Point>
        </Placemark>
        <Placemark id="5371">
            <name>Mühlweg</name>
            <description>Tiefe: 30–50 cm</description>
            <Point id="5370">
                <coordinates>8.129456822651504,49.3436103962257,0.0</coordinates>
            </Point>
        </Placemark>
        <Placemark id="5373">
            <name>Weinstraße Nord</name>
            <description>Tiefe: 50–100 cm</description>
            <Point id="5372">
                <coordinates>8.134256140284807,49.308909514324554,0.0</coordinates>
            </Point>
        </Placemark>
        <Placemark id="5375">
            <name>Immengartenstraße</name>
            <description>Tiefe: 30–50 cm</description>
            <Point id="5374">
                <coordinates>8.13563438358243,49.303456018063166,0.0</coordinates>
            </Point>
        </Placemark>
        <Placemark id="5377">
            <name>Immengartenstraße</name>
            <description>Tiefe: 30–50 cm</description>
            <Point id="5376">
                <coordinates>8.137828762017197,49.30368576327032,0.0</coordinates>
            </Point>
        </Placemark>
        <Placemark id="5379">
            <name>An der Steinmühle</name>
            <description>Tiefe: 30–50 cm</description>
            <Point id="5378">
                <coordinates>8.136917214178634,49.302923685575685,0.0</coordinates>
            </Point>
        </Placemark>
        <Placemark id="5381">
            <name>Kirchstraße</name>
            <description>Tiefe: 50–100 cm</description>
            <Point id="5380">
                <coordinates>8.131813399999999,49.3049412,0.0</coordinates>
            </Point>
        </Placemark>
        <Placemark id="5383">
            <name>Weideweg</name>
            <description>Tiefe: 30–50 cm</description>
            <Point id="5382">
                <coordinates>8.126707452671138,49.30141271157078,0.0</coordinates>
            </Point>
        </Placemark>
        <Placemark id="5385">
            <name>Sankt-Martiner-Straße</name>
            <description>Tiefe: 50–100 cm</description>
            <Point id="5384">
                <coordinates>8.127367601899426,49.30377707196001,0.0</coordinates>
            </Point>
        </Placemark>
        <Placemark id="5387">
            <name>Sankt-Martiner-Straße</name>
            <description>Tiefe: 50–100 cm</description>
            <Point id="5386">
                <coordinates>8.128193450056633,49.304468888962504,0.0</coordinates>
            </Point>
        </Placemark>
        <Placemark id="5389">
            <name>Erbgasse</name>
            <description>Tiefe: 50–100 cm</description>
            <Point id="5388">
                <coordinates>8.129631791372715,49.30467052850508,0.0</coordinates>
            </Point>
        </Placemark>
        <Placemark id="5391">
            <name>Sankt-Martiner-Straße</name>
            <description>Tiefe: 50–100 cm</description>
            <Point id="5390">
                <coordinates>8.1296754,49.3048833,0.0</coordinates>
            </Point>
        </Placemark>
        <Placemark id="5393">
            <name>Erbgasse</name>
            <description>Tiefe: 50–100 cm</description>
            <Point id="5392">
                <coordinates>8.129631791372715,49.30467052850508,0.0</coordinates>
            </Point>
        </Placemark>
        <Placemark id="5395">
            <name>Sankt-Martiner-Straße</name>
            <description>Tiefe: 50–100 cm</description>
            <Point id="5394">
                <coordinates>8.128193450056633,49.304468888962504,0.0</coordinates>
            </Point>
        </Placemark>
        <Placemark id="5397">
            <name>Sankt-Martiner-Straße</name>
            <description>Tiefe: 50–100 cm</description>
            <Point id="5396">
                <coordinates>8.128240135926816,49.30477183209843,0.0</coordinates>
            </Point>
        </Placemark>
        <Placemark id="5399">
            <name>Raiffeisenstraße</name>
            <description>Tiefe: 50–100 cm</description>
            <Point id="5398">
                <coordinates>8.136940264925089,49.30769768667674,0.0</coordinates>
            </Point>
        </Placemark>
        <Placemark id="5401">
            <name>Raiffeisenstraße</name>
            <description>Tiefe: 50–100 cm</description>
            <Point id="5400">
                <coordinates>8.136436109934808,49.30736311137924,0.0</coordinates>
            </Point>
        </Placemark>
        <Placemark id="5403">
            <name>Schillerstraße</name>
            <description>Tiefe: 50–100 cm</description>
            <Point id="5402">
                <coordinates>8.137086666945338,49.30737188017511,0.0</coordinates>
            </Point>
        </Placemark>
        <Placemark id="5405">
            <name>Schillerstraße</name>
            <description>Tiefe: 50–100 cm</description>
            <Point id="5404">
                <coordinates>8.137086666945338,49.30737188017511,0.0</coordinates>
            </Point>
        </Placemark>
        <Placemark id="5407">
            <name>Raiffeisenstraße</name>
            <description>Tiefe: 50–100 cm</description>
            <Point id="5406">
                <coordinates>8.136436109934808,49.30736311137924,0.0</coordinates>
            </Point>
        </Placemark>
        <Placemark id="5409">
            <name>Raiffeisenstraße</name>
            <description>Tiefe: 50–100 cm</description>
            <Point id="5408">
                <coordinates>8.135565314839065,49.306930458429974,0.0</coordinates>
            </Point>
        </Placemark>
        <Placemark id="5411">
            <name>Bahnhofstraße</name>
            <description>Tiefe: 30–50 cm</description>
            <Point id="5410">
                <coordinates>8.136884884770051,49.30700235003402,0.0</coordinates>
            </Point>
        </Placemark>
        <Placemark id="5413">
            <name>Bahnhofstraße</name>
            <description>Tiefe: 30–50 cm</description>
            <Point id="5412">
                <coordinates>8.136884884770051,49.30700235003402,0.0</coordinates>
            </Point>
        </Placemark>
        <Placemark id="5415">
            <name>Bahnhofstraße</name>
            <description>Tiefe: 30–50 cm</description>
            <Point id="5414">
                <coordinates>8.136010773122353,49.306556502100065,0.0</coordinates>
            </Point>
        </Placemark>
        <Placemark id="5417">
            <name>Bahnhofstraße</name>
            <description>Tiefe: 30–50 cm</description>
            <Point id="5416">
                <coordinates>8.137909949671878,49.30650428481668,0.0</coordinates>
            </Point>
        </Placemark>
        <Placemark id="5419">
            <name>In den Sandwiesen</name>
            <description>Tiefe: 30–50 cm</description>
            <Point id="5418">
                <coordinates>8.1310409,49.309235900000004,0.0</coordinates>
            </Point>
        </Placemark>
        <Placemark id="5421">
            <name>In den Sandwiesen</name>
            <description>Tiefe: 30–50 cm</description>
            <Point id="5420">
                <coordinates>8.131208954587297,49.308515948534506,0.0</coordinates>
            </Point>
        </Placemark>
        <Placemark id="5423">
            <name>In den Sandwiesen</name>
            <description>Tiefe: 30–50 cm</description>
            <Point id="5422">
                <coordinates>8.13062629968839,49.3098449523419,0.0</coordinates>
            </Point>
        </Placemark>
        <Placemark id="5425">
            <name>An der Steinmühle</name>
            <description>Tiefe: 30–50 cm</description>
            <Point id="5424">
                <coordinates>8.137207461548348,49.30068648894414,0.0</coordinates>
            </Point>
        </Placemark>
        <Placemark id="5427">
            <name>Marktstraße</name>
            <description>Tiefe: 50–100 cm</description>
            <Point id="5426">
                <coordinates>8.169758271108472,49.29462048853028,0.0</coordinates>
            </Point>
        </Placemark>
        <Placemark id="5429">
            <name>Marktstraße</name>
            <description>Tiefe: 50–100 cm</description>
            <Point id="5428">
                <coordinates>8.169506296341254,49.29503726475384,0.0</coordinates>
            </Point>
        </Placemark>
        <Placemark id="5431">
            <name>Bordmühlweg</name>
            <description>Tiefe: 30–50 cm</description>
            <Point id="5430">
                <coordinates>8.144000938485158,49.30381740065115,0.0</coordinates>
            </Point>
        </Placemark>
        <Placemark id="5433">
            <name>Bordmühlweg</name>
            <description>Tiefe: 30–50 cm</description>
            <Point id="5432">
                <coordinates>8.141919407669743,49.303016246052856,0.0</coordinates>
            </Point>
        </Placemark>
        <Placemark id="5435">
            <name>Hauptstraße</name>
            <description>Tiefe: 30–50 cm</description>
            <Point id="5434">
                <coordinates>8.0685611696527,49.373084339714936,0.0</coordinates>
            </Point>
        </Placemark>
        <Placemark id="5437">
            <name>Hauptstraße</name>
            <description>Tiefe: 30–50 cm</description>
            <Point id="5436">
                <coordinates>8.069541693839325,49.372920206212584,0.0</coordinates>
            </Point>
        </Placemark>
        <Placemark id="5439">
            <name>Kirchstraße</name>
            <description>Tiefe: 50–100 cm</description>
            <Point id="5438">
                <coordinates>8.131813399999999,49.3049412,0.0</coordinates>
            </Point>
        </Placemark>
        <Placemark id="5441">
            <name>Marktstraße</name>
            <description>Tiefe: 50–100 cm</description>
            <Point id="5440">
                <coordinates>8.131255141774389,49.304706511958926,0.0</coordinates>
            </Point>
        </Placemark>
        <Placemark id="5443">
            <name>Gartenstraße</name>
            <description>Tiefe: 50–100 cm</description>
            <Point id="5442">
                <coordinates>8.072079727510303,49.36933828937462,0.0</coordinates>
            </Point>
        </Placemark>
        <Placemark id="5445">
            <name>Gartenstraße</name>
            <description>Tiefe: 50–100 cm</description>
            <Point id="5444">
                <coordinates>8.070351854244878,49.36969398989654,0.0</coordinates>
            </Point>
        </Placemark>
        <Placemark id="5447">
            <name>Kirchstraße</name>
            <description>Tiefe: 50–100 cm</description>
            <Point id="5446">
                <coordinates>8.069238034611839,49.372382626300734,0.0</coordinates>
            </Point>
        </Placemark>
        <Placemark id="5449">
            <name>Kirchstraße</name>
            <description>Tiefe: 50–100 cm</description>
            <Point id="5448">
                <coordinates>8.06916298217638,49.37269165208123,0.0</coordinates>
            </Point>
        </Placemark>
        <Placemark id="5451">
            <name>Bahnhofstraße</name>
            <description>Tiefe: 30–50 cm</description>
            <Point id="5450">
                <coordinates>8.188349903533775,49.408294418221466,0.0</coordinates>
            </Point>
        </Placemark>
        <Placemark id="5453">
            <name>Louis-Escande-Straße</name>
            <description>Tiefe: 30–50 cm</description>
            <Point id="5452">
                <coordinates>8.168041418821504,49.33591717617294,0.0</coordinates>
            </Point>
        </Placemark>
        <Placemark id="5455">
            <name>Louis-Escande-Straße</name>
            <description>Tiefe: 30–50 cm</description>
            <Point id="5454">
                <coordinates>8.167880885727442,49.33492156304668,0.0</coordinates>
            </Point>
        </Placemark>
        <Placemark id="5457">
            <name>Landauer Straße</name>
            <description>Tiefe: 30–50 cm</description>
            <Point id="5456">
                <coordinates>8.150845270651237,49.33922444974755,0.0</coordinates>
            </Point>
        </Placemark>
        <Placemark id="5459">
            <name>Landauer Straße</name>
            <description>Tiefe: 30–50 cm</description>
            <Point id="5458">
                <coordinates>8.151028975334757,49.34060137724938,0.0</coordinates>
            </Point>
        </Placemark>
        <Placemark id="5461">
            <name>Mittelhambacher Straße</name>
            <description>Tiefe: 50–100 cm</description>
            <Point id="5460">
                <coordinates>8.147123448862018,49.32996529723398,0.0</coordinates>
            </Point>
        </Placemark>
        <Placemark id="5463">
            <name>Mittelhambacher Straße</name>
            <description>Tiefe: 50–100 cm</description>
            <Point id="5462">
                <coordinates>8.1522675,49.3299401,0.0</coordinates>
            </Point>
        </Placemark>
        <Placemark id="5465">
            <name>Am Schenkwiesenweg</name>
            <description>Tiefe: 30–50 cm</description>
            <Point id="5464">
                <coordinates>8.19118405,49.32388365,0.0</coordinates>
            </Point>
        </Placemark>
        <Placemark id="5467">
            <name>Karl-Rauch-Siedlung</name>
            <description>Tiefe: 30–50 cm</description>
            <Point id="5466">
                <coordinates>8.086037020691776,49.37535981041958,0.0</coordinates>
            </Point>
        </Placemark>
        <Placemark id="5469">
            <name>Auf den Wergen</name>
            <description>Tiefe: 30–50 cm</description>
            <Point id="5468">
                <coordinates>8.07290930035294,49.3686842523571,0.0</coordinates>
            </Point>
        </Placemark>
        <Placemark id="5471">
            <name>Lambertusstraße</name>
            <description>Tiefe: 30–50 cm</description>
            <Point id="5470">
                <coordinates>8.075455510571032,49.3685550774561,0.0</coordinates>
            </Point>
        </Placemark>
        <Placemark id="5473">
            <name>Lambertusstraße</name>
            <description>Tiefe: 30–50 cm</description>
            <Point id="5472">
                <coordinates>8.074438283387387,49.36907104822863,0.0</coordinates>
            </Point>
        </Placemark>
        <Placemark id="5475">
            <name>Im Häuselgarten</name>
            <description>Tiefe: 30–50 cm</description>
            <Point id="5474">
                <coordinates>8.073246338173593,49.368068298895075,0.0</coordinates>
            </Point>
        </Placemark>
        <Placemark id="5477">
            <name>Im Häuselgarten</name>
            <description>Tiefe: 30–50 cm</description>
            <Point id="5476">
                <coordinates>8.073246338173593,49.368068298895075,0.0</coordinates>
            </Point>
        </Placemark>
        <Placemark id="5479">
            <name>Im Häuselgarten</name>
            <description>Tiefe: 30–50 cm</description>
            <Point id="5478">
                <coordinates>8.06927241344099,49.36785453358703,0.0</coordinates>
            </Point>
        </Placemark>
        <Placemark id="5481">
            <name>Diedesfelder Straße</name>
            <description>Tiefe: 30–50 cm</description>
            <Point id="5480">
                <coordinates>8.133400250000001,49.308911300000005,0.0</coordinates>
            </Point>
        </Placemark>
        <Placemark id="5483">
            <name>Diedesfelder Straße</name>
            <description>Tiefe: 30–50 cm</description>
            <Point id="5482">
                <coordinates>8.133400250000001,49.308911300000005,0.0</coordinates>
            </Point>
        </Placemark>
        <Placemark id="5485">
            <name>Diedesfelder Straße</name>
            <description>Tiefe: 30–50 cm</description>
            <Point id="5484">
                <coordinates>8.133027184985112,49.30876484577357,0.0</coordinates>
            </Point>
        </Placemark>
        <Placemark id="5487">
            <name>Diedesfelder Straße</name>
            <description>Tiefe: 30–50 cm</description>
            <Point id="5486">
                <coordinates>8.133160798274753,49.30912009633105,0.0</coordinates>
            </Point>
        </Placemark>
        <Placemark id="5489">
            <name>Horstweg</name>
            <description>Tiefe: 30–50 cm</description>
            <Point id="5488">
                <coordinates>8.131481885514566,49.33325338942518,0.0</coordinates>
            </Point>
        </Placemark>
        <Placemark id="5491">
            <name>Horstweg</name>
            <description>Tiefe: 30–50 cm</description>
            <Point id="5490">
                <coordinates>8.130679670340232,49.333151486954776,0.0</coordinates>
            </Point>
        </Placemark>
        <Placemark id="5493">
            <name>Maconring</name>
            <description>Tiefe: 30–50 cm</description>
            <Point id="5492">
                <coordinates>8.14305909057082,49.340905765810746,0.0</coordinates>
            </Point>
        </Placemark>
        <Placemark id="5495">
            <name>Laustergasse</name>
            <description>Tiefe: 50–100 cm</description>
            <Point id="5494">
                <coordinates>8.138895601882268,49.35337267294732,0.0</coordinates>
            </Point>
        </Placemark>
        <Placemark id="5497">
            <name>Weinstraße</name>
            <description>Tiefe: 30–50 cm</description>
            <Point id="5496">
                <coordinates>8.135069399999999,49.3419278,0.0</coordinates>
            </Point>
        </Placemark>
        <Placemark id="5499">
            <name>Weinstraße</name>
            <description>Tiefe: 30–50 cm</description>
            <Point id="5498">
                <coordinates>8.13429785530738,49.34107864956344,0.0</coordinates>
            </Point>
        </Placemark>
        <Placemark id="5501">
            <name>Weinstraße</name>
            <description>Tiefe: 30–50 cm</description>
            <Point id="5500">
                <coordinates>8.134501992139594,49.341668168284905,0.0</coordinates>
            </Point>
        </Placemark>
        <Placemark id="5503">
            <name>An der Südumgehung</name>
            <description>Tiefe: 50–100 cm</description>
            <Point id="5502">
                <coordinates>8.134868121373264,49.298770647928286,0.0</coordinates>
            </Point>
        </Placemark>
        <Placemark id="5505">
            <name>An der Südumgehung</name>
            <description>Tiefe: 50–100 cm</description>
            <Point id="5504">
                <coordinates>8.132005499282595,49.298922702216274,0.0</coordinates>
            </Point>
        </Placemark>
        <Placemark id="5507">
            <name>An der Südumgehung</name>
            <description>Tiefe: 50–100 cm</description>
            <Point id="5506">
                <coordinates>8.138246985330246,49.29920684235204,0.0</coordinates>
            </Point>
        </Placemark>
        <Placemark id="5509">
            <name>An der Südumgehung</name>
            <description>Tiefe: 50–100 cm</description>
            <Point id="5508">
                <coordinates>8.139493316119935,49.29913721674634,0.0</coordinates>
            </Point>
        </Placemark>
        <Placemark id="5511">
            <name>Sankt-Martiner-Straße</name>
            <description>Tiefe: 50–100 cm</description>
            <Point id="5510">
                <coordinates>8.125698562448298,49.30238091805167,0.0</coordinates>
            </Point>
        </Placemark>
        <Placemark id="5513">
            <name>Sankt-Martiner-Straße</name>
            <description>Tiefe: 50–100 cm</description>
            <Point id="5512">
                <coordinates>8.125338338462473,49.301930998698744,0.0</coordinates>
            </Point>
        </Placemark>
        <Placemark id="5515">
            <name>Wiesenstraße</name>
            <description>Tiefe: 50–100 cm</description>
            <Point id="5514">
                <coordinates>8.159824904985953,49.300390452860924,0.0</coordinates>
            </Point>
        </Placemark>
        <Placemark id="5517">
            <name>Wiesenstraße</name>
            <description>Tiefe: 50–100 cm</description>
            <Point id="5516">
                <coordinates>8.160552735540492,49.30038857144617,0.0</coordinates>
            </Point>
        </Placemark>
        <Placemark id="5519">
            <name>Wiesenstraße</name>
            <description>Tiefe: 50–100 cm</description>
            <Point id="5518">
                <coordinates>8.159824904985953,49.300390452860924,0.0</coordinates>
            </Point>
        </Placemark>
        <Placemark id="5521">
            <name>Im Jägergarten</name>
            <description>Tiefe: 50–100 cm</description>
            <Point id="5520">
                <coordinates>8.121392973805056,49.32152006661219,0.0</coordinates>
            </Point>
        </Placemark>
        <Placemark id="5523">
            <name>Kirchstraße</name>
            <description>Tiefe: 50–100 cm</description>
            <Point id="5522">
                <coordinates>8.069921650000001,49.371478100000004,0.0</coordinates>
            </Point>
        </Placemark>
        <Placemark id="5525">
            <name>Marktstraße</name>
            <description>Tiefe: 50–100 cm</description>
            <Point id="5524">
                <coordinates>8.06954699267827,49.37110794882112,0.0</coordinates>
            </Point>
        </Placemark>
        <Placemark id="5527">
            <name>Mühlstraße</name>
            <description>Tiefe: 50–100 cm</description>
            <Point id="5526">
                <coordinates>8.06918919732222,49.3713179347409,0.0</coordinates>
            </Point>
        </Placemark>
        <Placemark id="5529">
            <name>Kirchstraße</name>
            <description>Tiefe: 50–100 cm</description>
            <Point id="5528">
                <coordinates>8.069595772347135,49.372538883132066,0.0</coordinates>
            </Point>
        </Placemark>
        <Placemark id="5531">
            <name>Kirchstraße</name>
            <description>Tiefe: 50–100 cm</description>
            <Point id="5530">
                <coordinates>8.069443935028046,49.37247676740008,0.0</coordinates>
            </Point>
        </Placemark>
        <Placemark id="5533">
            <name>Kirchstraße</name>
            <description>Tiefe: 50–100 cm</description>
            <Point id="5532">
                <coordinates>8.06916298217638,49.37269165208123,0.0</coordinates>
            </Point>
        </Placemark>
        <Placemark id="5535">
            <name>Herzogstraße</name>
            <description>Tiefe: 30–50 cm</description>
            <Point id="5534">
                <coordinates>8.157724444138525,49.384414419273696,0.0</coordinates>
            </Point>
        </Placemark>
        <Placemark id="5537">
            <name>Neubergstraße</name>
            <description>Tiefe: 30–50 cm</description>
            <Point id="5536">
                <coordinates>8.161800084704378,49.3861897981799,0.0</coordinates>
            </Point>
        </Placemark>
        <Placemark id="5539">
            <name>Hirschhornring</name>
            <description>Tiefe: 50–100 cm</description>
            <Point id="5538">
                <coordinates>8.158708326745632,49.38743422529387,0.0</coordinates>
            </Point>
        </Placemark>
        <Placemark id="5541">
            <name>Franz-Kugler-Straße</name>
            <description>Tiefe: 50–100 cm</description>
            <Point id="5540">
                <coordinates>8.158530521909254,49.388605389199164,0.0</coordinates>
            </Point>
        </Placemark>
        <Placemark id="5543">
            <name>Hirschhornring</name>
            <description>Tiefe: 50–100 cm</description>
            <Point id="5542">
                <coordinates>8.157318055750528,49.38674038950567,0.0</coordinates>
            </Point>
        </Placemark>
        <Placemark id="5545">
            <name>Schlachthofstraße</name>
            <description>Tiefe: 30–50 cm</description>
            <Point id="5544">
                <coordinates>8.156862273041899,49.35136724283577,0.0</coordinates>
            </Point>
        </Placemark>
        <Placemark id="5547">
            <name>Branchweilerhofstraße</name>
            <description>Tiefe: 50–100 cm</description>
            <Point id="5546">
                <coordinates>8.156795590291024,49.35178687093829,0.0</coordinates>
            </Point>
        </Placemark>
        <Placemark id="5549">
            <name>Branchweilerhofstraße</name>
            <description>Tiefe: 50–100 cm</description>
            <Point id="5548">
                <coordinates>8.156728067762993,49.3518718,0.0</coordinates>
            </Point>
        </Placemark>
        <Placemark id="5551">
            <name>Branchweilerhofstraße</name>
            <description>Tiefe: 50–100 cm</description>
            <Point id="5550">
                <coordinates>8.157618816816166,49.35208102074606,0.0</coordinates>
            </Point>
        </Placemark>
        <Placemark id="5553">
            <name>Zum Ordenswald</name>
            <description>Tiefe: 50–100 cm</description>
            <Point id="5552">
                <coordinates>8.17357150536796,49.36791161475529,0.0</coordinates>
            </Point>
        </Placemark>
        <Placemark id="5555">
            <name>Landauer Straße</name>
            <description>Tiefe: 30–50 cm</description>
            <Point id="5554">
                <coordinates>8.140223409115057,49.351158250179466,0.0</coordinates>
            </Point>
        </Placemark>
        <Placemark id="5557">
            <name>Landauer Straße</name>
            <description>Tiefe: 30–50 cm</description>
            <Point id="5556">
                <coordinates>8.138985449040973,49.351012222615054,0.0</coordinates>
            </Point>
        </Placemark>
        <Placemark id="5559">
            <name>Hauptstraße</name>
            <description>Tiefe: 30–50 cm</description>
            <Point id="5558">
                <coordinates>8.206002329559848,49.399217842649215,0.0</coordinates>
            </Point>
        </Placemark>
        <Placemark id="5561">
            <name>Hauptstraße</name>
            <description>Tiefe: 30–50 cm</description>
            <Point id="5560">
                <coordinates>8.185635726109604,49.398342239912104,0.0</coordinates>
            </Point>
        </Placemark>
        <Placemark id="5563">
            <name>Hauptstraße</name>
            <description>Tiefe: 30–50 cm</description>
            <Point id="5562">
                <coordinates>8.190427627269441,49.39875240161496,0.0</coordinates>
            </Point>
        </Placemark>
        <Placemark id="5565">
            <name>Hauptstraße</name>
            <description>Tiefe: 30–50 cm</description>
            <Point id="5564">
                <coordinates>8.185979430258076,49.39849095356109,0.0</coordinates>
            </Point>
        </Placemark>
        <Placemark id="5567">
            <name>Hauptstraße</name>
            <description>Tiefe: 30–50 cm</description>
            <Point id="5566">
                <coordinates>8.18608569380176,49.398432113303045,0.0</coordinates>
            </Point>
        </Placemark>
        <Placemark id="5569">
            <name>Hauptstraße</name>
            <description>Tiefe: 30–50 cm</description>
            <Point id="5568">
                <coordinates>8.185735420205711,49.39845281733971,0.0</coordinates>
            </Point>
        </Placemark>
        <Placemark id="5571">
            <name>Kreuzstraße</name>
            <description>Tiefe: 30–50 cm</description>
            <Point id="5570">
                <coordinates>8.14729535424575,49.32097018769997,0.0</coordinates>
            </Point>
        </Placemark>
        <Placemark id="5573">
            <name>Altbachstraße</name>
            <description>Tiefe: 50–100 cm</description>
            <Point id="5572">
                <coordinates>8.15529205,49.3745927,0.0</coordinates>
            </Point>
        </Placemark>
        <Placemark id="5575">
            <name>Altbachstraße</name>
            <description>Tiefe: 50–100 cm</description>
            <Point id="5574">
                <coordinates>8.154059035414468,49.37495183400423,0.0</coordinates>
            </Point>
        </Placemark>
        <Placemark id="5577">
            <name>Altbachstraße</name>
            <description>Tiefe: 50–100 cm</description>
            <Point id="5576">
                <coordinates>8.154763740816943,49.37417274194843,0.0</coordinates>
            </Point>
        </Placemark>
        <Placemark id="5579">
            <name>Altbachstraße</name>
            <description>Tiefe: 50–100 cm</description>
            <Point id="5578">
                <coordinates>8.154059035414468,49.37495183400423,0.0</coordinates>
            </Point>
        </Placemark>
        <Placemark id="5581">
            <name>Schloßwiese</name>
            <description>Tiefe: 30–50 cm</description>
            <Point id="5580">
                <coordinates>8.1923444,49.40687715,0.0</coordinates>
            </Point>
        </Placemark>
        <Placemark id="5583">
            <name>Schloßwiese</name>
            <description>Tiefe: 30–50 cm</description>
            <Point id="5582">
                <coordinates>8.192598641598606,49.40730122304549,0.0</coordinates>
            </Point>
        </Placemark>
        <Placemark id="5585">
            <name>Lachener Straße</name>
            <description>Tiefe: 50–100 cm</description>
            <Point id="5584">
                <coordinates>8.153174489142152,49.34488950659068,0.0</coordinates>
            </Point>
        </Placemark>
        <Placemark id="5587">
            <name>Lachener Straße</name>
            <description>Tiefe: 50–100 cm</description>
            <Point id="5586">
                <coordinates>8.152949294780782,49.34524173291773,0.0</coordinates>
            </Point>
        </Placemark>
        <Placemark id="5589">
            <name>Landauer Straße</name>
            <description>Tiefe: 30–50 cm</description>
            <Point id="5588">
                <coordinates>8.148351800660052,49.348598664609675,0.0</coordinates>
            </Point>
        </Placemark>
        <Placemark id="5591">
            <name>Landauer Straße</name>
            <description>Tiefe: 30–50 cm</description>
            <Point id="5590">
                <coordinates>8.146370012891682,49.349348194090744,0.0</coordinates>
            </Point>
        </Placemark>
        <Placemark id="5593">
            <name>Alban-Haas-Straße</name>
            <description>Tiefe: 50–100 cm</description>
            <Point id="5592">
                <coordinates>8.146727604268916,49.34910798555117,0.0</coordinates>
            </Point>
        </Placemark>
        <Placemark id="5595">
            <name>Landauer Straße</name>
            <description>Tiefe: 30–50 cm</description>
            <Point id="5594">
                <coordinates>8.143881900150127,49.34996490292769,0.0</coordinates>
            </Point>
        </Placemark>
        <Placemark id="5597">
            <name>Landauer Straße</name>
            <description>Tiefe: 30–50 cm</description>
            <Point id="5596">
                <coordinates>8.145925502419123,49.34937636638765,0.0</coordinates>
            </Point>
        </Placemark>
        <Placemark id="5599">
            <name>Landauer Straße</name>
            <description>Tiefe: 30–50 cm</description>
            <Point id="5598">
                <coordinates>8.1451976505409,49.34965516363532,0.0</coordinates>
            </Point>
        </Placemark>
        <Placemark id="5601">
            <name>Landauer Straße</name>
            <description>Tiefe: 30–50 cm</description>
            <Point id="5600">
                <coordinates>8.143881900150127,49.34996490292769,0.0</coordinates>
            </Point>
        </Placemark>
        <Placemark id="5603">
            <name>Landauer Straße</name>
            <description>Tiefe: 30–50 cm</description>
            <Point id="5602">
                <coordinates>8.14232160954374,49.350526586141974,0.0</coordinates>
            </Point>
        </Placemark>
        <Placemark id="5605">
            <name>Bahnhofstraße</name>
            <description>Tiefe: 30–50 cm</description>
            <Point id="5604">
                <coordinates>8.140338029903516,49.35046014562072,0.0</coordinates>
            </Point>
        </Placemark>
        <Placemark id="5607">
            <name>Bahnhofstraße</name>
            <description>Tiefe: 30–50 cm</description>
            <Point id="5606">
                <coordinates>8.140898339222371,49.350816724308366,0.0</coordinates>
            </Point>
        </Placemark>
        <Placemark id="5609">
            <name>Landauer Straße</name>
            <description>Tiefe: 30–50 cm</description>
            <Point id="5608">
                <coordinates>8.14106095357575,49.35088721343863,0.0</coordinates>
            </Point>
        </Placemark>
        <Placemark id="5611">
            <name>Landauer Straße</name>
            <description>Tiefe: 30–50 cm</description>
            <Point id="5610">
                <coordinates>8.141486906593212,49.350761202260585,0.0</coordinates>
            </Point>
        </Placemark>
        <Placemark id="5613">
            <name>Exterstraße</name>
            <description>Tiefe: 30–50 cm</description>
            <Point id="5612">
                <coordinates>8.14088756129278,49.35118240934232,0.0</coordinates>
            </Point>
        </Placemark>
        <Placemark id="5615">
            <name>Landauer Straße</name>
            <description>Tiefe: 30–50 cm</description>
            <Point id="5614">
                <coordinates>8.140223409115057,49.351158250179466,0.0</coordinates>
            </Point>
        </Placemark>
        <Placemark id="5617">
            <name>Bahnhofstraße</name>
            <description>Tiefe: 30–50 cm</description>
            <Point id="5616">
                <coordinates>8.140898339222371,49.350816724308366,0.0</coordinates>
            </Point>
        </Placemark>
        <Placemark id="5619">
            <name>Landauer Straße</name>
            <description>Tiefe: 30–50 cm</description>
            <Point id="5618">
                <coordinates>8.14106095357575,49.35088721343863,0.0</coordinates>
            </Point>
        </Placemark>
        <Placemark id="5621">
            <name>Landauer Straße</name>
            <description>Tiefe: 30–50 cm</description>
            <Point id="5620">
                <coordinates>8.151915822790308,49.3420198439382,0.0</coordinates>
            </Point>
        </Placemark>
        <Placemark id="5623">
            <name>Europastraße</name>
            <description>Tiefe: 30–50 cm</description>
            <Point id="5622">
                <coordinates>8.152137459079814,49.34191776767796,0.0</coordinates>
            </Point>
        </Placemark>
        <Placemark id="5625">
            <name>Europastraße</name>
            <description>Tiefe: 30–50 cm</description>
            <Point id="5624">
                <coordinates>8.152177992740654,49.341953838901944,0.0</coordinates>
            </Point>
        </Placemark>
        <Placemark id="5627">
            <name>Europastraße</name>
            <description>Tiefe: 30–50 cm</description>
            <Point id="5626">
                <coordinates>8.153219207467481,49.34175327527731,0.0</coordinates>
            </Point>
        </Placemark>
        <Placemark id="5629">
            <name>Landauer Straße</name>
            <description>Tiefe: 30–50 cm</description>
            <Point id="5628">
                <coordinates>8.151776719533036,49.341969962867516,0.0</coordinates>
            </Point>
        </Placemark>
        <Placemark id="5631">
            <name>Landauer Straße</name>
            <description>Tiefe: 30–50 cm</description>
            <Point id="5630">
                <coordinates>8.151634450675347,49.3419871558266,0.0</coordinates>
            </Point>
        </Placemark>
        <Placemark id="5633">
            <name>Landauer Straße</name>
            <description>Tiefe: 30–50 cm</description>
            <Point id="5632">
                <coordinates>8.151525723165523,49.341892999833775,0.0</coordinates>
            </Point>
        </Placemark>
        <Placemark id="5635">
            <name>Landauer Straße</name>
            <description>Tiefe: 30–50 cm</description>
            <Point id="5634">
                <coordinates>8.15182662319851,49.34264564161422,0.0</coordinates>
            </Point>
        </Placemark>
        <Placemark id="5637">
            <name>Landauer Straße</name>
            <description>Tiefe: 30–50 cm</description>
            <Point id="5636">
                <coordinates>8.1517456,49.342255449999996,0.0</coordinates>
            </Point>
        </Placemark>
        <Placemark id="5639">
            <name>Landauer Straße</name>
            <description>Tiefe: 30–50 cm</description>
            <Point id="5638">
                <coordinates>8.151534440853139,49.34215327512594,0.0</coordinates>
            </Point>
        </Placemark>
        <Placemark id="5641">
            <name>Landauer Straße</name>
            <description>Tiefe: 30–50 cm</description>
            <Point id="5640">
                <coordinates>8.152338425215563,49.34417263198419,0.0</coordinates>
            </Point>
        </Placemark>
        <Placemark id="5643">
            <name>Landauer Straße</name>
            <description>Tiefe: 30–50 cm</description>
            <Point id="5642">
                <coordinates>8.15174889710987,49.34265253052047,0.0</coordinates>
            </Point>
        </Placemark>
        <Placemark id="5645">
            <name>Branchweilerhofstraße</name>
            <description>Tiefe: 50–100 cm</description>
            <Point id="5644">
                <coordinates>8.173905081590535,49.35853542614478,0.0</coordinates>
            </Point>
        </Placemark>
        <Placemark id="5647">
            <name>Zum Ordenswald</name>
            <description>Tiefe: 50–100 cm</description>
            <Point id="5646">
                <coordinates>8.173896677075993,49.359269123730805,0.0</coordinates>
            </Point>
        </Placemark>
        <Placemark id="5649">
            <name>Zum Ordenswald</name>
            <description>Tiefe: 50–100 cm</description>
            <Point id="5648">
                <coordinates>8.17332383625159,49.36025078987647,0.0</coordinates>
            </Point>
        </Placemark>
        <Placemark id="5651">
            <name>Adolf-Kolping-Straße</name>
            <description>Tiefe: 30–50 cm</description>
            <Point id="5650">
                <coordinates>8.161880374838175,49.341672207289626,0.0</coordinates>
            </Point>
        </Placemark>
        <Placemark id="5653">
            <name>Adolf-Kolping-Straße</name>
            <description>Tiefe: 30–50 cm</description>
            <Point id="5652">
                <coordinates>8.161127276783857,49.34048414978462,0.0</coordinates>
            </Point>
        </Placemark>
        <Placemark id="5655">
            <name>Adolf-Kolping-Straße</name>
            <description>Tiefe: 30–50 cm</description>
            <Point id="5654">
                <coordinates>8.161822174059992,49.34168795519825,0.0</coordinates>
            </Point>
        </Placemark>
        <Placemark id="5657">
            <name>Landauer Straße</name>
            <description>Tiefe: 30–50 cm</description>
            <Point id="5656">
                <coordinates>8.14562095,49.3495554,0.0</coordinates>
            </Point>
        </Placemark>
        <Placemark id="5659">
            <name>Von-der-Tann-Straße</name>
            <description>Tiefe: 30–50 cm</description>
            <Point id="5658">
                <coordinates>8.145743702315182,49.349610094347895,0.0</coordinates>
            </Point>
        </Placemark>
        <Placemark id="5661">
            <name>Nachtweide</name>
            <description>Tiefe: 30–50 cm</description>
            <Point id="5660">
                <coordinates>8.17589299106532,49.3422156865594,0.0</coordinates>
            </Point>
        </Placemark>
        <Placemark id="5663">
            <name>Nachtweide</name>
            <description>Tiefe: 30–50 cm</description>
            <Point id="5662">
                <coordinates>8.176340026711255,49.34301296893953,0.0</coordinates>
            </Point>
        </Placemark>
        <Placemark id="5665">
            <name>Speyerdorfer Straße</name>
            <description>Tiefe: 30–50 cm</description>
            <Point id="5664">
                <coordinates>8.175363615318163,49.34212214454659,0.0</coordinates>
            </Point>
        </Placemark>
        <Placemark id="5667">
            <name>Speyerdorfer Straße</name>
            <description>Tiefe: 30–50 cm</description>
            <Point id="5666">
                <coordinates>8.17145376885174,49.34360756319719,0.0</coordinates>
            </Point>
        </Placemark>
        <Placemark id="5669">
            <name>Louis-Escande-Straße</name>
            <description>Tiefe: 30–50 cm</description>
            <Point id="5668">
                <coordinates>8.175291236431736,49.34173093688405,0.0</coordinates>
            </Point>
        </Placemark>
        <Placemark id="5671">
            <name>Louis-Escande-Straße</name>
            <description>Tiefe: 30–50 cm</description>
            <Point id="5670">
                <coordinates>8.173503888167472,49.340990580300584,0.0</coordinates>
            </Point>
        </Placemark>
        <Placemark id="5673">
            <name>Adolf-Kolping-Straße</name>
            <description>Tiefe: 30–50 cm</description>
            <Point id="5672">
                <coordinates>8.160341229621029,49.33866662919059,0.0</coordinates>
            </Point>
        </Placemark>
        <Placemark id="5675">
            <name>Nachtweide</name>
            <description>Tiefe: 30–50 cm</description>
            <Point id="5674">
                <coordinates>8.174509737996177,49.34758769722132,0.0</coordinates>
            </Point>
        </Placemark>
        <Placemark id="5677">
            <name>Gartenstraße</name>
            <description>Tiefe: 50–100 cm</description>
            <Point id="5676">
                <coordinates>8.14892585,49.350411050000005,0.0</coordinates>
            </Point>
        </Placemark>
        <Placemark id="5679">
            <name>Gartenstraße</name>
            <description>Tiefe: 50–100 cm</description>
            <Point id="5678">
                <coordinates>8.150075684057146,49.35019422585325,0.0</coordinates>
            </Point>
        </Placemark>
        <Placemark id="5681">
            <name>Gartenstraße</name>
            <description>Tiefe: 50–100 cm</description>
            <Point id="5680">
                <coordinates>8.148500396721483,49.350302093054054,0.0</coordinates>
            </Point>
        </Placemark>
        <Placemark id="5683">
            <name>Hauptstraße</name>
            <description>Tiefe: 30–50 cm</description>
            <Point id="5682">
                <coordinates>8.147080495570705,49.3055971795632,0.0</coordinates>
            </Point>
        </Placemark>
        <Placemark id="5685">
            <name>Hauptstraße</name>
            <description>Tiefe: 30–50 cm</description>
            <Point id="5684">
                <coordinates>8.148376934402146,49.30528857997654,0.0</coordinates>
            </Point>
        </Placemark>
        <Placemark id="5687">
            <name>Raiffeisenstraße</name>
            <description>Tiefe: 50–100 cm</description>
            <Point id="5686">
                <coordinates>8.148498988418089,49.30586714956859,0.0</coordinates>
            </Point>
        </Placemark>
        <Placemark id="5689">
            <name>Von-Hutten-Straße</name>
            <description>Tiefe: 30–50 cm</description>
            <Point id="5688">
                <coordinates>8.15880645,49.3009152,0.0</coordinates>
            </Point>
        </Placemark>
        <Placemark id="5691">
            <name>Von-Hutten-Straße</name>
            <description>Tiefe: 30–50 cm</description>
            <Point id="5690">
                <coordinates>8.15858230798949,49.30044020285255,0.0</coordinates>
            </Point>
        </Placemark>
        <Placemark id="5693">
            <name>Von-Hutten-Straße</name>
            <description>Tiefe: 30–50 cm</description>
            <Point id="5692">
                <coordinates>8.158484807276974,49.30123196396598,0.0</coordinates>
            </Point>
        </Placemark>
        <Placemark id="5695">
            <name>Von-Hutten-Straße</name>
            <description>Tiefe: 30–50 cm</description>
            <Point id="5694">
                <coordinates>8.15880645,49.3009152,0.0</coordinates>
            </Point>
        </Placemark>
        <Placemark id="5697">
            <name>Brühlweg</name>
            <description>Tiefe: 30–50 cm</description>
            <Point id="5696">
                <coordinates>8.169353786417142,49.30079900250101,0.0</coordinates>
            </Point>
        </Placemark>
        <Placemark id="5699">
            <name>Brühlweg</name>
            <description>Tiefe: 30–50 cm</description>
            <Point id="5698">
                <coordinates>8.16881585306796,49.300669120656565,0.0</coordinates>
            </Point>
        </Placemark>
        <Placemark id="5701">
            <name>Brühlweg</name>
            <description>Tiefe: 30–50 cm</description>
            <Point id="5700">
                <coordinates>8.16910508645984,49.30037102115844,0.0</coordinates>
            </Point>
        </Placemark>
        <Placemark id="5703">
            <name>Brühlweg</name>
            <description>Tiefe: 30–50 cm</description>
            <Point id="5702">
                <coordinates>8.16910508645984,49.30037102115844,0.0</coordinates>
            </Point>
        </Placemark>
        <Placemark id="5705">
            <name>Kreuzstraße</name>
            <description>Tiefe: 30–50 cm</description>
            <Point id="5704">
                <coordinates>8.145498628197167,49.320013187144035,0.0</coordinates>
            </Point>
        </Placemark>
        <Placemark id="5707">
            <name>Im Johanniskirchel</name>
            <description>Tiefe: 50–100 cm</description>
            <Point id="5706">
                <coordinates>8.14682732979418,49.31937482923451,0.0</coordinates>
            </Point>
        </Placemark>
        <Placemark id="5709">
            <name>Im Johanniskirchel</name>
            <description>Tiefe: 50–100 cm</description>
            <Point id="5708">
                <coordinates>8.145213414157855,49.31954120780022,0.0</coordinates>
            </Point>
        </Placemark>
        <Placemark id="5711">
            <name>Im Johanniskirchel</name>
            <description>Tiefe: 50–100 cm</description>
            <Point id="5710">
                <coordinates>8.145213414157855,49.31954120780022,0.0</coordinates>
            </Point>
        </Placemark>
        <Placemark id="5713">
            <name>Bahnhofstraße</name>
            <description>Tiefe: 30–50 cm</description>
            <Point id="5712">
                <coordinates>8.140400563111783,49.30644890938317,0.0</coordinates>
            </Point>
        </Placemark>
        <Placemark id="5715">
            <name>Bahnhofstraße</name>
            <description>Tiefe: 30–50 cm</description>
            <Point id="5714">
                <coordinates>8.142237899625218,49.306369852986805,0.0</coordinates>
            </Point>
        </Placemark>
        <Placemark id="5717">
            <name>Adolf-Kolping-Straße</name>
            <description>Tiefe: 30–50 cm</description>
            <Point id="5716">
                <coordinates>8.1649143,49.3524664,0.0</coordinates>
            </Point>
        </Placemark>
        <Placemark id="5719">
            <name>Adolf-Kolping-Straße</name>
            <description>Tiefe: 30–50 cm</description>
            <Point id="5718">
                <coordinates>8.16537360643647,49.353253350697244,0.0</coordinates>
            </Point>
        </Placemark>
        <Placemark id="5721">
            <name>Zum Ordenswald</name>
            <description>Tiefe: 50–100 cm</description>
            <Point id="5720">
                <coordinates>8.172590150000001,49.3615998,0.0</coordinates>
            </Point>
        </Placemark>
        <Placemark id="5723">
            <name>Zum Ordenswald</name>
            <description>Tiefe: 50–100 cm</description>
            <Point id="5722">
                <coordinates>8.172496585930238,49.361052000488215,0.0</coordinates>
            </Point>
        </Placemark>
        <Placemark id="5725">
            <name>Speyerdorfer Straße</name>
            <description>Tiefe: 30–50 cm</description>
            <Point id="5724">
                <coordinates>8.176142833220473,49.34183714721825,0.0</coordinates>
            </Point>
        </Placemark>
        <Placemark id="5727">
            <name>Speyerdorfer Straße</name>
            <description>Tiefe: 30–50 cm</description>
            <Point id="5726">
                <coordinates>8.177656655317156,49.34113801506287,0.0</coordinates>
            </Point>
        </Placemark>
        <Placemark id="5729">
            <name>Sandfeldweg</name>
            <description>Tiefe: 30–50 cm</description>
            <Point id="5728">
                <coordinates>8.165180244078368,49.34844382722964,0.0</coordinates>
            </Point>
        </Placemark>
        <Placemark id="5731">
            <name>Sandfeldweg</name>
            <description>Tiefe: 30–50 cm</description>
            <Point id="5730">
                <coordinates>8.163966724298996,49.34862778168824,0.0</coordinates>
            </Point>
        </Placemark>
        <Placemark id="5733">
            <name>Mühltalstraße</name>
            <description>Tiefe: 50–100 cm</description>
            <Point id="5732">
                <coordinates>8.178303476811418,49.4048818920339,0.0</coordinates>
            </Point>
        </Placemark>
        <Placemark id="5735">
            <name>Mühltalstraße</name>
            <description>Tiefe: 50–100 cm</description>
            <Point id="5734">
                <coordinates>8.17872444101359,49.405692131082546,0.0</coordinates>
            </Point>
        </Placemark>
        <Placemark id="5737">
            <name>Friedhofweg</name>
            <description>Tiefe: 30–50 cm</description>
            <Point id="5736">
                <coordinates>8.182382350000001,49.407555349999996,0.0</coordinates>
            </Point>
        </Placemark>
        <Placemark id="5739">
            <name>Bennstraße</name>
            <description>Tiefe: 50–100 cm</description>
            <Point id="5738">
                <coordinates>8.183002422100893,49.407503702516706,0.0</coordinates>
            </Point>
        </Placemark>
        <Placemark id="5741">
            <name>Friedhofweg</name>
            <description>Tiefe: 30–50 cm</description>
            <Point id="5740">
                <coordinates>8.182510361416515,49.40789445567517,0.0</coordinates>
            </Point>
        </Placemark>
        <Placemark id="5743">
            <name>Kirchgasse</name>
            <description>Tiefe: 30–50 cm</description>
            <Point id="5742">
                <coordinates>8.185754953041908,49.408040438035265,0.0</coordinates>
            </Point>
        </Placemark>
        <Placemark id="5745">
            <name>Sankt-Martiner-Straße</name>
            <description>Tiefe: 50–100 cm</description>
            <Point id="5744">
                <coordinates>8.12955165,49.3048993,0.0</coordinates>
            </Point>
        </Placemark>
        <Placemark id="5747">
            <name>Sankt-Martiner-Straße</name>
            <description>Tiefe: 50–100 cm</description>
            <Point id="5746">
                <coordinates>8.12886642126055,49.30492669469639,0.0</coordinates>
            </Point>
        </Placemark>
        <Placemark id="5749">
            <name>Weiherstraße</name>
            <description>Tiefe: 50–100 cm</description>
            <Point id="5748">
                <coordinates>8.1285994006664,49.30526482847733,0.0</coordinates>
            </Point>
        </Placemark>
        <Placemark id="5751">
            <name>Hetzelstraße</name>
            <description>Tiefe: 30–50 cm</description>
            <Point id="5750">
                <coordinates>8.135271249999999,49.35145165,0.0</coordinates>
            </Point>
        </Placemark>
        <Placemark id="5753">
            <name>Hetzelstraße</name>
            <description>Tiefe: 30–50 cm</description>
            <Point id="5752">
                <coordinates>8.135109772894825,49.350939950441,0.0</coordinates>
            </Point>
        </Placemark>
        <Placemark id="5755">
            <name>Freiheitstraße</name>
            <description>Tiefe: 50–100 cm</description>
            <Point id="5754">
                <coordinates>8.116139614481495,49.32591737879807,0.0</coordinates>
            </Point>
        </Placemark>
        <Placemark id="5757">
            <name>Lilienthalstraße</name>
            <description>Tiefe: 30–50 cm</description>
            <Point id="5756">
                <coordinates>8.20395405,49.3367225,0.0</coordinates>
            </Point>
        </Placemark>
        <Placemark id="5759">
            <name>Flugplatzstraße</name>
            <description>Tiefe: 50–100 cm</description>
            <Point id="5758">
                <coordinates>8.20364039814258,49.33606668042897,0.0</coordinates>
            </Point>
        </Placemark>
        <Placemark id="5761">
            <name>Lilienthalstraße</name>
            <description>Tiefe: 30–50 cm</description>
            <Point id="5760">
                <coordinates>8.202517884917107,49.33701868424032,0.0</coordinates>
            </Point>
        </Placemark>
        <Placemark id="5763">
            <name>Adamsweg</name>
            <description>Tiefe: 30–50 cm</description>
            <Point id="5762">
                <coordinates>8.206545900643189,49.33928671829652,0.0</coordinates>
            </Point>
        </Placemark>
        <Placemark id="5765">
            <name>Adamsweg</name>
            <description>Tiefe: 30–50 cm</description>
            <Point id="5764">
                <coordinates>8.206343224838289,49.33784931764371,0.0</coordinates>
            </Point>
        </Placemark>
        <Placemark id="5767">
            <name>Lilienthalstraße</name>
            <description>Tiefe: 30–50 cm</description>
            <Point id="5766">
                <coordinates>8.205105992623258,49.338362576631425,0.0</coordinates>
            </Point>
        </Placemark>
        <Placemark id="5769">
            <name>Im Altenschemel</name>
            <description>Tiefe: 30–50 cm</description>
            <Point id="5768">
                <coordinates>8.219731246436597,49.3371341924619,0.0</coordinates>
            </Point>
        </Placemark>
        <Placemark id="5771">
            <name>Im Altenschemel</name>
            <description>Tiefe: 30–50 cm</description>
            <Point id="5770">
                <coordinates>8.219731246436597,49.3371341924619,0.0</coordinates>
            </Point>
        </Placemark>
        <Placemark id="5773">
            <name>Im Altenschemel</name>
            <description>Tiefe: 30–50 cm</description>
            <Point id="5772">
                <coordinates>8.22103402918706,49.33663958936716,0.0</coordinates>
            </Point>
        </Placemark>
        <Placemark id="5775">
            <name>Goethestraße</name>
            <description>Tiefe: 50–100 cm</description>
            <Point id="5774">
                <coordinates>8.20068445,49.3291383,0.0</coordinates>
            </Point>
        </Placemark>
        <Placemark id="5777">
            <name>Goethestraße</name>
            <description>Tiefe: 50–100 cm</description>
            <Point id="5776">
                <coordinates>8.200078139812053,49.32831239804966,0.0</coordinates>
            </Point>
        </Placemark>
        <Placemark id="5779">
            <name>Im Altenschemel</name>
            <description>Tiefe: 30–50 cm</description>
            <Point id="5778">
                <coordinates>8.215176,49.33822955,0.0</coordinates>
            </Point>
        </Placemark>
        <Placemark id="5781">
            <name>Im Altenschemel</name>
            <description>Tiefe: 30–50 cm</description>
            <Point id="5780">
                <coordinates>8.215043003291395,49.337646886546736,0.0</coordinates>
            </Point>
        </Placemark>
        <Placemark id="5783">
            <name>Schloßwiese</name>
            <description>Tiefe: 30–50 cm</description>
            <Point id="5782">
                <coordinates>8.19186611753004,49.40600387584453,0.0</coordinates>
            </Point>
        </Placemark>
        <Placemark id="5785">
            <name>An der Marlach</name>
            <description>Tiefe: 30–50 cm</description>
            <Point id="5784">
                <coordinates>8.188487084061839,49.40519430521946,0.0</coordinates>
            </Point>
        </Placemark>
        <Placemark id="5787">
            <name>Königsgarten</name>
            <description>Tiefe: 50–100 cm</description>
            <Point id="5786">
                <coordinates>8.185571078253416,49.40547371871218,0.0</coordinates>
            </Point>
        </Placemark>
        <Placemark id="5789">
            <name>Königsgartenstraße</name>
            <description>Tiefe: 50–100 cm</description>
            <Point id="5788">
                <coordinates>8.184835425130021,49.40565676111737,0.0</coordinates>
            </Point>
        </Placemark>
        <Placemark id="5791">
            <name>Bleichstraße</name>
            <description>Tiefe: 50–100 cm</description>
            <Point id="5790">
                <coordinates>8.184598793442659,49.406360778289645,0.0</coordinates>
            </Point>
        </Placemark>
        <Placemark id="5793">
            <name>Adolf-Kolping-Straße</name>
            <description>Tiefe: 30–50 cm</description>
            <Point id="5792">
                <coordinates>8.162702369604592,49.34563035693159,0.0</coordinates>
            </Point>
        </Placemark>
        <Placemark id="5795">
            <name>Martin-Luther-Straße</name>
            <description>Tiefe: 50–100 cm</description>
            <Point id="5794">
                <coordinates>8.15202995,49.358384599999994,0.0</coordinates>
            </Point>
        </Placemark>
        <Placemark id="5797">
            <name>Adalbert-Stifter-Straße</name>
            <description>Tiefe: 50–100 cm</description>
            <Point id="5796">
                <coordinates>8.1529512,49.35878025,0.0</coordinates>
            </Point>
        </Placemark>
        <Placemark id="5799">
            <name>Adalbert-Stifter-Straße</name>
            <description>Tiefe: 50–100 cm</description>
            <Point id="5798">
                <coordinates>8.152981650000001,49.35850215,0.0</coordinates>
            </Point>
        </Placemark>
        <Placemark id="5801">
            <name>Winzinger Straße</name>
            <description>Tiefe: 30–50 cm</description>
            <Point id="5800">
                <coordinates>8.15126366275591,49.356237447335786,0.0</coordinates>
            </Point>
        </Placemark>
        <Placemark id="5803">
            <name>Marktstraße</name>
            <description>Tiefe: 50–100 cm</description>
            <Point id="5802">
                <coordinates>8.1698446211823,49.29467369342513,0.0</coordinates>
            </Point>
        </Placemark>
        <Placemark id="5805">
            <name>An der Steinmühle</name>
            <description>Tiefe: 30–50 cm</description>
            <Point id="5804">
                <coordinates>8.137029550000001,49.30226535,0.0</coordinates>
            </Point>
        </Placemark>
        <Placemark id="5807">
            <name>An der Steinmühle</name>
            <description>Tiefe: 30–50 cm</description>
            <Point id="5806">
                <coordinates>8.136917214178634,49.302923685575685,0.0</coordinates>
            </Point>
        </Placemark>
        <Placemark id="5809">
            <name>Im Ringgarten</name>
            <description>Tiefe: 50–100 cm</description>
            <Point id="5808">
                <coordinates>8.18127905,49.407642949999996,0.0</coordinates>
            </Point>
        </Placemark>
        <Placemark id="5811">
            <name>Im Ringgarten</name>
            <description>Tiefe: 50–100 cm</description>
            <Point id="5810">
                <coordinates>8.181916895006157,49.407665657666676,0.0</coordinates>
            </Point>
        </Placemark>
        <Placemark id="5813">
            <name>Im Ringgarten</name>
            <description>Tiefe: 50–100 cm</description>
            <Point id="5812">
                <coordinates>8.181467116738373,49.40747689199619,0.0</coordinates>
            </Point>
        </Placemark>
        <Placemark id="5815">
            <name>Im Ringgarten</name>
            <description>Tiefe: 50–100 cm</description>
            <Point id="5814">
                <coordinates>8.181467116738373,49.40747689199619,0.0</coordinates>
            </Point>
        </Placemark>
        <Placemark id="5817">
            <name>Im Taubenrausch</name>
            <description>Tiefe: 30–50 cm</description>
            <Point id="5816">
                <coordinates>8.19675,49.39630795,0.0</coordinates>
            </Point>
        </Placemark>
        <Placemark id="5819">
            <name>Stabenbergstraße</name>
            <description>Tiefe: 50–100 cm</description>
            <Point id="5818">
                <coordinates>8.154598048445587,49.38616290641381,0.0</coordinates>
            </Point>
        </Placemark>
        <Placemark id="5821">
            <name>Speyerdorfer Straße</name>
            <description>Tiefe: 30–50 cm</description>
            <Point id="5820">
                <coordinates>8.154444805579619,49.346642711249444,0.0</coordinates>
            </Point>
        </Placemark>
        <Placemark id="5823">
            <name>Speyerdorfer Straße</name>
            <description>Tiefe: 30–50 cm</description>
            <Point id="5822">
                <coordinates>8.153188276049315,49.346885206745725,0.0</coordinates>
            </Point>
        </Placemark>
        <Placemark id="5825">
            <name>Landauer Straße</name>
            <description>Tiefe: 30–50 cm</description>
            <Point id="5824">
                <coordinates>8.1383875,49.35060505,0.0</coordinates>
            </Point>
        </Placemark>
        <Placemark id="5827">
            <name>Bahnhofstraße</name>
            <description>Tiefe: 30–50 cm</description>
            <Point id="5826">
                <coordinates>8.138927511173511,49.35048783336497,0.0</coordinates>
            </Point>
        </Placemark>
        <Placemark id="5829">
            <name>Landauer Straße</name>
            <description>Tiefe: 30–50 cm</description>
            <Point id="5828">
                <coordinates>8.13812046257993,49.35042777363698,0.0</coordinates>
            </Point>
        </Placemark>
        <Placemark id="5831">
            <name>Weinstraße</name>
            <description>Tiefe: 30–50 cm</description>
            <Point id="5830">
                <coordinates>8.129946205064527,49.33029775716041,0.0</coordinates>
            </Point>
        </Placemark>
        <Placemark id="5833">
            <name>Weinstraße</name>
            <description>Tiefe: 30–50 cm</description>
            <Point id="5832">
                <coordinates>8.130424329446399,49.33219332746292,0.0</coordinates>
            </Point>
        </Placemark>
        <Placemark id="5835">
            <name>Schwimmbadstraße</name>
            <description>Tiefe: 50–100 cm</description>
            <Point id="5834">
                <coordinates>8.133290850000002,49.302042900000004,0.0</coordinates>
            </Point>
        </Placemark>
        <Placemark id="5837">
            <name>Schwimmbadstraße</name>
            <description>Tiefe: 50–100 cm</description>
            <Point id="5836">
                <coordinates>8.1337005,49.302163500000006,0.0</coordinates>
            </Point>
        </Placemark>
        <Placemark id="5839">
            <name>Schwimmbadstraße</name>
            <description>Tiefe: 50–100 cm</description>
            <Point id="5838">
                <coordinates>8.13338021175717,49.30231892118853,0.0</coordinates>
            </Point>
        </Placemark>
        <Placemark id="5841">
            <name>Schwimmbadstraße</name>
            <description>Tiefe: 50–100 cm</description>
            <Point id="5840">
                <coordinates>8.13338021175717,49.30231892118853,0.0</coordinates>
            </Point>
        </Placemark>
        <Placemark id="5843">
            <name>Weideweg</name>
            <description>Tiefe: 30–50 cm</description>
            <Point id="5842">
                <coordinates>8.128692749999999,49.3014468,0.0</coordinates>
            </Point>
        </Placemark>
        <Placemark id="5845">
            <name>Weideweg</name>
            <description>Tiefe: 30–50 cm</description>
            <Point id="5844">
                <coordinates>8.12922465,49.3016706,0.0</coordinates>
            </Point>
        </Placemark>
        <Placemark id="5847">
            <name>Hauberallee</name>
            <description>Tiefe: 30–50 cm</description>
            <Point id="5846">
                <coordinates>8.116402410409991,49.351306963439875,0.0</coordinates>
            </Point>
        </Placemark>
        <Placemark id="5849">
            <name>Wolfsburgstraße</name>
            <description>Tiefe: 30–50 cm</description>
            <Point id="5848">
                <coordinates>8.109719446693312,49.35818852801599,0.0</coordinates>
            </Point>
        </Placemark>
        <Placemark id="5851">
            <name>Hauptstraße</name>
            <description>Tiefe: 30–50 cm</description>
            <Point id="5850">
                <coordinates>8.14958365,49.30499855,0.0</coordinates>
            </Point>
        </Placemark>
        <Placemark id="5853">
            <name>Hauptstraße</name>
            <description>Tiefe: 30–50 cm</description>
            <Point id="5852">
                <coordinates>8.148376934402146,49.30528857997654,0.0</coordinates>
            </Point>
        </Placemark>
        <Placemark id="5855">
            <name>Bordmühlweg</name>
            <description>Tiefe: 30–50 cm</description>
            <Point id="5854">
                <coordinates>8.149369892838596,49.304988535947885,0.0</coordinates>
            </Point>
        </Placemark>
        <Placemark id="5857">
            <name>Gimmeldinger Straße</name>
            <description>Tiefe: 30–50 cm</description>
            <Point id="5856">
                <coordinates>8.148903329525503,49.35994014808777,0.0</coordinates>
            </Point>
        </Placemark>
        <Placemark id="5859">
            <name>Gimmeldinger Straße</name>
            <description>Tiefe: 30–50 cm</description>
            <Point id="5858">
                <coordinates>8.148712017947549,49.35904683103371,0.0</coordinates>
            </Point>
        </Placemark>
        <Placemark id="5861">
            <name>Probstgasse</name>
            <description>Tiefe: 50–100 cm</description>
            <Point id="5860">
                <coordinates>8.150006932862915,49.363319213601564,0.0</coordinates>
            </Point>
        </Placemark>
        <Placemark id="5863">
            <name>Probstgasse</name>
            <description>Tiefe: 50–100 cm</description>
            <Point id="5862">
                <coordinates>8.144989694520904,49.36407789723646,0.0</coordinates>
            </Point>
        </Placemark>
        <Placemark id="5865">
            <name>Spreisselgasse</name>
            <description>Tiefe: 30–50 cm</description>
            <Point id="5864">
                <coordinates>8.132960686236244,49.302219636347544,0.0</coordinates>
            </Point>
        </Placemark>
        <Placemark id="5867">
            <name>Marktstraße</name>
            <description>Tiefe: 50–100 cm</description>
            <Point id="5866">
                <coordinates>8.139667701253453,49.304084873723355,0.0</coordinates>
            </Point>
        </Placemark>
        <Placemark id="5869">
            <name>Marktstraße</name>
            <description>Tiefe: 50–100 cm</description>
            <Point id="5868">
                <coordinates>8.141015628951944,49.30398754139741,0.0</coordinates>
            </Point>
        </Placemark>
        <Placemark id="5871">
            <name>Totenkopfstraße</name>
            <description>Tiefe: 50–100 cm</description>
            <Point id="5870">
                <coordinates>8.093621210938663,49.30087252268095,0.0</coordinates>
            </Point>
        </Placemark>
        <Placemark id="5873">
            <name>Totenkopfstraße</name>
            <description>Tiefe: 50–100 cm</description>
            <Point id="5872">
                <coordinates>8.099476220238799,49.30074094252819,0.0</coordinates>
            </Point>
        </Placemark>
        <Placemark id="5875">
            <name>Gartenstraße</name>
            <description>Tiefe: 50–100 cm</description>
            <Point id="5874">
                <coordinates>8.12721737989644,49.299261052134106,0.0</coordinates>
            </Point>
        </Placemark>
        <Placemark id="5877">
            <name>Karl-Marx-Straße</name>
            <description>Tiefe: 30–50 cm</description>
            <Point id="5876">
                <coordinates>8.070094000000001,49.369814000000005,0.0</coordinates>
            </Point>
        </Placemark>
        <Placemark id="5879">
            <name>Karl-Marx-Straße</name>
            <description>Tiefe: 30–50 cm</description>
            <Point id="5878">
                <coordinates>8.069554395074718,49.36958831972099,0.0</coordinates>
            </Point>
        </Placemark>
        <Placemark id="5881">
            <name>Friedhofstraße</name>
            <description>Tiefe: 30–50 cm</description>
            <Point id="5880">
                <coordinates>8.165973696274927,49.30378342527218,0.0</coordinates>
            </Point>
        </Placemark>
        <Placemark id="5883">
            <name>Friedhofstraße</name>
            <description>Tiefe: 30–50 cm</description>
            <Point id="5882">
                <coordinates>8.166175541770034,49.30332863284464,0.0</coordinates>
            </Point>
        </Placemark>
        <Placemark id="5885">
            <name>Freiheitstraße</name>
            <description>Tiefe: 50–100 cm</description>
            <Point id="5884">
                <coordinates>8.120935956149795,49.33329806294714,0.0</coordinates>
            </Point>
        </Placemark>
        <Placemark id="5887">
            <name>Weinstraße Süd</name>
            <description>Tiefe: 30–50 cm</description>
            <Point id="5886">
                <coordinates>8.131446080405087,49.299106922546265,0.0</coordinates>
            </Point>
        </Placemark>
        <Placemark id="5889">
            <name>Im Ringel</name>
            <description>Tiefe: 30–50 cm</description>
            <Point id="5888">
                <coordinates>8.1936865,49.3241315,0.0</coordinates>
            </Point>
        </Placemark>
        <Placemark id="5891">
            <name>Im Ringel</name>
            <description>Tiefe: 30–50 cm</description>
            <Point id="5890">
                <coordinates>8.193260377904926,49.324244443501094,0.0</coordinates>
            </Point>
        </Placemark>
        <Placemark id="5893">
            <name>Mittelhambacher Straße</name>
            <description>Tiefe: 50–100 cm</description>
            <Point id="5892">
                <coordinates>8.152554008793091,49.32998618401674,0.0</coordinates>
            </Point>
        </Placemark>
        <Placemark id="5895">
            <name>Im Johanniskirchel</name>
            <description>Tiefe: 50–100 cm</description>
            <Point id="5894">
                <coordinates>8.1482391,49.319327900000005,0.0</coordinates>
            </Point>
        </Placemark>
        <Placemark id="5897">
            <name>Im Johanniskirchel</name>
            <description>Tiefe: 50–100 cm</description>
            <Point id="5896">
                <coordinates>8.148620470888007,49.31935272500223,0.0</coordinates>
            </Point>
        </Placemark>
        <Placemark id="5899">
            <name>Totenkopfstraße</name>
            <description>Tiefe: 50–100 cm</description>
            <Point id="5898">
                <coordinates>8.065389723689094,49.3180059861551,0.0</coordinates>
            </Point>
        </Placemark>
        <Placemark id="5901">
            <name>Eichstraße</name>
            <description>Tiefe: 50–100 cm</description>
            <Point id="5900">
                <coordinates>8.127451242107036,49.328569898211825,0.0</coordinates>
            </Point>
        </Placemark>
        <Placemark id="5903">
            <name>Eichstraße</name>
            <description>Tiefe: 50–100 cm</description>
            <Point id="5902">
                <coordinates>8.128883704337026,49.328957288007246,0.0</coordinates>
            </Point>
        </Placemark>
        <Placemark id="5905">
            <name>Grasgasse</name>
            <description>Tiefe: 30–50 cm</description>
            <Point id="5904">
                <coordinates>8.128157049648838,49.32834487616854,0.0</coordinates>
            </Point>
        </Placemark>
        <Placemark id="5907">
            <name>Louis-Escande-Straße</name>
            <description>Tiefe: 30–50 cm</description>
            <Point id="5906">
                <coordinates>8.173503888167472,49.340990580300584,0.0</coordinates>
            </Point>
        </Placemark>
        <Placemark id="5909">
            <name>Louis-Escande-Straße</name>
            <description>Tiefe: 30–50 cm</description>
            <Point id="5908">
                <coordinates>8.170210781034974,49.3409839742164,0.0</coordinates>
            </Point>
        </Placemark>
        <Placemark id="5911">
            <name>Stiftstraße</name>
            <description>Tiefe: 30–50 cm</description>
            <Point id="5910">
                <coordinates>8.145717081446712,49.34713524624103,0.0</coordinates>
            </Point>
        </Placemark>
        <Placemark id="5913">
            <name>Schillerstraße</name>
            <description>Tiefe: 50–100 cm</description>
            <Point id="5912">
                <coordinates>8.144150374515958,49.34865164017404,0.0</coordinates>
            </Point>
        </Placemark>
        <Placemark id="5915">
            <name>Schillerstraße</name>
            <description>Tiefe: 50–100 cm</description>
            <Point id="5914">
                <coordinates>8.145082286985476,49.34715556272922,0.0</coordinates>
            </Point>
        </Placemark>
        <Placemark id="5917">
            <name>Stiftstraße</name>
            <description>Tiefe: 30–50 cm</description>
            <Point id="5916">
                <coordinates>8.145334046669827,49.34717612344235,0.0</coordinates>
            </Point>
        </Placemark>
        <Placemark id="5919">
            <name>Schillerstraße</name>
            <description>Tiefe: 50–100 cm</description>
            <Point id="5918">
                <coordinates>8.145082286985476,49.34715556272922,0.0</coordinates>
            </Point>
        </Placemark>
        <Placemark id="5921">
            <name>Stiftstraße</name>
            <description>Tiefe: 30–50 cm</description>
            <Point id="5920">
                <coordinates>8.145213507566396,49.34711787474087,0.0</coordinates>
            </Point>
        </Placemark>
        <Placemark id="5923">
            <name>Schillerstraße</name>
            <description>Tiefe: 50–100 cm</description>
            <Point id="5922">
                <coordinates>8.144723341868096,49.347064884578366,0.0</coordinates>
            </Point>
        </Placemark>
        <Placemark id="5925">
            <name>Schillerstraße</name>
            <description>Tiefe: 50–100 cm</description>
            <Point id="5924">
                <coordinates>8.13821424573134,49.35039824618262,0.0</coordinates>
            </Point>
        </Placemark>
        <Placemark id="5927">
            <name>Schillerstraße</name>
            <description>Tiefe: 50–100 cm</description>
            <Point id="5926">
                <coordinates>8.1380669570222,49.3503037083568,0.0</coordinates>
            </Point>
        </Placemark>
        <Placemark id="5929">
            <name>Landauer Straße</name>
            <description>Tiefe: 30–50 cm</description>
            <Point id="5928">
                <coordinates>8.137553821037434,49.35014158371772,0.0</coordinates>
            </Point>
        </Placemark>
        <Placemark id="5931">
            <name>Landauer Straße</name>
            <description>Tiefe: 30–50 cm</description>
            <Point id="5930">
                <coordinates>8.13812046257993,49.35042777363698,0.0</coordinates>
            </Point>
        </Placemark>
        <Placemark id="5933">
            <name>Schillerstraße</name>
            <description>Tiefe: 50–100 cm</description>
            <Point id="5932">
                <coordinates>8.138060699181262,49.3501781205173,0.0</coordinates>
            </Point>
        </Placemark>
        <Placemark id="5935">
            <name>Schillerstraße</name>
            <description>Tiefe: 50–100 cm</description>
            <Point id="5934">
                <coordinates>8.137861222294383,49.349799741439774,0.0</coordinates>
            </Point>
        </Placemark>
        <Placemark id="5937">
            <name>Schillerstraße</name>
            <description>Tiefe: 50–100 cm</description>
            <Point id="5936">
                <coordinates>8.138155269397084,49.35012556060861,0.0</coordinates>
            </Point>
        </Placemark>
        <Placemark id="5939">
            <name>Bürgermeister-Oberhettinger-Straße</name>
            <description>Tiefe: 30–50 cm</description>
            <Point id="5938">
                <coordinates>8.202318621318142,49.40601526110019,0.0</coordinates>
            </Point>
        </Placemark>
        <Placemark id="5941">
            <name>Rieslingweg</name>
            <description>Tiefe: 50–100 cm</description>
            <Point id="5940">
                <coordinates>8.201785338662784,49.40772475204991,0.0</coordinates>
            </Point>
        </Placemark>
        <Placemark id="5943">
            <name>Landauer Straße</name>
            <description>Tiefe: 30–50 cm</description>
            <Point id="5942">
                <coordinates>8.15286078849617,49.34638368545551,0.0</coordinates>
            </Point>
        </Placemark>
        <Placemark id="5945">
            <name>Speyerdorfer Straße</name>
            <description>Tiefe: 30–50 cm</description>
            <Point id="5944">
                <coordinates>8.153220250539173,49.34681736209218,0.0</coordinates>
            </Point>
        </Placemark>
        <Placemark id="5947">
            <name>Landauer Straße</name>
            <description>Tiefe: 30–50 cm</description>
            <Point id="5946">
                <coordinates>8.15286618597881,49.346971806459216,0.0</coordinates>
            </Point>
        </Placemark>
        <Placemark id="5949">
            <name>Landauer Straße</name>
            <description>Tiefe: 30–50 cm</description>
            <Point id="5948">
                <coordinates>8.152058921400437,49.34739066133965,0.0</coordinates>
            </Point>
        </Placemark>
        <Placemark id="5951">
            <name>Landauer Straße</name>
            <description>Tiefe: 30–50 cm</description>
            <Point id="5950">
                <coordinates>8.15286618597881,49.346971806459216,0.0</coordinates>
            </Point>
        </Placemark>
        <Placemark id="5953">
            <name>Landauer Straße</name>
            <description>Tiefe: 30–50 cm</description>
            <Point id="5952">
                <coordinates>8.1511466,49.3476058,0.0</coordinates>
            </Point>
        </Placemark>
        <Placemark id="5955">
            <name>Landauer Straße</name>
            <description>Tiefe: 30–50 cm</description>
            <Point id="5954">
                <coordinates>8.150409746522001,49.34785262468269,0.0</coordinates>
            </Point>
        </Placemark>
        <Placemark id="5957">
            <name>Stiftstraße</name>
            <description>Tiefe: 30–50 cm</description>
            <Point id="5956">
                <coordinates>8.150926488379529,49.34749677011404,0.0</coordinates>
            </Point>
        </Placemark>
        <Placemark id="5959">
            <name>Landauer Straße</name>
            <description>Tiefe: 30–50 cm</description>
            <Point id="5958">
                <coordinates>8.1511466,49.3476058,0.0</coordinates>
            </Point>
        </Placemark>
        <Placemark id="5961">
            <name>Landauer Straße</name>
            <description>Tiefe: 30–50 cm</description>
            <Point id="5960">
                <coordinates>8.152058921400437,49.34739066133965,0.0</coordinates>
            </Point>
        </Placemark>
        <Placemark id="5963">
            <name>Winzinger Straße</name>
            <description>Tiefe: 30–50 cm</description>
            <Point id="5962">
                <coordinates>8.151452843205155,49.34787377211204,0.0</coordinates>
            </Point>
        </Placemark>
        <Placemark id="5965">
            <name>Im Ringel</name>
            <description>Tiefe: 30–50 cm</description>
            <Point id="5964">
                <coordinates>8.194605350523215,49.32465260952871,0.0</coordinates>
            </Point>
        </Placemark>
        <Placemark id="5967">
            <name>Im Ringel</name>
            <description>Tiefe: 30–50 cm</description>
            <Point id="5966">
                <coordinates>8.19492525,49.323858200000004,0.0</coordinates>
            </Point>
        </Placemark>
        <Placemark id="5969">
            <name>Im Ringel</name>
            <description>Tiefe: 30–50 cm</description>
            <Point id="5968">
                <coordinates>8.195401847568961,49.324030446851765,0.0</coordinates>
            </Point>
        </Placemark>
        <Placemark id="5971">
            <name>Im Ringel</name>
            <description>Tiefe: 30–50 cm</description>
            <Point id="5970">
                <coordinates>8.194513411761504,49.324048866831944,0.0</coordinates>
            </Point>
        </Placemark>
        <Placemark id="5973">
            <name>Im Ringel</name>
            <description>Tiefe: 30–50 cm</description>
            <Point id="5972">
                <coordinates>8.19492525,49.323858200000004,0.0</coordinates>
            </Point>
        </Placemark>
        <Placemark id="5975">
            <name>Kirchstraße</name>
            <description>Tiefe: 50–100 cm</description>
            <Point id="5974">
                <coordinates>8.102442415522658,49.299889204496175,0.0</coordinates>
            </Point>
        </Placemark>
        <Placemark id="5977">
            <name>Kirchstraße</name>
            <description>Tiefe: 50–100 cm</description>
            <Point id="5976">
                <coordinates>8.102172951678023,49.300313474062236,0.0</coordinates>
            </Point>
        </Placemark>
        <Placemark id="5979">
            <name>Johannes-Damm-Straße</name>
            <description>Tiefe: 30–50 cm</description>
            <Point id="5978">
                <coordinates>8.1319725,49.302767849999995,0.0</coordinates>
            </Point>
        </Placemark>
        <Placemark id="5981">
            <name>Johannes-Damm-Straße</name>
            <description>Tiefe: 30–50 cm</description>
            <Point id="5980">
                <coordinates>8.131697094430871,49.30212262093531,0.0</coordinates>
            </Point>
        </Placemark>
        <Placemark id="5983">
            <name>Johannes-Damm-Straße</name>
            <description>Tiefe: 30–50 cm</description>
            <Point id="5982">
                <coordinates>8.131975449999999,49.303006499999995,0.0</coordinates>
            </Point>
        </Placemark>
        <Placemark id="5985">
            <name>Johannes-Damm-Straße</name>
            <description>Tiefe: 30–50 cm</description>
            <Point id="5984">
                <coordinates>8.1319725,49.302767849999995,0.0</coordinates>
            </Point>
        </Placemark>
        <Placemark id="5987">
            <name>Talstraße</name>
            <description>Tiefe: 30–50 cm</description>
            <Point id="5986">
                <coordinates>8.13274070399302,49.35175837029168,0.0</coordinates>
            </Point>
        </Placemark>
        <Placemark id="5989">
            <name>Talstraße</name>
            <description>Tiefe: 30–50 cm</description>
            <Point id="5988">
                <coordinates>8.133502032101928,49.35147251529268,0.0</coordinates>
            </Point>
        </Placemark>
        <Placemark id="5991">
            <name>Talstraße</name>
            <description>Tiefe: 30–50 cm</description>
            <Point id="5990">
                <coordinates>8.13436611165862,49.35101206225281,0.0</coordinates>
            </Point>
        </Placemark>
        <Placemark id="5993">
            <name>Amalienstraße</name>
            <description>Tiefe: 50–100 cm</description>
            <Point id="5992">
                <coordinates>8.135098526794533,49.350574302001554,0.0</coordinates>
            </Point>
        </Placemark>
        <Placemark id="5995">
            <name>Hetzelstraße</name>
            <description>Tiefe: 30–50 cm</description>
            <Point id="5994">
                <coordinates>8.135109772894825,49.350939950441,0.0</coordinates>
            </Point>
        </Placemark>
        <Placemark id="5997">
            <name>Talstraße</name>
            <description>Tiefe: 30–50 cm</description>
            <Point id="5996">
                <coordinates>8.134919478236622,49.35071009782866,0.0</coordinates>
            </Point>
        </Placemark>
        <Placemark id="5999">
            <name>Amalienstraße</name>
            <description>Tiefe: 50–100 cm</description>
            <Point id="5998">
                <coordinates>8.128573338509943,49.35051846132336,0.0</coordinates>
            </Point>
        </Placemark>
        <Placemark id="6001">
            <name>Talstraße</name>
            <description>Tiefe: 30–50 cm</description>
            <Point id="6000">
                <coordinates>8.128229396676051,49.35117549998691,0.0</coordinates>
            </Point>
        </Placemark>
        <Placemark id="6003">
            <name>Talstraße</name>
            <description>Tiefe: 30–50 cm</description>
            <Point id="6002">
                <coordinates>8.12675715905881,49.35078086094999,0.0</coordinates>
            </Point>
        </Placemark>
        <Placemark id="6005">
            <name>Talstraße</name>
            <description>Tiefe: 30–50 cm</description>
            <Point id="6004">
                <coordinates>8.125264653902148,49.35082752315516,0.0</coordinates>
            </Point>
        </Placemark>
        <Placemark id="6007">
            <name>Talstraße</name>
            <description>Tiefe: 30–50 cm</description>
            <Point id="6006">
                <coordinates>8.12675715905881,49.35078086094999,0.0</coordinates>
            </Point>
        </Placemark>
        <Placemark id="6009">
            <name>Mandelgasse</name>
            <description>Tiefe: 30–50 cm</description>
            <Point id="6008">
                <coordinates>8.12924695178214,49.35177811030149,0.0</coordinates>
            </Point>
        </Placemark>
        <Placemark id="6011">
            <name>Mandelgasse</name>
            <description>Tiefe: 30–50 cm</description>
            <Point id="6010">
                <coordinates>8.129368427721618,49.35169099705187,0.0</coordinates>
            </Point>
        </Placemark>
        <Placemark id="6013">
            <name>Talstraße</name>
            <description>Tiefe: 30–50 cm</description>
            <Point id="6012">
                <coordinates>8.129446884937211,49.351658204424815,0.0</coordinates>
            </Point>
        </Placemark>
        <Placemark id="6015">
            <name>Mandelgasse</name>
            <description>Tiefe: 30–50 cm</description>
            <Point id="6014">
                <coordinates>8.129416069759692,49.35173410687418,0.0</coordinates>
            </Point>
        </Placemark>
        <Placemark id="6017">
            <name>Ludwigstraße</name>
            <description>Tiefe: 50–100 cm</description>
            <Point id="6016">
                <coordinates>8.129555876695738,49.351750826766924,0.0</coordinates>
            </Point>
        </Placemark>
        <Placemark id="6019">
            <name>Ludwigstraße</name>
            <description>Tiefe: 50–100 cm</description>
            <Point id="6018">
                <coordinates>8.129933599538596,49.35229119678571,0.0</coordinates>
            </Point>
        </Placemark>
        <Placemark id="6021">
            <name>Ludwigstraße</name>
            <description>Tiefe: 50–100 cm</description>
            <Point id="6020">
                <coordinates>8.129555876695738,49.351750826766924,0.0</coordinates>
            </Point>
        </Placemark>
        <Placemark id="6023">
            <name>Speyerdorfer Straße</name>
            <description>Tiefe: 30–50 cm</description>
            <Point id="6022">
                <coordinates>8.175430437527273,49.342161882983376,0.0</coordinates>
            </Point>
        </Placemark>
        <Placemark id="6025">
            <name>Speyerdorfer Straße</name>
            <description>Tiefe: 30–50 cm</description>
            <Point id="6024">
                <coordinates>8.176103731170915,49.341791684570616,0.0</coordinates>
            </Point>
        </Placemark>
        <Placemark id="6027">
            <name>Nachtweide</name>
            <description>Tiefe: 30–50 cm</description>
            <Point id="6026">
                <coordinates>8.175980958981093,49.34219495046987,0.0</coordinates>
            </Point>
        </Placemark>
        <Placemark id="6029">
            <name>Zum Ordenswald</name>
            <description>Tiefe: 50–100 cm</description>
            <Point id="6028">
                <coordinates>8.173961953874011,49.35926142985175,0.0</coordinates>
            </Point>
        </Placemark>
        <Placemark id="6031">
            <name>Schießmauer</name>
            <description>Tiefe: 30–50 cm</description>
            <Point id="6030">
                <coordinates>8.172226940027612,49.365372820007074,0.0</coordinates>
            </Point>
        </Placemark>
        <Placemark id="6033">
            <name>Zum Ordenswald</name>
            <description>Tiefe: 50–100 cm</description>
            <Point id="6032">
                <coordinates>8.172620938861384,49.36492452793356,0.0</coordinates>
            </Point>
        </Placemark>
        <Placemark id="6035">
            <name>Zum Ordenswald</name>
            <description>Tiefe: 50–100 cm</description>
            <Point id="6034">
                <coordinates>8.172847000976153,49.36640800343844,0.0</coordinates>
            </Point>
        </Placemark>
        <Placemark id="6037">
            <name>Zum Ordenswald</name>
            <description>Tiefe: 50–100 cm</description>
            <Point id="6036">
                <coordinates>8.17314705,49.36697545,0.0</coordinates>
            </Point>
        </Placemark>
        <Placemark id="6039">
            <name>Am Stentenwehr</name>
            <description>Tiefe: 50–100 cm</description>
            <Point id="6038">
                <coordinates>8.17384772395194,49.36673967637841,0.0</coordinates>
            </Point>
        </Placemark>
        <Placemark id="6041">
            <name>Zum Ordenswald</name>
            <description>Tiefe: 50–100 cm</description>
            <Point id="6040">
                <coordinates>8.172847000976153,49.36640800343844,0.0</coordinates>
            </Point>
        </Placemark>
        <Placemark id="6043">
            <name>An der Bleiche</name>
            <description>Tiefe: 50–100 cm</description>
            <Point id="6042">
                <coordinates>8.173123450661706,49.36712764919096,0.0</coordinates>
            </Point>
        </Placemark>
        <Placemark id="6045">
            <name>An der Bleiche</name>
            <description>Tiefe: 50–100 cm</description>
            <Point id="6044">
                <coordinates>8.173051884675651,49.36707566014746,0.0</coordinates>
            </Point>
        </Placemark>
        <Placemark id="6047">
            <name>Röhrweidenweg</name>
            <description>Tiefe: 50–100 cm</description>
            <Point id="6046">
                <coordinates>8.164611831059783,49.3688253975867,0.0</coordinates>
            </Point>
        </Placemark>
        <Placemark id="6049">
            <name>An der Bleiche</name>
            <description>Tiefe: 50–100 cm</description>
            <Point id="6048">
                <coordinates>8.169767086548921,49.36774203478596,0.0</coordinates>
            </Point>
        </Placemark>
        <Placemark id="6051">
            <name>An der Eselshaut</name>
            <description>Tiefe: 50–100 cm</description>
            <Point id="6050">
                <coordinates>8.161813938335337,49.36518382254595,0.0</coordinates>
            </Point>
        </Placemark>
        <Placemark id="6053">
            <name>Branchweilerhofstraße</name>
            <description>Tiefe: 50–100 cm</description>
            <Point id="6052">
                <coordinates>8.170699819464891,49.358579668441145,0.0</coordinates>
            </Point>
        </Placemark>
        <Placemark id="6055">
            <name>Branchweilerhofstraße</name>
            <description>Tiefe: 50–100 cm</description>
            <Point id="6054">
                <coordinates>8.17240266444404,49.35683982002582,0.0</coordinates>
            </Point>
        </Placemark>
        <Placemark id="6057">
            <name>Branchweilerhofstraße</name>
            <description>Tiefe: 50–100 cm</description>
            <Point id="6056">
                <coordinates>8.172675598414626,49.358635411568365,0.0</coordinates>
            </Point>
        </Placemark>
        <Placemark id="6059">
            <name>Branchweilerhofstraße</name>
            <description>Tiefe: 50–100 cm</description>
            <Point id="6058">
                <coordinates>8.173980724411923,49.35854053300415,0.0</coordinates>
            </Point>
        </Placemark>
        <Placemark id="6061">
            <name>Branchweilerhofstraße</name>
            <description>Tiefe: 50–100 cm</description>
            <Point id="6060">
                <coordinates>8.173891118084805,49.357091641027374,0.0</coordinates>
            </Point>
        </Placemark>
        <Placemark id="6063">
            <name>An der Eselshaut</name>
            <description>Tiefe: 50–100 cm</description>
            <Point id="6062">
                <coordinates>8.174480574683203,49.36931553140058,0.0</coordinates>
            </Point>
        </Placemark>
        <Placemark id="6065">
            <name>An der Eselshaut</name>
            <description>Tiefe: 50–100 cm</description>
            <Point id="6064">
                <coordinates>8.174635013728896,49.37007686793417,0.0</coordinates>
            </Point>
        </Placemark>
        <Placemark id="6067">
            <name>Am Krautgarten</name>
            <description>Tiefe: 30–50 cm</description>
            <Point id="6066">
                <coordinates>8.183214734756334,49.36706099558892,0.0</coordinates>
            </Point>
        </Placemark>
        <Placemark id="6069">
            <name>Am Krautgarten</name>
            <description>Tiefe: 30–50 cm</description>
            <Point id="6068">
                <coordinates>8.183526312668358,49.36747067867655,0.0</coordinates>
            </Point>
        </Placemark>
        <Placemark id="6071">
            <name>Breitenweg</name>
            <description>Tiefe: 50–100 cm</description>
            <Point id="6070">
                <coordinates>8.183557050000001,49.367633,0.0</coordinates>
            </Point>
        </Placemark>
        <Placemark id="6073">
            <name>Am Krautgarten</name>
            <description>Tiefe: 30–50 cm</description>
            <Point id="6072">
                <coordinates>8.183440008695914,49.3674936446312,0.0</coordinates>
            </Point>
        </Placemark>
        <Placemark id="6075">
            <name>Breitenweg</name>
            <description>Tiefe: 50–100 cm</description>
            <Point id="6074">
                <coordinates>8.180688564359798,49.368085189917295,0.0</coordinates>
            </Point>
        </Placemark>
        <Placemark id="6077">
            <name>Breitenweg</name>
            <description>Tiefe: 50–100 cm</description>
            <Point id="6076">
                <coordinates>8.185639255633095,49.36810340227951,0.0</coordinates>
            </Point>
        </Placemark>
        <Placemark id="6079">
            <name>Breitenweg</name>
            <description>Tiefe: 50–100 cm</description>
            <Point id="6078">
                <coordinates>8.183628202126643,49.36779608075991,0.0</coordinates>
            </Point>
        </Placemark>
        <Placemark id="6081">
            <name>Breitenweg</name>
            <description>Tiefe: 50–100 cm</description>
            <Point id="6080">
                <coordinates>8.183557050000001,49.367633,0.0</coordinates>
            </Point>
        </Placemark>
        <Placemark id="6083">
            <name>Breitenweg</name>
            <description>Tiefe: 50–100 cm</description>
            <Point id="6082">
                <coordinates>8.183714219804969,49.36775472699712,0.0</coordinates>
            </Point>
        </Placemark>
        <Placemark id="6085">
            <name>Breitenweg</name>
            <description>Tiefe: 50–100 cm</description>
            <Point id="6084">
                <coordinates>8.183782702980057,49.36759497578398,0.0</coordinates>
            </Point>
        </Placemark>
        <Placemark id="6087">
            <name>Breitenweg</name>
            <description>Tiefe: 50–100 cm</description>
            <Point id="6086">
                <coordinates>8.183848152480634,49.367702069194415,0.0</coordinates>
            </Point>
        </Placemark>
        <Placemark id="6089">
            <name>Breitenweg</name>
            <description>Tiefe: 50–100 cm</description>
            <Point id="6088">
                <coordinates>8.183782702980057,49.36759497578398,0.0</coordinates>
            </Point>
        </Placemark>
        <Placemark id="6091">
            <name>Breitenweg</name>
            <description>Tiefe: 50–100 cm</description>
            <Point id="6090">
                <coordinates>8.185797094613537,49.36676607228012,0.0</coordinates>
            </Point>
        </Placemark>
        <Placemark id="6093">
            <name>Breitenweg</name>
            <description>Tiefe: 50–100 cm</description>
            <Point id="6092">
                <coordinates>8.185797094613537,49.36676607228012,0.0</coordinates>
            </Point>
        </Placemark>
        <Placemark id="6095">
            <name>Breitenweg</name>
            <description>Tiefe: 50–100 cm</description>
            <Point id="6094">
                <coordinates>8.18798914718183,49.363465903472964,0.0</coordinates>
            </Point>
        </Placemark>
        <Placemark id="6097">
            <name>Hermann-Löns-Straße</name>
            <description>Tiefe: 30–50 cm</description>
            <Point id="6096">
                <coordinates>8.171664071827903,49.36735368795793,0.0</coordinates>
            </Point>
        </Placemark>
        <Placemark id="6099">
            <name>Hermann-Löns-Straße</name>
            <description>Tiefe: 30–50 cm</description>
            <Point id="6098">
                <coordinates>8.172127094411135,49.36622528888127,0.0</coordinates>
            </Point>
        </Placemark>
        <Placemark id="6101">
            <name>Herrenhofstraße</name>
            <description>Tiefe: 30–50 cm</description>
            <Point id="6100">
                <coordinates>8.170932585618507,49.36910971852933,0.0</coordinates>
            </Point>
        </Placemark>
        <Placemark id="6103">
            <name>Kurpfalzstraße</name>
            <description>Tiefe: 30–50 cm</description>
            <Point id="6102">
                <coordinates>8.168952027428183,49.370491338908174,0.0</coordinates>
            </Point>
        </Placemark>
        <Placemark id="6105">
            <name>An der Eselshaut</name>
            <description>Tiefe: 50–100 cm</description>
            <Point id="6104">
                <coordinates>8.168839739180612,49.369392648678875,0.0</coordinates>
            </Point>
        </Placemark>
        <Placemark id="6107">
            <name>Herzogstraße</name>
            <description>Tiefe: 30–50 cm</description>
            <Point id="6106">
                <coordinates>8.16110796243772,49.38420571507321,0.0</coordinates>
            </Point>
        </Placemark>
        <Placemark id="6109">
            <name>Herzogstraße</name>
            <description>Tiefe: 30–50 cm</description>
            <Point id="6108">
                <coordinates>8.162230574548932,49.383738725183704,0.0</coordinates>
            </Point>
        </Placemark>
        <Placemark id="6111">
            <name>Meerspinnstraße</name>
            <description>Tiefe: 50–100 cm</description>
            <Point id="6110">
                <coordinates>8.160317316523871,49.38054148422621,0.0</coordinates>
            </Point>
        </Placemark>
        <Placemark id="6113">
            <name>Kurpfalzstraße</name>
            <description>Tiefe: 30–50 cm</description>
            <Point id="6112">
                <coordinates>8.154575164487623,49.37513029466499,0.0</coordinates>
            </Point>
        </Placemark>
        <Placemark id="6115">
            <name>Meerspinnstraße</name>
            <description>Tiefe: 50–100 cm</description>
            <Point id="6114">
                <coordinates>8.15396099139807,49.37586845940114,0.0</coordinates>
            </Point>
        </Placemark>
        <Placemark id="6117">
            <name>Meerspinnstraße</name>
            <description>Tiefe: 50–100 cm</description>
            <Point id="6116">
                <coordinates>8.153011092585885,49.37563656373327,0.0</coordinates>
            </Point>
        </Placemark>
        <Placemark id="6119">
            <name>Peter-Koch-Straße</name>
            <description>Tiefe: 50–100 cm</description>
            <Point id="6118">
                <coordinates>8.15227207193086,49.37506390972588,0.0</coordinates>
            </Point>
        </Placemark>
        <Placemark id="6121">
            <name>Peter-Koch-Straße</name>
            <description>Tiefe: 50–100 cm</description>
            <Point id="6120">
                <coordinates>8.152110383508246,49.375822901219124,0.0</coordinates>
            </Point>
        </Placemark>
        <Placemark id="6123">
            <name>Talwiesenstraße</name>
            <description>Tiefe: 30–50 cm</description>
            <Point id="6122">
                <coordinates>8.148877401582595,49.37553184095887,0.0</coordinates>
            </Point>
        </Placemark>
        <Placemark id="6125">
            <name>Hainstraße</name>
            <description>Tiefe: 50–100 cm</description>
            <Point id="6124">
                <coordinates>8.150466604886722,49.374999941311266,0.0</coordinates>
            </Point>
        </Placemark>
        <Placemark id="6127">
            <name>Hainstraße</name>
            <description>Tiefe: 50–100 cm</description>
            <Point id="6126">
                <coordinates>8.14857256850498,49.37551720217636,0.0</coordinates>
            </Point>
        </Placemark>
        <Placemark id="6129">
            <name>Talwiesenstraße</name>
            <description>Tiefe: 30–50 cm</description>
            <Point id="6128">
                <coordinates>8.148896206592038,49.37609566849216,0.0</coordinates>
            </Point>
        </Placemark>
        <Placemark id="6131">
            <name>Talwiesenstraße</name>
            <description>Tiefe: 30–50 cm</description>
            <Point id="6130">
                <coordinates>8.148877401582595,49.37553184095887,0.0</coordinates>
            </Point>
        </Placemark>
        <Placemark id="6133">
            <name>Talwiesenstraße</name>
            <description>Tiefe: 30–50 cm</description>
            <Point id="6132">
                <coordinates>8.148410125193353,49.375669131081104,0.0</coordinates>
            </Point>
        </Placemark>
        <Placemark id="6135">
            <name>Hainstraße</name>
            <description>Tiefe: 50–100 cm</description>
            <Point id="6134">
                <coordinates>8.14857256850498,49.37551720217636,0.0</coordinates>
            </Point>
        </Placemark>
        <Placemark id="6137">
            <name>Hainstraße</name>
            <description>Tiefe: 50–100 cm</description>
            <Point id="6136">
                <coordinates>8.138997309073797,49.38015882039812,0.0</coordinates>
            </Point>
        </Placemark>
        <Placemark id="6139">
            <name>Talwiesenstraße</name>
            <description>Tiefe: 30–50 cm</description>
            <Point id="6138">
                <coordinates>8.148410125193353,49.375669131081104,0.0</coordinates>
            </Point>
        </Placemark>
        <Placemark id="6141">
            <name>Deidesheimer Straße</name>
            <description>Tiefe: 50–100 cm</description>
            <Point id="6140">
                <coordinates>8.160490546007708,49.38721982834597,0.0</coordinates>
            </Point>
        </Placemark>
        <Placemark id="6143">
            <name>Deidesheimer Straße</name>
            <description>Tiefe: 50–100 cm</description>
            <Point id="6142">
                <coordinates>8.161607407573294,49.387166718112525,0.0</coordinates>
            </Point>
        </Placemark>
        <Placemark id="6145">
            <name>Raiffeisenstraße</name>
            <description>Tiefe: 50–100 cm</description>
            <Point id="6144">
                <coordinates>8.161612609860665,49.38525373193124,0.0</coordinates>
            </Point>
        </Placemark>
        <Placemark id="6147">
            <name>Raiffeisenstraße</name>
            <description>Tiefe: 50–100 cm</description>
            <Point id="6146">
                <coordinates>8.162279091192838,49.38465181934204,0.0</coordinates>
            </Point>
        </Placemark>
        <Placemark id="6149">
            <name>Moosbrunnenweg</name>
            <description>Tiefe: 30–50 cm</description>
            <Point id="6148">
                <coordinates>8.160851790107172,49.38502863731768,0.0</coordinates>
            </Point>
        </Placemark>
        <Placemark id="6151">
            <name>Weinstraße</name>
            <description>Tiefe: 30–50 cm</description>
            <Point id="6150">
                <coordinates>8.130747087986602,49.32898998704971,0.0</coordinates>
            </Point>
        </Placemark>
        <Placemark id="6153">
            <name>Dammstraße</name>
            <description>Tiefe: 50–100 cm</description>
            <Point id="6152">
                <coordinates>8.130883196394342,49.32937237626373,0.0</coordinates>
            </Point>
        </Placemark>
        <Placemark id="6155">
            <name>Weinstraße</name>
            <description>Tiefe: 30–50 cm</description>
            <Point id="6154">
                <coordinates>8.132278600036742,49.329312473960506,0.0</coordinates>
            </Point>
        </Placemark>
        <Placemark id="6157">
            <name>Dammstraße</name>
            <description>Tiefe: 50–100 cm</description>
            <Point id="6156">
                <coordinates>8.130883196394342,49.32937237626373,0.0</coordinates>
            </Point>
        </Placemark>
        <Placemark id="6159">
            <name>Eichstraße</name>
            <description>Tiefe: 50–100 cm</description>
            <Point id="6158">
                <coordinates>8.13024469092994,49.32952625538001,0.0</coordinates>
            </Point>
        </Placemark>
        <Placemark id="6161">
            <name>Dammstraße</name>
            <description>Tiefe: 50–100 cm</description>
            <Point id="6160">
                <coordinates>8.131308061172895,49.33146905789385,0.0</coordinates>
            </Point>
        </Placemark>
        <Placemark id="6163">
            <name>Europastraße</name>
            <description>Tiefe: 30–50 cm</description>
            <Point id="6162">
                <coordinates>8.15443745,49.33993615,0.0</coordinates>
            </Point>
        </Placemark>
        <Placemark id="6165">
            <name>Europastraße</name>
            <description>Tiefe: 30–50 cm</description>
            <Point id="6164">
                <coordinates>8.154163835333838,49.33971881956864,0.0</coordinates>
            </Point>
        </Placemark>
        <Placemark id="6167">
            <name>Europastraße</name>
            <description>Tiefe: 30–50 cm</description>
            <Point id="6166">
                <coordinates>8.154274716822414,49.339604395609655,0.0</coordinates>
            </Point>
        </Placemark>
        <Placemark id="6169">
            <name>Europastraße</name>
            <description>Tiefe: 30–50 cm</description>
            <Point id="6168">
                <coordinates>8.15443745,49.33993615,0.0</coordinates>
            </Point>
        </Placemark>
        <Placemark id="6171">
            <name>Martin-Luther-Straße</name>
            <description>Tiefe: 50–100 cm</description>
            <Point id="6170">
                <coordinates>8.15223675,49.35360745,0.0</coordinates>
            </Point>
        </Placemark>
        <Placemark id="6173">
            <name>Branchweilerhofstraße</name>
            <description>Tiefe: 50–100 cm</description>
            <Point id="6172">
                <coordinates>8.151344240992126,49.35366093627857,0.0</coordinates>
            </Point>
        </Placemark>
        <Placemark id="6175">
            <name>Martin-Luther-Straße</name>
            <description>Tiefe: 50–100 cm</description>
            <Point id="6174">
                <coordinates>8.15216955424384,49.35399439785987,0.0</coordinates>
            </Point>
        </Placemark>
        <Placemark id="6177">
            <name>Goethestraße</name>
            <description>Tiefe: 50–100 cm</description>
            <Point id="6176">
                <coordinates>8.199896128347152,49.3215113950655,0.0</coordinates>
            </Point>
        </Placemark>
        <Placemark id="6179">
            <name>Bonhoefferstraße</name>
            <description>Tiefe: 50–100 cm</description>
            <Point id="6178">
                <coordinates>8.199441451295945,49.32084760813992,0.0</coordinates>
            </Point>
        </Placemark>
        <Placemark id="6181">
            <name>Goethestraße</name>
            <description>Tiefe: 50–100 cm</description>
            <Point id="6180">
                <coordinates>8.20036858325349,49.32069249899357,0.0</coordinates>
            </Point>
        </Placemark>
        <Placemark id="6183">
            <name>Theodor-Heuss-Straße</name>
            <description>Tiefe: 50–100 cm</description>
            <Point id="6182">
                <coordinates>8.18547232726438,49.32424055217,0.0</coordinates>
            </Point>
        </Placemark>
        <Placemark id="6185">
            <name>Theodor-Heuss-Straße</name>
            <description>Tiefe: 50–100 cm</description>
            <Point id="6184">
                <coordinates>8.190688800154119,49.32234360732814,0.0</coordinates>
            </Point>
        </Placemark>
        <Placemark id="6187">
            <name>Theodor-Heuss-Straße</name>
            <description>Tiefe: 50–100 cm</description>
            <Point id="6186">
                <coordinates>8.18547232726438,49.32424055217,0.0</coordinates>
            </Point>
        </Placemark>
        <Placemark id="6189">
            <name>Theodor-Heuss-Straße</name>
            <description>Tiefe: 50–100 cm</description>
            <Point id="6188">
                <coordinates>8.190322746340007,49.321432669170605,0.0</coordinates>
            </Point>
        </Placemark>
        <Placemark id="6191">
            <name>Theodor-Heuss-Straße</name>
            <description>Tiefe: 50–100 cm</description>
            <Point id="6190">
                <coordinates>8.1918652153801,49.322065181395956,0.0</coordinates>
            </Point>
        </Placemark>
        <Placemark id="6193">
            <name>Theodor-Heuss-Straße</name>
            <description>Tiefe: 50–100 cm</description>
            <Point id="6192">
                <coordinates>8.190688800154119,49.32234360732814,0.0</coordinates>
            </Point>
        </Placemark>
        <Placemark id="6195">
            <name>Karl-Ohler-Straße</name>
            <description>Tiefe: 50–100 cm</description>
            <Point id="6194">
                <coordinates>8.192541967781624,49.32130984778322,0.0</coordinates>
            </Point>
        </Placemark>
        <Placemark id="6197">
            <name>Theodor-Heuss-Straße</name>
            <description>Tiefe: 50–100 cm</description>
            <Point id="6196">
                <coordinates>8.19443933054644,49.32210011927497,0.0</coordinates>
            </Point>
        </Placemark>
        <Placemark id="6199">
            <name>Theodor-Heuss-Straße</name>
            <description>Tiefe: 50–100 cm</description>
            <Point id="6198">
                <coordinates>8.1918652153801,49.322065181395956,0.0</coordinates>
            </Point>
        </Placemark>
        <Placemark id="6201">
            <name>Karl-Ohler-Straße</name>
            <description>Tiefe: 50–100 cm</description>
            <Point id="6200">
                <coordinates>8.192621484433309,49.31944483950666,0.0</coordinates>
            </Point>
        </Placemark>
        <Placemark id="6203">
            <name>Karl-Ohler-Straße</name>
            <description>Tiefe: 50–100 cm</description>
            <Point id="6202">
                <coordinates>8.192541967781624,49.32130984778322,0.0</coordinates>
            </Point>
        </Placemark>
        <Placemark id="6205">
            <name>Schliedererstraße</name>
            <description>Tiefe: 50–100 cm</description>
            <Point id="6204">
                <coordinates>8.19435967137356,49.32082101022243,0.0</coordinates>
            </Point>
        </Placemark>
        <Placemark id="6207">
            <name>Goethestraße</name>
            <description>Tiefe: 50–100 cm</description>
            <Point id="6206">
                <coordinates>8.200748156052471,49.31966053881265,0.0</coordinates>
            </Point>
        </Placemark>
        <Placemark id="6209">
            <name>Am Pfefferminzbähnel</name>
            <description>Tiefe: 30–50 cm</description>
            <Point id="6208">
                <coordinates>8.200806439894414,49.33137553675847,0.0</coordinates>
            </Point>
        </Placemark>
        <Placemark id="6211">
            <name>Flugplatzstraße</name>
            <description>Tiefe: 50–100 cm</description>
            <Point id="6210">
                <coordinates>8.201599185415633,49.331860366579164,0.0</coordinates>
            </Point>
        </Placemark>
        <Placemark id="6213">
            <name>Flugplatzstraße</name>
            <description>Tiefe: 50–100 cm</description>
            <Point id="6212">
                <coordinates>8.201772675755548,49.3311918460977,0.0</coordinates>
            </Point>
        </Placemark>
        <Placemark id="6215">
            <name>Flugplatzstraße</name>
            <description>Tiefe: 50–100 cm</description>
            <Point id="6214">
                <coordinates>8.201863465449174,49.331189283603145,0.0</coordinates>
            </Point>
        </Placemark>
        <Placemark id="6217">
            <name>Flugplatzstraße</name>
            <description>Tiefe: 50–100 cm</description>
            <Point id="6216">
                <coordinates>8.201570875453028,49.33036188614008,0.0</coordinates>
            </Point>
        </Placemark>
        <Placemark id="6219">
            <name>Flugplatzstraße</name>
            <description>Tiefe: 50–100 cm</description>
            <Point id="6218">
                <coordinates>8.20114705691641,49.33198135755936,0.0</coordinates>
            </Point>
        </Placemark>
        <Placemark id="6221">
            <name>Lilienthalstraße</name>
            <description>Tiefe: 30–50 cm</description>
            <Point id="6220">
                <coordinates>8.20065091489863,49.33744164386495,0.0</coordinates>
            </Point>
        </Placemark>
        <Placemark id="6223">
            <name>Lilienthalstraße</name>
            <description>Tiefe: 30–50 cm</description>
            <Point id="6222">
                <coordinates>8.202517884917107,49.33701868424032,0.0</coordinates>
            </Point>
        </Placemark>
        <Placemark id="6225">
            <name>Lilienthalstraße</name>
            <description>Tiefe: 30–50 cm</description>
            <Point id="6224">
                <coordinates>8.200965641269752,49.337426663213556,0.0</coordinates>
            </Point>
        </Placemark>
        <Placemark id="6227">
            <name>Lilienthalstraße</name>
            <description>Tiefe: 30–50 cm</description>
            <Point id="6226">
                <coordinates>8.19876179061682,49.33763309474288,0.0</coordinates>
            </Point>
        </Placemark>
        <Placemark id="6229">
            <name>Lilienthalstraße</name>
            <description>Tiefe: 30–50 cm</description>
            <Point id="6228">
                <coordinates>8.200795614477121,49.33738356809653,0.0</coordinates>
            </Point>
        </Placemark>
        <Placemark id="6231">
            <name>Hauptstraße</name>
            <description>Tiefe: 30–50 cm</description>
            <Point id="6230">
                <coordinates>8.095410332862173,49.37441634346679,0.0</coordinates>
            </Point>
        </Placemark>
        <Placemark id="6233">
            <name>Hauptstraße</name>
            <description>Tiefe: 30–50 cm</description>
            <Point id="6232">
                <coordinates>8.095347841172687,49.37438403080556,0.0</coordinates>
            </Point>
        </Placemark>
        <Placemark id="6235">
            <name>Hauptstraße</name>
            <description>Tiefe: 30–50 cm</description>
            <Point id="6234">
                <coordinates>8.09556305743752,49.375958291214246,0.0</coordinates>
            </Point>
        </Placemark>
        <Placemark id="6237">
            <name>Hauptstraße</name>
            <description>Tiefe: 30–50 cm</description>
            <Point id="6236">
                <coordinates>8.058536459940623,49.374950885652694,0.0</coordinates>
            </Point>
        </Placemark>
        <Placemark id="6239">
            <name>Hauptstraße</name>
            <description>Tiefe: 30–50 cm</description>
            <Point id="6238">
                <coordinates>8.063057261813498,49.37423438010695,0.0</coordinates>
            </Point>
        </Placemark>
        <Placemark id="6241">
            <name>Hauptstraße</name>
            <description>Tiefe: 30–50 cm</description>
            <Point id="6240">
                <coordinates>8.063057261813498,49.37423438010695,0.0</coordinates>
            </Point>
        </Placemark>
        <Placemark id="6243">
            <name>Hauptstraße</name>
            <description>Tiefe: 30–50 cm</description>
            <Point id="6242">
                <coordinates>8.065041090991985,49.373608120569216,0.0</coordinates>
            </Point>
        </Placemark>
        <Placemark id="6245">
            <name>Wiesenstraße</name>
            <description>Tiefe: 50–100 cm</description>
            <Point id="6244">
                <coordinates>8.081860688402159,49.37184721705828,0.0</coordinates>
            </Point>
        </Placemark>
        <Placemark id="6247">
            <name>Staatsstraße</name>
            <description>Tiefe: 50–100 cm</description>
            <Point id="6246">
                <coordinates>8.090174410603712,49.37371510593675,0.0</coordinates>
            </Point>
        </Placemark>
        <Placemark id="6249">
            <name>Staatsstraße</name>
            <description>Tiefe: 50–100 cm</description>
            <Point id="6248">
                <coordinates>8.087095886388667,49.37418427041167,0.0</coordinates>
            </Point>
        </Placemark>
        <Placemark id="6251">
            <name>Staatsstraße</name>
            <description>Tiefe: 50–100 cm</description>
            <Point id="6250">
                <coordinates>8.09213685,49.3723745,0.0</coordinates>
            </Point>
        </Placemark>
        <Placemark id="6253">
            <name>Staatsstraße</name>
            <description>Tiefe: 50–100 cm</description>
            <Point id="6252">
                <coordinates>8.090174410603712,49.37371510593675,0.0</coordinates>
            </Point>
        </Placemark>
        <Placemark id="6255">
            <name>Hauptstraße</name>
            <description>Tiefe: 30–50 cm</description>
            <Point id="6254">
                <coordinates>8.095131863199708,49.3741232651803,0.0</coordinates>
            </Point>
        </Placemark>
        <Placemark id="6257">
            <name>Hauptstraße</name>
            <description>Tiefe: 30–50 cm</description>
            <Point id="6256">
                <coordinates>8.094547057593141,49.3730544270154,0.0</coordinates>
            </Point>
        </Placemark>
        <Placemark id="6259">
            <name>Marktstraße</name>
            <description>Tiefe: 50–100 cm</description>
            <Point id="6258">
                <coordinates>8.141015628951944,49.30398754139741,0.0</coordinates>
            </Point>
        </Placemark>
        <Placemark id="6261">
            <name>Marktstraße</name>
            <description>Tiefe: 50–100 cm</description>
            <Point id="6260">
                <coordinates>8.141654480924442,49.30379435632779,0.0</coordinates>
            </Point>
        </Placemark>
        <Placemark id="6263">
            <name>Villenstraße</name>
            <description>Tiefe: 30–50 cm</description>
            <Point id="6262">
                <coordinates>8.147838665648369,49.357984275352585,0.0</coordinates>
            </Point>
        </Placemark>
        <Placemark id="6265">
            <name>Gartenstraße</name>
            <description>Tiefe: 50–100 cm</description>
            <Point id="6264">
                <coordinates>8.159562528695426,49.301583606949436,0.0</coordinates>
            </Point>
        </Placemark>
        <Placemark id="6267">
            <name>Gartenstraße</name>
            <description>Tiefe: 50–100 cm</description>
            <Point id="6266">
                <coordinates>8.1590239964724,49.30139548131478,0.0</coordinates>
            </Point>
        </Placemark>
        <Placemark id="6269">
            <name>Gartenstraße</name>
            <description>Tiefe: 50–100 cm</description>
            <Point id="6268">
                <coordinates>8.15974797622958,49.301363820636176,0.0</coordinates>
            </Point>
        </Placemark>
        <Placemark id="6271">
            <name>Gartenstraße</name>
            <description>Tiefe: 50–100 cm</description>
            <Point id="6270">
                <coordinates>8.159562528695426,49.301583606949436,0.0</coordinates>
            </Point>
        </Placemark>
        <Placemark id="6273">
            <name>Schlachthofstraße</name>
            <description>Tiefe: 30–50 cm</description>
            <Point id="6272">
                <coordinates>8.155800539104424,49.347967851399545,0.0</coordinates>
            </Point>
        </Placemark>
        <Placemark id="6275">
            <name>Schlachthofstraße</name>
            <description>Tiefe: 30–50 cm</description>
            <Point id="6274">
                <coordinates>8.155498276287327,49.34710906391375,0.0</coordinates>
            </Point>
        </Placemark>
        <Placemark id="6277">
            <name>Schlachthofstraße</name>
            <description>Tiefe: 30–50 cm</description>
            <Point id="6276">
                <coordinates>8.156263844152729,49.34747065923086,0.0</coordinates>
            </Point>
        </Placemark>
        <Placemark id="6279">
            <name>Marktstraße</name>
            <description>Tiefe: 50–100 cm</description>
            <Point id="6278">
                <coordinates>8.13487218616569,49.3041137166377,0.0</coordinates>
            </Point>
        </Placemark>
        <Placemark id="6281">
            <name>Friedhofstraße</name>
            <description>Tiefe: 30–50 cm</description>
            <Point id="6280">
                <coordinates>8.16640275,49.302407,0.0</coordinates>
            </Point>
        </Placemark>
        <Placemark id="6283">
            <name>Friedhofstraße</name>
            <description>Tiefe: 30–50 cm</description>
            <Point id="6282">
                <coordinates>8.166111650000001,49.30243665,0.0</coordinates>
            </Point>
        </Placemark>
        <Placemark id="6285">
            <name>Friedhofstraße</name>
            <description>Tiefe: 30–50 cm</description>
            <Point id="6284">
                <coordinates>8.16640275,49.302407,0.0</coordinates>
            </Point>
        </Placemark>
        <Placemark id="6287">
            <name>Friedhofstraße</name>
            <description>Tiefe: 30–50 cm</description>
            <Point id="6286">
                <coordinates>8.166057282557063,49.302165812787116,0.0</coordinates>
            </Point>
        </Placemark>
        <Placemark id="6289">
            <name>Weinstraße Nord</name>
            <description>Tiefe: 50–100 cm</description>
            <Point id="6288">
                <coordinates>8.134316232455413,49.308892758377574,0.0</coordinates>
            </Point>
        </Placemark>
        <Placemark id="6291">
            <name>Weinstraße Nord</name>
            <description>Tiefe: 50–100 cm</description>
            <Point id="6290">
                <coordinates>8.133968047611997,49.30768401622244,0.0</coordinates>
            </Point>
        </Placemark>
        <Placemark id="6293">
            <name>Landauer Straße</name>
            <description>Tiefe: 30–50 cm</description>
            <Point id="6292">
                <coordinates>8.1528879,49.345410799999996,0.0</coordinates>
            </Point>
        </Placemark>
        <Placemark id="6295">
            <name>Landauer Straße</name>
            <description>Tiefe: 30–50 cm</description>
            <Point id="6294">
                <coordinates>8.152871877093624,49.34568102917703,0.0</coordinates>
            </Point>
        </Placemark>
        <Placemark id="6297">
            <name>Talstraße</name>
            <description>Tiefe: 30–50 cm</description>
            <Point id="6296">
                <coordinates>8.128229396676051,49.35117549998691,0.0</coordinates>
            </Point>
        </Placemark>
        <Placemark id="6299">
            <name>Talstraße</name>
            <description>Tiefe: 30–50 cm</description>
            <Point id="6298">
                <coordinates>8.129446884937211,49.351658204424815,0.0</coordinates>
            </Point>
        </Placemark>
        <Placemark id="6301">
            <name>Diedesfelder Straße</name>
            <description>Tiefe: 30–50 cm</description>
            <Point id="6300">
                <coordinates>8.133639254062869,49.30923270625989,0.0</coordinates>
            </Point>
        </Placemark>
        <Placemark id="6303">
            <name>Diedesfelder Straße</name>
            <description>Tiefe: 30–50 cm</description>
            <Point id="6302">
                <coordinates>8.13411309421101,49.3091827834496,0.0</coordinates>
            </Point>
        </Placemark>
        <Placemark id="6305">
            <name>Hainstraße</name>
            <description>Tiefe: 50–100 cm</description>
            <Point id="6304">
                <coordinates>8.138997309073797,49.38015882039812,0.0</coordinates>
            </Point>
        </Placemark>
        <Placemark id="6307">
            <name>Schwimmbadstraße</name>
            <description>Tiefe: 50–100 cm</description>
            <Point id="6306">
                <coordinates>8.177573956684551,49.40699198155092,0.0</coordinates>
            </Point>
        </Placemark>
        <Placemark id="6309">
            <name>In den Sandwiesen</name>
            <description>Tiefe: 30–50 cm</description>
            <Point id="6308">
                <coordinates>8.1310409,49.309235900000004,0.0</coordinates>
            </Point>
        </Placemark>
        <Placemark id="6311">
            <name>In den Sandwiesen</name>
            <description>Tiefe: 30–50 cm</description>
            <Point id="6310">
                <coordinates>8.13002757718027,49.30937025477946,0.0</coordinates>
            </Point>
        </Placemark>
        <Placemark id="6313">
            <name>In den Sandwiesen</name>
            <description>Tiefe: 30–50 cm</description>
            <Point id="6312">
                <coordinates>8.13062629968839,49.3098449523419,0.0</coordinates>
            </Point>
        </Placemark>
        <Placemark id="6315">
            <name>In den Sandwiesen</name>
            <description>Tiefe: 30–50 cm</description>
            <Point id="6314">
                <coordinates>8.13002757718027,49.30937025477946,0.0</coordinates>
            </Point>
        </Placemark>
        <Placemark id="6317">
            <name>Spitalbachstraße</name>
            <description>Tiefe: 50–100 cm</description>
            <Point id="6316">
                <coordinates>8.153889551126053,49.349518782781786,0.0</coordinates>
            </Point>
        </Placemark>
        <Placemark id="6319">
            <name>Spitalbachstraße</name>
            <description>Tiefe: 50–100 cm</description>
            <Point id="6318">
                <coordinates>8.152323743664338,49.34981046689597,0.0</coordinates>
            </Point>
        </Placemark>
        <Placemark id="6321">
            <name>Weinstraße</name>
            <description>Tiefe: 30–50 cm</description>
            <Point id="6320">
                <coordinates>8.18635965,49.40266235,0.0</coordinates>
            </Point>
        </Placemark>
        <Placemark id="6323">
            <name>Meerspinnstraße</name>
            <description>Tiefe: 50–100 cm</description>
            <Point id="6322">
                <coordinates>8.15536205,49.3775234,0.0</coordinates>
            </Point>
        </Placemark>
        <Placemark id="6325">
            <name>Weinstraße</name>
            <description>Tiefe: 30–50 cm</description>
            <Point id="6324">
                <coordinates>8.18602723184256,49.40415591100159,0.0</coordinates>
            </Point>
        </Placemark>
        <Placemark id="6327">
            <name>Weinstraße</name>
            <description>Tiefe: 30–50 cm</description>
            <Point id="6326">
                <coordinates>8.186216814466116,49.40325040518279,0.0</coordinates>
            </Point>
        </Placemark>
        <Placemark id="6329">
            <name>Martin-Luther-Straße</name>
            <description>Tiefe: 50–100 cm</description>
            <Point id="6328">
                <coordinates>8.153293793959222,49.3595926794584,0.0</coordinates>
            </Point>
        </Placemark>
        <Placemark id="6331">
            <name>Schillerstraße</name>
            <description>Tiefe: 50–100 cm</description>
            <Point id="6330">
                <coordinates>8.17927165,49.40506365,0.0</coordinates>
            </Point>
        </Placemark>
        <Placemark id="6333">
            <name>Schillerstraße</name>
            <description>Tiefe: 50–100 cm</description>
            <Point id="6332">
                <coordinates>8.1791226,49.4055171,0.0</coordinates>
            </Point>
        </Placemark>
        <Placemark id="6335">
            <name>Habergartenstraße</name>
            <description>Tiefe: 50–100 cm</description>
            <Point id="6334">
                <coordinates>8.179766,49.40535305,0.0</coordinates>
            </Point>
        </Placemark>
        <Placemark id="6337">
            <name>Schillerstraße</name>
            <description>Tiefe: 50–100 cm</description>
            <Point id="6336">
                <coordinates>8.1791226,49.4055171,0.0</coordinates>
            </Point>
        </Placemark>
        <Placemark id="6339">
            <name>Mühltalstraße</name>
            <description>Tiefe: 50–100 cm</description>
            <Point id="6338">
                <coordinates>8.17872444101359,49.405692131082546,0.0</coordinates>
            </Point>
        </Placemark>
        <Placemark id="6341">
            <name>Mühltalstraße</name>
            <description>Tiefe: 50–100 cm</description>
            <Point id="6340">
                <coordinates>8.179508943410143,49.4058781968851,0.0</coordinates>
            </Point>
        </Placemark>
        <Placemark id="6343">
            <name>Weinbachstraße</name>
            <description>Tiefe: 50–100 cm</description>
            <Point id="6342">
                <coordinates>8.178752984088572,49.40632285300985,0.0</coordinates>
            </Point>
        </Placemark>
        <Placemark id="6345">
            <name>Villenstraße</name>
            <description>Tiefe: 30–50 cm</description>
            <Point id="6344">
                <coordinates>8.144498795106943,49.356945734229065,0.0</coordinates>
            </Point>
        </Placemark>
        <Placemark id="6347">
            <name>Enggasse</name>
            <description>Tiefe: 50–100 cm</description>
            <Point id="6346">
                <coordinates>8.126459369449135,49.33604318492451,0.0</coordinates>
            </Point>
        </Placemark>
        <Placemark id="6349">
            <name>Enggasse</name>
            <description>Tiefe: 50–100 cm</description>
            <Point id="6348">
                <coordinates>8.123541548165583,49.337343011294436,0.0</coordinates>
            </Point>
        </Placemark>
        <Placemark id="6351">
            <name>An der Brücke</name>
            <description>Tiefe: 50–100 cm</description>
            <Point id="6350">
                <coordinates>8.125013788282986,49.33616995882436,0.0</coordinates>
            </Point>
        </Placemark>
        <Placemark id="6353">
            <name>In der Almel</name>
            <description>Tiefe: 30–50 cm</description>
            <Point id="6352">
                <coordinates>8.122171783768113,49.34145227572858,0.0</coordinates>
            </Point>
        </Placemark>
        <Placemark id="6355">
            <name>In der Almel</name>
            <description>Tiefe: 30–50 cm</description>
            <Point id="6354">
                <coordinates>8.121958756768136,49.34094780030345,0.0</coordinates>
            </Point>
        </Placemark>
        <Placemark id="6357">
            <name>Am Pfefferminzbähnel</name>
            <description>Tiefe: 30–50 cm</description>
            <Point id="6356">
                <coordinates>8.200146731747267,49.330574615876465,0.0</coordinates>
            </Point>
        </Placemark>
        <Placemark id="6359">
            <name>Am Pfefferminzbähnel</name>
            <description>Tiefe: 30–50 cm</description>
            <Point id="6358">
                <coordinates>8.198289363236704,49.33173199467084,0.0</coordinates>
            </Point>
        </Placemark>
        <Placemark id="6361">
            <name>Am Pfefferminzbähnel</name>
            <description>Tiefe: 30–50 cm</description>
            <Point id="6360">
                <coordinates>8.198077462959406,49.33138918226366,0.0</coordinates>
            </Point>
        </Placemark>
        <Placemark id="6363">
            <name>Am Pfefferminzbähnel</name>
            <description>Tiefe: 30–50 cm</description>
            <Point id="6362">
                <coordinates>8.198289363236704,49.33173199467084,0.0</coordinates>
            </Point>
        </Placemark>
        <Placemark id="6365">
            <name>Am Pfefferminzbähnel</name>
            <description>Tiefe: 30–50 cm</description>
            <Point id="6364">
                <coordinates>8.19959039512614,49.33155318987564,0.0</coordinates>
            </Point>
        </Placemark>
        <Placemark id="6367">
            <name>Am Pfefferminzbähnel</name>
            <description>Tiefe: 30–50 cm</description>
            <Point id="6366">
                <coordinates>8.198618262706292,49.33216122516824,0.0</coordinates>
            </Point>
        </Placemark>
        <Placemark id="6369">
            <name>Am Pfefferminzbähnel</name>
            <description>Tiefe: 30–50 cm</description>
            <Point id="6368">
                <coordinates>8.19959039512614,49.33155318987564,0.0</coordinates>
            </Point>
        </Placemark>
        <Placemark id="6371">
            <name>Am Pfefferminzbähnel</name>
            <description>Tiefe: 30–50 cm</description>
            <Point id="6370">
                <coordinates>8.200146731747267,49.330574615876465,0.0</coordinates>
            </Point>
        </Placemark>
        <Placemark id="6373">
            <name>Am Pfefferminzbähnel</name>
            <description>Tiefe: 30–50 cm</description>
            <Point id="6372">
                <coordinates>8.200806439894414,49.33137553675847,0.0</coordinates>
            </Point>
        </Placemark>
        <Placemark id="6375">
            <name>Am Pfefferminzbähnel</name>
            <description>Tiefe: 30–50 cm</description>
            <Point id="6374">
                <coordinates>8.198618262706292,49.33216122516824,0.0</coordinates>
            </Point>
        </Placemark>
        <Placemark id="6377">
            <name>Am Pfefferminzbähnel</name>
            <description>Tiefe: 30–50 cm</description>
            <Point id="6376">
                <coordinates>8.198077462959406,49.33138918226366,0.0</coordinates>
            </Point>
        </Placemark>
        <Placemark id="6379">
            <name>Im Stöckelfeld</name>
            <description>Tiefe: 50–100 cm</description>
            <Point id="6378">
                <coordinates>8.097927276468647,49.29946734743798,0.0</coordinates>
            </Point>
        </Placemark>
        <Placemark id="6381">
            <name>Eckstraße</name>
            <description>Tiefe: 50–100 cm</description>
            <Point id="6380">
                <coordinates>8.13568815,49.360565,0.0</coordinates>
            </Point>
        </Placemark>
        <Placemark id="6383">
            <name>Eckstraße</name>
            <description>Tiefe: 50–100 cm</description>
            <Point id="6382">
                <coordinates>8.134874021345624,49.36035732320941,0.0</coordinates>
            </Point>
        </Placemark>
        <Placemark id="6385">
            <name>Eckstraße</name>
            <description>Tiefe: 50–100 cm</description>
            <Point id="6384">
                <coordinates>8.13637685970835,49.35989320196733,0.0</coordinates>
            </Point>
        </Placemark>
        <Placemark id="6387">
            <name>Rilkestraße</name>
            <description>Tiefe: 50–100 cm</description>
            <Point id="6386">
                <coordinates>8.153831270190299,49.358787791990075,0.0</coordinates>
            </Point>
        </Placemark>
        <Placemark id="6389">
            <name>Stangenbrunnengasse</name>
            <description>Tiefe: 30–50 cm</description>
            <Point id="6388">
                <coordinates>8.13641015,49.3521122,0.0</coordinates>
            </Point>
        </Placemark>
        <Placemark id="6391">
            <name>Stangenbrunnengasse</name>
            <description>Tiefe: 30–50 cm</description>
            <Point id="6390">
                <coordinates>8.1362568,49.3522606,0.0</coordinates>
            </Point>
        </Placemark>
        <Placemark id="6393">
            <name>Stangenbrunnengasse</name>
            <description>Tiefe: 30–50 cm</description>
            <Point id="6392">
                <coordinates>8.13641015,49.3521122,0.0</coordinates>
            </Point>
        </Placemark>
        <Placemark id="6395">
            <name>Diedesfelder Weg</name>
            <description>Tiefe: 30–50 cm</description>
            <Point id="6394">
                <coordinates>8.134935220048211,49.33455981907923,0.0</coordinates>
            </Point>
        </Placemark>
        <Placemark id="6397">
            <name>Hauptstraße</name>
            <description>Tiefe: 30–50 cm</description>
            <Point id="6396">
                <coordinates>8.1369014,49.3516672,0.0</coordinates>
            </Point>
        </Placemark>
        <Placemark id="6399">
            <name>Hauptstraße</name>
            <description>Tiefe: 30–50 cm</description>
            <Point id="6398">
                <coordinates>8.13689855,49.3517267,0.0</coordinates>
            </Point>
        </Placemark>
        <Placemark id="6401">
            <name>Ägyptenpfad</name>
            <description>Tiefe: 30–50 cm</description>
            <Point id="6400">
                <coordinates>8.138109100000001,49.35126805,0.0</coordinates>
            </Point>
        </Placemark>
        <Placemark id="6403">
            <name>Ägyptenpfad</name>
            <description>Tiefe: 30–50 cm</description>
            <Point id="6402">
                <coordinates>8.1382648,49.35114245,0.0</coordinates>
            </Point>
        </Placemark>
        <Placemark id="6405">
            <name>Ägyptenpfad</name>
            <description>Tiefe: 30–50 cm</description>
            <Point id="6404">
                <coordinates>8.13792475,49.35113255,0.0</coordinates>
            </Point>
        </Placemark>
        <Placemark id="6407">
            <name>Ägyptenpfad</name>
            <description>Tiefe: 30–50 cm</description>
            <Point id="6406">
                <coordinates>8.138109100000001,49.35126805,0.0</coordinates>
            </Point>
        </Placemark>
        <Placemark id="6409">
            <name>Mozartstraße</name>
            <description>Tiefe: 30–50 cm</description>
            <Point id="6408">
                <coordinates>8.138290505318023,49.34855054841698,0.0</coordinates>
            </Point>
        </Placemark>
        <Placemark id="6411">
            <name>Silvanerweg</name>
            <description>Tiefe: 50–100 cm</description>
            <Point id="6410">
                <coordinates>8.1968461,49.4064749,0.0</coordinates>
            </Point>
        </Placemark>
        <Placemark id="6413">
            <name>Vogelsang</name>
            <description>Tiefe: 50–100 cm</description>
            <Point id="6412">
                <coordinates>8.19691295,49.406538,0.0</coordinates>
            </Point>
        </Placemark>
        <Placemark id="6415">
            <name>Weinbergstraße</name>
            <description>Tiefe: 30–50 cm</description>
            <Point id="6414">
                <coordinates>8.180032960613262,49.40425635281417,0.0</coordinates>
            </Point>
        </Placemark>
        <Placemark id="6417">
            <name>Louis-Escande-Straße</name>
            <description>Tiefe: 30–50 cm</description>
            <Point id="6416">
                <coordinates>8.168041418821504,49.33591717617294,0.0</coordinates>
            </Point>
        </Placemark>
        <Placemark id="6419">
            <name>Louis-Escande-Straße</name>
            <description>Tiefe: 30–50 cm</description>
            <Point id="6418">
                <coordinates>8.168680051942188,49.338456172151325,0.0</coordinates>
            </Point>
        </Placemark>
        <Placemark id="6421">
            <name>Schlachthofstraße</name>
            <description>Tiefe: 30–50 cm</description>
            <Point id="6420">
                <coordinates>8.156263844152729,49.34747065923086,0.0</coordinates>
            </Point>
        </Placemark>
        <Placemark id="6423">
            <name>Adolf-Kolping-Straße</name>
            <description>Tiefe: 30–50 cm</description>
            <Point id="6422">
                <coordinates>8.194268974729336,49.406289040438914,0.0</coordinates>
            </Point>
        </Placemark>
        <Placemark id="6425">
            <name>Vogelsang</name>
            <description>Tiefe: 50–100 cm</description>
            <Point id="6424">
                <coordinates>8.196868850000001,49.40702805,0.0</coordinates>
            </Point>
        </Placemark>
        <Placemark id="6427">
            <name>Vogelsang</name>
            <description>Tiefe: 50–100 cm</description>
            <Point id="6426">
                <coordinates>8.196798033655389,49.40681740384814,0.0</coordinates>
            </Point>
        </Placemark>
        <Placemark id="6429">
            <name>Im Altenschemel</name>
            <description>Tiefe: 30–50 cm</description>
            <Point id="6428">
                <coordinates>8.225979484995907,49.333032772755864,0.0</coordinates>
            </Point>
        </Placemark>
        <Placemark id="6431">
            <name>Weinstraße</name>
            <description>Tiefe: 30–50 cm</description>
            <Point id="6430">
                <coordinates>8.18635965,49.40266235,0.0</coordinates>
            </Point>
        </Placemark>
        <Placemark id="6433">
            <name>Weinstraße</name>
            <description>Tiefe: 30–50 cm</description>
            <Point id="6432">
                <coordinates>8.186216814466116,49.40325040518279,0.0</coordinates>
            </Point>
        </Placemark>
        <Placemark id="6435">
            <name>Mühlweg</name>
            <description>Tiefe: 30–50 cm</description>
            <Point id="6434">
                <coordinates>8.130465449999999,49.34337265,0.0</coordinates>
            </Point>
        </Placemark>
        <Placemark id="6437">
            <name>Mühlweg</name>
            <description>Tiefe: 30–50 cm</description>
            <Point id="6436">
                <coordinates>8.1299926,49.3433694,0.0</coordinates>
            </Point>
        </Placemark>
        <Placemark id="6439">
            <name>Weinbergstraße</name>
            <description>Tiefe: 30–50 cm</description>
            <Point id="6438">
                <coordinates>8.14352835,49.34579375,0.0</coordinates>
            </Point>
        </Placemark>
        <Placemark id="6441">
            <name>Weinbergstraße</name>
            <description>Tiefe: 30–50 cm</description>
            <Point id="6440">
                <coordinates>8.143187456310923,49.34496997012279,0.0</coordinates>
            </Point>
        </Placemark>
        <Placemark id="6443">
            <name>Hans-Geiger-Straße</name>
            <description>Tiefe: 50–100 cm</description>
            <Point id="6442">
                <coordinates>8.1403722,49.345043950000004,0.0</coordinates>
            </Point>
        </Placemark>
        <Placemark id="6445">
            <name>Maxburgstraße</name>
            <description>Tiefe: 30–50 cm</description>
            <Point id="6444">
                <coordinates>8.13611053818862,49.34425733018361,0.0</coordinates>
            </Point>
        </Placemark>
        <Placemark id="6447">
            <name>Lettenweg</name>
            <description>Tiefe: 50–100 cm</description>
            <Point id="6446">
                <coordinates>8.133213106310308,49.33673765529729,0.0</coordinates>
            </Point>
        </Placemark>
        <Placemark id="6449">
            <name>Schloßstraße</name>
            <description>Tiefe: 50–100 cm</description>
            <Point id="6448">
                <coordinates>8.129663148577016,49.32863741495409,0.0</coordinates>
            </Point>
        </Placemark>
        <Placemark id="6451">
            <name>Schloßstraße</name>
            <description>Tiefe: 50–100 cm</description>
            <Point id="6450">
                <coordinates>8.129678755779356,49.32848240828186,0.0</coordinates>
            </Point>
        </Placemark>
        <Placemark id="6453">
            <name>Schloßstraße</name>
            <description>Tiefe: 50–100 cm</description>
            <Point id="6452">
                <coordinates>8.13014548418083,49.328691122609534,0.0</coordinates>
            </Point>
        </Placemark>
        <Placemark id="6455">
            <name>Schloßstraße</name>
            <description>Tiefe: 50–100 cm</description>
            <Point id="6454">
                <coordinates>8.129663148577016,49.32863741495409,0.0</coordinates>
            </Point>
        </Placemark>
        <Placemark id="6457">
            <name>Strohmarkt</name>
            <description>Tiefe: 30–50 cm</description>
            <Point id="6456">
                <coordinates>8.137691157484497,49.35521124086135,0.0</coordinates>
            </Point>
        </Placemark>
        <Placemark id="6459">
            <name>Von-der-Tann-Straße</name>
            <description>Tiefe: 30–50 cm</description>
            <Point id="6458">
                <coordinates>8.14664505384527,49.35238219560656,0.0</coordinates>
            </Point>
        </Placemark>
        <Placemark id="6461">
            <name>Schulstraße</name>
            <description>Tiefe: 30–50 cm</description>
            <Point id="6460">
                <coordinates>8.169740710623525,49.3709070025241,0.0</coordinates>
            </Point>
        </Placemark>
        <Placemark id="6463">
            <name>Schulstraße</name>
            <description>Tiefe: 30–50 cm</description>
            <Point id="6462">
                <coordinates>8.170777724801773,49.37053028993331,0.0</coordinates>
            </Point>
        </Placemark>
        <Placemark id="6465">
            <name>Kurpfalzstraße</name>
            <description>Tiefe: 30–50 cm</description>
            <Point id="6464">
                <coordinates>8.1554389,49.374610149999995,0.0</coordinates>
            </Point>
        </Placemark>
        <Placemark id="6467">
            <name>Loblocherstraße</name>
            <description>Tiefe: 50–100 cm</description>
            <Point id="6466">
                <coordinates>8.156207732524535,49.37421835602485,0.0</coordinates>
            </Point>
        </Placemark>
        <Placemark id="6469">
            <name>Kurpfalzstraße</name>
            <description>Tiefe: 30–50 cm</description>
            <Point id="6468">
                <coordinates>8.158578715542331,49.37378947685681,0.0</coordinates>
            </Point>
        </Placemark>
        <Placemark id="6471">
            <name>Schießmauer</name>
            <description>Tiefe: 30–50 cm</description>
            <Point id="6470">
                <coordinates>8.170672949544745,49.36430208434845,0.0</coordinates>
            </Point>
        </Placemark>
        <Placemark id="6473">
            <name>Freiherr-vom-Stein-Straße</name>
            <description>Tiefe: 50–100 cm</description>
            <Point id="6472">
                <coordinates>8.177772815651377,49.368174187379296,0.0</coordinates>
            </Point>
        </Placemark>
        <Placemark id="6475">
            <name>Freiherr-vom-Stein-Straße</name>
            <description>Tiefe: 50–100 cm</description>
            <Point id="6474">
                <coordinates>8.177365081548524,49.366899808459806,0.0</coordinates>
            </Point>
        </Placemark>
        <Placemark id="6477">
            <name>Rosenstraße</name>
            <description>Tiefe: 30–50 cm</description>
            <Point id="6476">
                <coordinates>8.174796449999999,49.36507725,0.0</coordinates>
            </Point>
        </Placemark>
        <Placemark id="6479">
            <name>Rosenstraße</name>
            <description>Tiefe: 30–50 cm</description>
            <Point id="6478">
                <coordinates>8.174589003218484,49.36435778620306,0.0</coordinates>
            </Point>
        </Placemark>
        <Placemark id="6481">
            <name>Bahnstraße</name>
            <description>Tiefe: 30–50 cm</description>
            <Point id="6480">
                <coordinates>8.193063599999999,49.401377350000004,0.0</coordinates>
            </Point>
        </Placemark>
        <Placemark id="6483">
            <name>Bahnstraße</name>
            <description>Tiefe: 30–50 cm</description>
            <Point id="6482">
                <coordinates>8.193131474562268,49.402104841219504,0.0</coordinates>
            </Point>
        </Placemark>
        <Placemark id="6485">
            <name>Hauptstraße</name>
            <description>Tiefe: 30–50 cm</description>
            <Point id="6484">
                <coordinates>8.19589805,49.399369,0.0</coordinates>
            </Point>
        </Placemark>
        <Placemark id="6487">
            <name>Hauptstraße</name>
            <description>Tiefe: 30–50 cm</description>
            <Point id="6486">
                <coordinates>8.195200066869157,49.39940169594846,0.0</coordinates>
            </Point>
        </Placemark>
        <Placemark id="6489">
            <name>Am Wassergraben</name>
            <description>Tiefe: 50–100 cm</description>
            <Point id="6488">
                <coordinates>8.198949554290277,49.39683492829381,0.0</coordinates>
            </Point>
        </Placemark>
        <Placemark id="6491">
            <name>Im Linsenbusch</name>
            <description>Tiefe: 30–50 cm</description>
            <Point id="6490">
                <coordinates>8.2009869,49.405552150000005,0.0</coordinates>
            </Point>
        </Placemark>
        <Placemark id="6493">
            <name>Im Linsenbusch</name>
            <description>Tiefe: 30–50 cm</description>
            <Point id="6492">
                <coordinates>8.200932300000002,49.40588795,0.0</coordinates>
            </Point>
        </Placemark>
        <Placemark id="6495">
            <name>Bürgermeister-Oberhettinger-Straße</name>
            <description>Tiefe: 30–50 cm</description>
            <Point id="6494">
                <coordinates>8.202318621318142,49.40601526110019,0.0</coordinates>
            </Point>
        </Placemark>
        <Placemark id="6497">
            <name>Marktstraße</name>
            <description>Tiefe: 50–100 cm</description>
            <Point id="6496">
                <coordinates>8.068707789272288,49.370544192057174,0.0</coordinates>
            </Point>
        </Placemark>
        <Placemark id="6499">
            <name>Marktstraße</name>
            <description>Tiefe: 50–100 cm</description>
            <Point id="6498">
                <coordinates>8.068827108494173,49.37065224738426,0.0</coordinates>
            </Point>
        </Placemark>
        <Placemark id="6501">
            <name>Fischerstraße</name>
            <description>Tiefe: 30–50 cm</description>
            <Point id="6500">
                <coordinates>8.068543682356337,49.37075274081322,0.0</coordinates>
            </Point>
        </Placemark>
        <Placemark id="6503">
            <name>Blainviller Straße</name>
            <description>Tiefe: 30–50 cm</description>
            <Point id="6502">
                <coordinates>8.07426115,49.36953045,0.0</coordinates>
            </Point>
        </Placemark>
        <Placemark id="6505">
            <name>Ägyptenpfad</name>
            <description>Tiefe: 30–50 cm</description>
            <Point id="6504">
                <coordinates>8.13772939350273,49.35089182487683,0.0</coordinates>
            </Point>
        </Placemark>
    </Document>
</kml>
